2026-06-05 08:06:56,704 [MainThread] INFO mulder.server.app: Mulder MCP server ready (db_dir=/home/mulder/.mulder/cases)
2026-06-05 08:06:56,725 [MainThread] INFO mcp.server.lowlevel.server: Processing request of type ListToolsRequest
2026-06-05 08:06:56,728 [MainThread] INFO mcp.server.lowlevel.server: Processing request of type ListPromptsRequest
2026-06-05 08:06:56,729 [MainThread] INFO mcp.server.lowlevel.server: Processing request of type ListResourcesRequest
2026-06-05 08:07:02,795 [MainThread] INFO mcp.server.lowlevel.server: Processing request of type CallToolRequest
2026-06-05 08:07:02,799 [AnyIO worker thread] INFO mulder.server.app: Creating empty case database for 'szechuan' ...
2026-06-05 08:07:02,855 [AnyIO worker thread] INFO mulder.server.app: Server context ready for case 'szechuan'
2026-06-05 08:07:32,194 [MainThread] INFO mcp.server.lowlevel.server: Processing request of type CallToolRequest
2026-06-05 08:07:32,217 [mulder-job_2] INFO mulder.server.app: Resource throttle: extract_archive waiting (cpu=100%>=90.0%, waited 0s)
2026-06-05 08:07:32,222 [AnyIO worker thread] INFO mulder.server.jobs: Submitted batch bg_62597e53 with 11 jobs: ['extract_archive', 'extract_archive', 'extract_archive', 'extract_archive', 'extract_archive', 'extract_archive', 'extract_archive', 'extract_archive', 'extract_archive', 'extract_archive', 'extract_archive']
2026-06-05 08:07:32,260 [mulder-job_7] INFO mulder.server.jobs: Job job_e52d46b0 (extract_archive) completed
2026-06-05 08:07:32,261 [mulder-job_7] INFO mulder.server.jobs: [JOB_COMPLETE] extract_archive|completed|
2026-06-05 08:07:35,444 [mulder-job_1] INFO mulder.server.jobs: Job job_e51c0f64 (extract_archive) completed
2026-06-05 08:07:35,445 [mulder-job_1] INFO mulder.server.jobs: [JOB_COMPLETE] extract_archive|completed|
2026-06-05 08:07:35,726 [mulder-job_6] INFO mulder.server.jobs: Job job_a7a054fb (extract_archive) completed
2026-06-05 08:07:35,727 [mulder-job_6] INFO mulder.server.jobs: [JOB_COMPLETE] extract_archive|completed|
2026-06-05 08:07:37,272 [mulder-job_2] INFO mulder.server.jobs: Job job_2dd8ed90 (extract_archive) completed
2026-06-05 08:07:37,273 [mulder-job_2] INFO mulder.server.jobs: [JOB_COMPLETE] extract_archive|completed|
2026-06-05 08:07:37,709 [MainThread] INFO mcp.server.lowlevel.server: Processing request of type CallToolRequest
2026-06-05 08:07:42,044 [mulder-job_6] INFO mulder.server.jobs: Job job_5c2ee4b3 (extract_archive) completed
2026-06-05 08:07:42,045 [mulder-job_6] INFO mulder.server.jobs: [JOB_COMPLETE] extract_archive|completed|
2026-06-05 08:07:57,238 [mulder-job_4] INFO mulder.server.jobs: Job job_6139975b (extract_archive) completed
2026-06-05 08:07:57,247 [mulder-job_4] INFO mulder.server.jobs: [JOB_COMPLETE] extract_archive|completed|
2026-06-05 08:08:01,215 [mulder-job_1] INFO mulder.server.jobs: Job job_ea4efedc (extract_archive) completed
2026-06-05 08:08:01,223 [mulder-job_1] INFO mulder.server.jobs: [JOB_COMPLETE] extract_archive|completed|
2026-06-05 08:08:14,890 [mulder-job_3] INFO mulder.server.jobs: Job job_133cce50 (extract_archive) completed
2026-06-05 08:08:14,892 [mulder-job_3] INFO mulder.server.jobs: [JOB_COMPLETE] extract_archive|completed|
2026-06-05 08:08:17,497 [mulder-job_7] INFO mulder.server.jobs: Job job_58f38f34 (extract_archive) completed
2026-06-05 08:08:17,498 [mulder-job_7] INFO mulder.server.jobs: [JOB_COMPLETE] extract_archive|completed|
2026-06-05 08:08:29,484 [mulder-job_0] INFO mulder.server.jobs: Job job_269d3820 (extract_archive) completed
2026-06-05 08:08:29,485 [mulder-job_0] INFO mulder.server.jobs: [JOB_COMPLETE] extract_archive|completed|
2026-06-05 08:08:37,961 [mulder-job_5] INFO mulder.server.jobs: Job job_0398394b (extract_archive) completed
2026-06-05 08:08:37,963 [mulder-job_5] INFO mulder.server.jobs: [JOB_COMPLETE] extract_archive|completed|
2026-06-05 08:08:43,571 [MainThread] INFO mcp.server.lowlevel.server: Processing request of type CallToolRequest
2026-06-05 08:08:43,583 [MainThread] INFO mcp.server.lowlevel.server: Processing request of type CallToolRequest
2026-06-05 08:08:49,966 [MainThread] INFO mcp.server.lowlevel.server: Processing request of type CallToolRequest
2026-06-05 08:08:57,720 [MainThread] INFO mcp.server.lowlevel.server: Processing request of type CallToolRequest
2026-06-05 08:09:04,551 [MainThread] INFO mcp.server.lowlevel.server: Processing request of type CallToolRequest
2026-06-05 08:09:10,370 [MainThread] INFO mcp.server.lowlevel.server: Processing request of type CallToolRequest
2026-06-05 08:09:22,867 [MainThread] INFO mcp.server.lowlevel.server: Processing request of type CallToolRequest
2026-06-05 08:09:22,887 [MainThread] INFO mcp.server.lowlevel.server: Processing request of type CallToolRequest
2026-06-05 08:09:40,592 [MainThread] INFO mcp.server.lowlevel.server: Processing request of type CallToolRequest
2026-06-05 08:09:57,637 [MainThread] INFO mulder.server.app: Mulder MCP server ready (db_dir=/home/mulder/.mulder/cases)
2026-06-05 08:09:57,637 [MainThread] INFO mulder.server.app: Mulder MCP server ready (db_dir=/home/mulder/.mulder/cases)
2026-06-05 08:09:57,663 [MainThread] INFO mcp.server.lowlevel.server: Processing request of type ListToolsRequest
2026-06-05 08:09:57,663 [MainThread] INFO mcp.server.lowlevel.server: Processing request of type ListToolsRequest
2026-06-05 08:09:57,666 [MainThread] INFO mcp.server.lowlevel.server: Processing request of type ListPromptsRequest
2026-06-05 08:09:57,666 [MainThread] INFO mcp.server.lowlevel.server: Processing request of type ListPromptsRequest
2026-06-05 08:09:57,667 [MainThread] INFO mcp.server.lowlevel.server: Processing request of type ListResourcesRequest
2026-06-05 08:09:57,667 [MainThread] INFO mcp.server.lowlevel.server: Processing request of type ListResourcesRequest
2026-06-05 08:10:20,381 [MainThread] INFO mcp.server.lowlevel.server: Processing request of type CallToolRequest
2026-06-05 08:10:23,055 [MainThread] INFO mcp.server.lowlevel.server: Processing request of type CallToolRequest
2026-06-05 08:10:25,618 [MainThread] INFO mcp.server.lowlevel.server: Processing request of type CallToolRequest
2026-06-05 08:10:27,598 [MainThread] INFO mcp.server.lowlevel.server: Processing request of type CallToolRequest
2026-06-05 08:10:27,600 [AnyIO worker thread] WARNING mulder.server.tools.case: Overriding requested case_id 'DC01' with MULDER_CASE_ID='szechuan'
2026-06-05 08:10:27,633 [AnyIO worker thread] INFO mulder.server.app: Server context ready for case 'szechuan'
2026-06-05 08:10:29,887 [MainThread] INFO mcp.server.lowlevel.server: Processing request of type CallToolRequest
2026-06-05 08:10:29,889 [AnyIO worker thread] INFO mulder.server.app: Opening case database for 'szechuan' ...
2026-06-05 08:10:29,896 [AnyIO worker thread] INFO mulder.server.app: Server context ready for case 'szechuan'
2026-06-05 08:10:38,155 [MainThread] INFO mcp.server.lowlevel.server: Processing request of type CallToolRequest
2026-06-05 08:10:38,159 [AnyIO worker thread] INFO mulder.server.app: Opening case database for 'szechuan' ...
2026-06-05 08:10:38,167 [AnyIO worker thread] INFO mulder.server.app: Server context ready for case 'szechuan'
2026-06-05 08:11:04,298 [MainThread] INFO mulder.server.app: Mulder MCP server ready (db_dir=/home/mulder/.mulder/cases)
2026-06-05 08:11:04,315 [MainThread] INFO mcp.server.lowlevel.server: Processing request of type ListToolsRequest
2026-06-05 08:11:04,317 [MainThread] INFO mcp.server.lowlevel.server: Processing request of type ListPromptsRequest
2026-06-05 08:11:04,318 [MainThread] INFO mcp.server.lowlevel.server: Processing request of type ListResourcesRequest
2026-06-05 08:11:11,458 [MainThread] INFO mcp.server.lowlevel.server: Processing request of type CallToolRequest
2026-06-05 08:11:16,102 [MainThread] INFO mcp.server.lowlevel.server: Processing request of type CallToolRequest
2026-06-05 08:11:16,108 [AnyIO worker thread] INFO mulder.server.app: Opening case database for 'szechuan' ...
2026-06-05 08:11:16,117 [AnyIO worker thread] INFO mulder.server.app: Server context ready for case 'szechuan'
2026-06-05 08:11:17,863 [MainThread] INFO mulder.server.app: Mulder MCP server ready (db_dir=/home/mulder/.mulder/cases)
2026-06-05 08:11:17,879 [MainThread] INFO mcp.server.lowlevel.server: Processing request of type ListToolsRequest
2026-06-05 08:11:17,882 [MainThread] INFO mcp.server.lowlevel.server: Processing request of type ListPromptsRequest
2026-06-05 08:11:17,882 [MainThread] INFO mcp.server.lowlevel.server: Processing request of type ListResourcesRequest
2026-06-05 08:11:21,939 [MainThread] INFO mcp.server.lowlevel.server: Processing request of type CallToolRequest
2026-06-05 08:11:27,094 [MainThread] INFO mcp.server.lowlevel.server: Processing request of type CallToolRequest
2026-06-05 08:11:31,292 [MainThread] INFO mcp.server.lowlevel.server: Processing request of type CallToolRequest
2026-06-05 08:11:32,840 [MainThread] INFO mcp.server.lowlevel.server: Processing request of type CallToolRequest
2026-06-05 08:11:32,855 [AnyIO worker thread] INFO mulder.server.jobs: Submitted batch bg_e1b43f98 with 4 jobs: ['run_volatility_batch', 'yara_scan_memory', 'run_strings', 'run_bulk_extractor']
2026-06-05 08:11:32,873 [mulder-job_1] INFO mulder.server.tools.yara: No Volatility sources indexed yet; found memory dump via filesystem scan: /home/mulder/.mulder/cases/extracted/DC01-memory/citadeldc01.mem
2026-06-05 08:11:32,880 [mulder-job_1] INFO mulder.server.tools.yara: Updated YARA rules: signature-base
2026-06-05 08:11:33,363 [mulder-job_0] INFO mulder.server.tools.extract.volatility: Volatility batch: context built for '/home/mulder/.mulder/cases/extracted/DESKTOP-SDN1RPT-memory/DESKTOP-SDN1RPT.mem', running 17 plugins (timeout=600s)
2026-06-05 08:11:33,365 [ThreadPoolExecutor-0_0] INFO volatility3.framework.automagic: Running automagic: SymbolCacheMagic
2026-06-05 08:11:33,391 [ThreadPoolExecutor-0_0] INFO volatility3.framework.automagic: Running automagic: ConstructionMagic
2026-06-05 08:11:33,409 [ThreadPoolExecutor-0_0] INFO volatility3.framework.automagic: Running automagic: LayerStacker
2026-06-05 08:11:33,451 [ThreadPoolExecutor-0_0] INFO volatility3.framework.automagic.linux: No Linux banners found - if this is a linux plugin, please check your symbol files location
2026-06-05 08:11:33,453 [ThreadPoolExecutor-0_0] INFO volatility3.framework.automagic.linux: No Linux banners found - if this is a linux plugin, please check your symbol files location
2026-06-05 08:11:33,453 [ThreadPoolExecutor-0_0] INFO volatility3.framework.automagic.mac: No Mac banners found - if this is a mac plugin, please check your symbol files location
2026-06-05 08:11:33,496 [ThreadPoolExecutor-0_0] INFO volatility3.framework.automagic: Running automagic: WinSwapLayers
2026-06-05 08:11:33,497 [ThreadPoolExecutor-0_0] INFO volatility3.framework.automagic: Running automagic: KernelPDBScanner
2026-06-05 08:11:33,565 [ThreadPoolExecutor-0_0] INFO volatility3.framework.symbols.windows.pdbconv: Download PDB file...
2026-06-05 08:11:35,354 [MainThread] INFO mcp.server.lowlevel.server: Processing request of type CallToolRequest
2026-06-05 08:11:35,368 [AnyIO worker thread] INFO mulder.server.app: Opening case database for 'szechuan' ...
2026-06-05 08:11:35,397 [AnyIO worker thread] INFO mulder.server.app: Server context ready for case 'szechuan'
2026-06-05 08:11:39,646 [MainThread] INFO mcp.server.lowlevel.server: Processing request of type CallToolRequest
2026-06-05 08:11:41,490 [mulder-job_1] INFO mulder.server.tools.yara: YARA rule validation: 731/744 files valid (individual)
2026-06-05 08:11:41,845 [MainThread] INFO mcp.server.lowlevel.server: Processing request of type CallToolRequest
2026-06-05 08:11:41,847 [MainThread] INFO mulder.server.app: Resource throttle: extract_archive waiting (cpu=93%>=90.0%, waited 0s)
2026-06-05 08:11:41,850 [MainThread] INFO mulder.server.app: Resource throttle: extract_archive waiting (cpu=100%>=90.0%, waited 0s)
2026-06-05 08:11:55,257 [ThreadPoolExecutor-0_0] INFO volatility3.framework.automagic: Running automagic: SymbolFinder
2026-06-05 08:11:55,258 [ThreadPoolExecutor-0_0] INFO volatility3.framework.automagic: Running automagic: LinuxSymbolFinder
2026-06-05 08:11:55,259 [ThreadPoolExecutor-0_0] INFO volatility3.framework.automagic: Running automagic: MacSymbolFinder
2026-06-05 08:11:55,259 [ThreadPoolExecutor-0_0] INFO volatility3.framework.automagic: Running automagic: KernelModule
2026-06-05 08:11:56,976 [mulder-job_0] INFO mulder.server.tools.extract.volatility: Volatility batch: pslist -> indexed
2026-06-05 08:11:56,982 [ThreadPoolExecutor-1_0] INFO volatility3.framework.automagic: Running automagic: SymbolCacheMagic
2026-06-05 08:11:56,987 [MainThread] INFO mcp.server.lowlevel.server: Processing request of type CallToolRequest
2026-06-05 08:11:57,000 [mulder-job_1] INFO mulder.server.app: Resource throttle: run_mmls waiting (cpu=100%>=90.0%, waited 0s)
2026-06-05 08:11:57,002 [AnyIO worker thread] INFO mulder.server.jobs: Submitted batch bg_199782b3 with 6 jobs: ['run_volatility_batch', 'run_mmls', 'run_fls', 'run_bulk_extractor', 'run_strings', 'yara_scan_memory']
2026-06-05 08:11:57,021 [mulder-job_5] INFO mulder.server.tools.yara: Updated YARA rules: signature-base
2026-06-05 08:11:57,033 [ThreadPoolExecutor-1_0] INFO volatility3.framework.automagic: Running automagic: ConstructionMagic
2026-06-05 08:11:57,042 [ThreadPoolExecutor-1_0] INFO volatility3.framework.automagic: Running automagic: LayerStacker
2026-06-05 08:11:57,043 [ThreadPoolExecutor-1_0] INFO volatility3.framework.automagic: Running automagic: WinSwapLayers
2026-06-05 08:11:57,044 [ThreadPoolExecutor-1_0] INFO volatility3.framework.automagic: Running automagic: KernelPDBScanner
2026-06-05 08:11:57,097 [ThreadPoolExecutor-1_0] INFO volatility3.framework.symbols.windows.pdbconv: Download PDB file...
2026-06-05 08:11:57,359 [mulder-job_2] INFO mulder.server.tools.extract.tsk: run_fls: offset 0 failed, retrying with mmls-detected offset 718848
2026-06-05 08:11:57,453 [mulder-job_0] INFO mulder.server.tools.extract.volatility: Volatility batch: context built for '/home/mulder/.mulder/cases/extracted/DC01-memory/citadeldc01.mem', running 17 plugins (timeout=600s)
2026-06-05 08:11:57,458 [ThreadPoolExecutor-0_0] INFO volatility3.framework.automagic: Running automagic: SymbolCacheMagic
2026-06-05 08:11:57,504 [ThreadPoolExecutor-0_0] INFO volatility3.framework.automagic: Running automagic: ConstructionMagic
2026-06-05 08:11:57,521 [ThreadPoolExecutor-0_0] INFO volatility3.framework.automagic: Running automagic: LayerStacker
2026-06-05 08:11:57,625 [ThreadPoolExecutor-0_0] INFO volatility3.framework.automagic.linux: No Linux banners found - if this is a linux plugin, please check your symbol files location
2026-06-05 08:11:57,628 [ThreadPoolExecutor-0_0] INFO volatility3.framework.automagic.linux: No Linux banners found - if this is a linux plugin, please check your symbol files location
2026-06-05 08:11:57,631 [ThreadPoolExecutor-0_0] INFO volatility3.framework.automagic.mac: No Mac banners found - if this is a mac plugin, please check your symbol files location
2026-06-05 08:11:57,687 [ThreadPoolExecutor-0_0] INFO volatility3.framework.automagic: Running automagic: WinSwapLayers
2026-06-05 08:11:57,688 [ThreadPoolExecutor-0_0] INFO volatility3.framework.automagic: Running automagic: KernelPDBScanner
2026-06-05 08:11:57,742 [ThreadPoolExecutor-0_0] INFO volatility3.framework.symbols.windows.pdbconv: Download PDB file...
2026-06-05 08:12:02,030 [mulder-job_1] INFO mulder.server.app: Resource throttle: run_mmls waiting (cpu=96%>=90.0%, waited 5s)
2026-06-05 08:12:03,221 [MainThread] INFO mcp.server.lowlevel.server: Processing request of type CallToolRequest
2026-06-05 08:12:03,258 [MainThread] INFO mulder.server.app: Resource throttle: wait waiting (cpu=96%>=90.0%, waited 0s)
2026-06-05 08:12:06,993 [mulder-job_2] INFO mulder.server.jobs: Job job_145e4413 (run_strings) completed
2026-06-05 08:12:07,004 [mulder-job_2] INFO mulder.server.jobs: [JOB_COMPLETE] run_strings|completed|
2026-06-05 08:12:07,096 [mulder-job_1] INFO mulder.server.app: Resource throttle: run_mmls waiting (cpu=100%>=90.0%, waited 10s)
2026-06-05 08:12:08,155 [mulder-job_5] INFO mulder.server.tools.yara: YARA rule validation: 731/744 files valid (individual)
2026-06-05 08:12:08,266 [MainThread] INFO mulder.server.app: Resource throttle: wait waiting (cpu=100%>=90.0%, waited 5s)
2026-06-05 08:12:10,014 [mulder-job_4] INFO mulder.server.jobs: Job job_7bcdc28e (run_strings) completed
2026-06-05 08:12:10,021 [mulder-job_4] INFO mulder.server.jobs: [JOB_COMPLETE] run_strings|completed|
2026-06-05 08:12:12,126 [mulder-job_1] INFO mulder.server.app: Resource throttle: run_mmls waiting (cpu=100%>=90.0%, waited 15s)
2026-06-05 08:12:13,441 [MainThread] INFO mulder.server.app: Resource throttle: wait waiting (cpu=100%>=90.0%, waited 10s)
2026-06-05 08:12:17,129 [mulder-job_1] INFO mulder.server.app: Resource throttle: run_mmls waiting (cpu=100%>=90.0%, waited 20s)
2026-06-05 08:12:18,458 [MainThread] INFO mulder.server.app: Resource throttle: wait waiting (cpu=100%>=90.0%, waited 15s)
2026-06-05 08:12:19,508 [ThreadPoolExecutor-0_0] INFO volatility3.framework.automagic: Running automagic: SymbolFinder
2026-06-05 08:12:19,513 [ThreadPoolExecutor-0_0] INFO volatility3.framework.automagic: Running automagic: LinuxSymbolFinder
2026-06-05 08:12:19,513 [ThreadPoolExecutor-0_0] INFO volatility3.framework.automagic: Running automagic: MacSymbolFinder
2026-06-05 08:12:19,514 [ThreadPoolExecutor-0_0] INFO volatility3.framework.automagic: Running automagic: KernelModule
2026-06-05 08:12:19,751 [mulder-job_0] INFO mulder.server.tools.extract.volatility: Volatility batch: pslist -> indexed
2026-06-05 08:12:19,753 [ThreadPoolExecutor-1_0] INFO volatility3.framework.automagic: Running automagic: SymbolCacheMagic
2026-06-05 08:12:19,789 [ThreadPoolExecutor-1_0] INFO volatility3.framework.automagic: Running automagic: ConstructionMagic
2026-06-05 08:12:19,796 [ThreadPoolExecutor-1_0] INFO volatility3.framework.automagic: Running automagic: LayerStacker
2026-06-05 08:12:19,800 [ThreadPoolExecutor-1_0] INFO volatility3.framework.automagic: Running automagic: WinSwapLayers
2026-06-05 08:12:19,801 [ThreadPoolExecutor-1_0] INFO volatility3.framework.automagic: Running automagic: KernelPDBScanner
2026-06-05 08:12:19,852 [ThreadPoolExecutor-1_0] INFO volatility3.framework.symbols.windows.pdbconv: Download PDB file...
2026-06-05 08:12:22,174 [mulder-job_1] INFO mulder.server.app: Resource throttle: run_mmls waiting (cpu=100%>=90.0%, waited 25s)
2026-06-05 08:12:23,473 [MainThread] INFO mulder.server.app: Resource throttle: wait waiting (cpu=100%>=90.0%, waited 20s)
2026-06-05 08:12:27,194 [mulder-job_1] INFO mulder.server.app: Resource throttle: run_mmls waiting (cpu=100%>=90.0%, waited 30s)
2026-06-05 08:12:28,489 [MainThread] INFO mulder.server.app: Resource throttle: wait waiting (cpu=100%>=90.0%, waited 25s)
2026-06-05 08:12:32,212 [mulder-job_1] INFO mulder.server.app: Resource throttle: run_mmls waiting (cpu=100%>=90.0%, waited 35s)
2026-06-05 08:12:33,507 [MainThread] INFO mulder.server.app: Resource throttle: wait waiting (cpu=100%>=90.0%, waited 30s)
2026-06-05 08:12:33,636 [ThreadPoolExecutor-1_0] INFO volatility3.framework.automagic: Running automagic: SymbolFinder
2026-06-05 08:12:33,638 [ThreadPoolExecutor-1_0] INFO volatility3.framework.automagic: Running automagic: LinuxSymbolFinder
2026-06-05 08:12:33,639 [ThreadPoolExecutor-1_0] INFO volatility3.framework.automagic: Running automagic: MacSymbolFinder
2026-06-05 08:12:33,639 [ThreadPoolExecutor-1_0] INFO volatility3.framework.automagic: Running automagic: KernelModule
2026-06-05 08:12:37,213 [mulder-job_1] INFO mulder.server.app: Resource throttle: run_mmls waiting (cpu=100%>=90.0%, waited 40s)
2026-06-05 08:12:38,523 [MainThread] INFO mulder.server.app: Resource throttle: wait waiting (cpu=100%>=90.0%, waited 35s)
2026-06-05 08:12:38,736 [mulder-job_0] INFO mulder.server.tools.extract.volatility: Volatility batch: pstree -> indexed
2026-06-05 08:12:38,741 [ThreadPoolExecutor-2_0] INFO volatility3.framework.automagic: Running automagic: SymbolCacheMagic
2026-06-05 08:12:38,773 [ThreadPoolExecutor-2_0] INFO volatility3.framework.automagic: Running automagic: ConstructionMagic
2026-06-05 08:12:38,779 [ThreadPoolExecutor-2_0] INFO volatility3.framework.automagic: Running automagic: LayerStacker
2026-06-05 08:12:38,784 [ThreadPoolExecutor-2_0] INFO volatility3.framework.automagic: Running automagic: WinSwapLayers
2026-06-05 08:12:38,784 [ThreadPoolExecutor-2_0] INFO volatility3.framework.automagic: Running automagic: KernelPDBScanner
2026-06-05 08:12:38,819 [ThreadPoolExecutor-2_0] INFO volatility3.framework.symbols.windows.pdbconv: Download PDB file...
2026-06-05 08:12:40,030 [mulder-job_2] INFO mulder.server.tools.extract.tsk: Indexed secondary partition tsk.filelist.p1: offset=2048, desc=ntfs / exfat (0x07)
2026-06-05 08:12:40,074 [mulder-job_2] INFO mulder.server.jobs: Job job_b6f06583 (run_fls) completed
2026-06-05 08:12:40,080 [mulder-job_2] INFO mulder.server.jobs: [JOB_COMPLETE] run_fls|completed|
2026-06-05 08:12:40,627 [ThreadPoolExecutor-1_0] INFO volatility3.framework.automagic: Running automagic: SymbolFinder
2026-06-05 08:12:40,629 [ThreadPoolExecutor-1_0] INFO volatility3.framework.automagic: Running automagic: LinuxSymbolFinder
2026-06-05 08:12:40,629 [ThreadPoolExecutor-1_0] INFO volatility3.framework.automagic: Running automagic: MacSymbolFinder
2026-06-05 08:12:40,630 [ThreadPoolExecutor-1_0] INFO volatility3.framework.automagic: Running automagic: KernelModule
2026-06-05 08:12:41,600 [mulder-job_0] INFO mulder.server.tools.extract.volatility: Volatility batch: pstree -> indexed
2026-06-05 08:12:41,605 [ThreadPoolExecutor-2_0] INFO volatility3.framework.automagic: Running automagic: SymbolCacheMagic
2026-06-05 08:12:41,643 [ThreadPoolExecutor-2_0] INFO volatility3.framework.automagic: Running automagic: ConstructionMagic
2026-06-05 08:12:41,651 [ThreadPoolExecutor-2_0] INFO volatility3.framework.automagic: Running automagic: LayerStacker
2026-06-05 08:12:41,656 [ThreadPoolExecutor-2_0] INFO volatility3.framework.automagic: Running automagic: WinSwapLayers
2026-06-05 08:12:41,660 [ThreadPoolExecutor-2_0] INFO volatility3.framework.automagic: Running automagic: KernelPDBScanner
2026-06-05 08:12:41,744 [ThreadPoolExecutor-2_0] INFO volatility3.framework.symbols.windows.pdbconv: Download PDB file...
2026-06-05 08:12:42,235 [mulder-job_1] INFO mulder.server.app: Resource throttle: run_mmls waiting (cpu=100%>=90.0%, waited 45s)
2026-06-05 08:12:43,638 [MainThread] INFO mulder.server.app: Resource throttle: wait waiting (cpu=100%>=90.0%, waited 40s)
2026-06-05 08:12:47,288 [mulder-job_1] INFO mulder.server.app: Resource throttle: run_mmls waiting (cpu=100%>=90.0%, waited 50s)
2026-06-05 08:12:48,845 [MainThread] INFO mulder.server.app: Resource throttle: wait waiting (cpu=100%>=90.0%, waited 45s)
2026-06-05 08:12:52,211 [mulder-job_3] INFO mulder.server.jobs: Job job_1b5566c3 (run_bulk_extractor) completed
2026-06-05 08:12:52,217 [mulder-job_3] INFO mulder.server.jobs: [JOB_COMPLETE] run_bulk_extractor|completed|
2026-06-05 08:12:52,308 [mulder-job_1] INFO mulder.server.app: Resource throttle: run_mmls waiting (cpu=100%>=90.0%, waited 55s)
2026-06-05 08:12:53,887 [MainThread] INFO mulder.server.app: Resource throttle: wait waiting (cpu=100%>=90.0%, waited 50s)
2026-06-05 08:12:55,546 [mulder-job_1] INFO mulder.server.jobs: Job job_e9a1b73f (yara_scan_memory) completed
2026-06-05 08:12:55,562 [mulder-job_1] INFO mulder.server.jobs: [JOB_COMPLETE] yara_scan_memory|completed|
2026-06-05 08:12:57,316 [mulder-job_1] INFO mulder.server.app: Resource throttle: run_mmls waiting (cpu=100%>=90.0%, waited 60s)
2026-06-05 08:12:58,922 [MainThread] INFO mulder.server.app: Resource throttle: wait waiting (cpu=100%>=90.0%, waited 55s)
2026-06-05 08:13:01,044 [ThreadPoolExecutor-2_0] INFO volatility3.framework.automagic: Running automagic: SymbolFinder
2026-06-05 08:13:01,049 [ThreadPoolExecutor-2_0] INFO volatility3.framework.automagic: Running automagic: LinuxSymbolFinder
2026-06-05 08:13:01,049 [ThreadPoolExecutor-2_0] INFO volatility3.framework.automagic: Running automagic: MacSymbolFinder
2026-06-05 08:13:01,050 [ThreadPoolExecutor-2_0] INFO volatility3.framework.automagic: Running automagic: KernelModule
2026-06-05 08:13:02,183 [mulder-job_0] INFO mulder.server.tools.extract.volatility: Volatility batch: cmdline -> indexed
2026-06-05 08:13:02,185 [ThreadPoolExecutor-3_0] INFO volatility3.framework.automagic: Running automagic: SymbolCacheMagic
2026-06-05 08:13:02,216 [ThreadPoolExecutor-3_0] INFO volatility3.framework.automagic: Running automagic: ConstructionMagic
2026-06-05 08:13:02,226 [ThreadPoolExecutor-3_0] INFO volatility3.framework.automagic: Running automagic: LayerStacker
2026-06-05 08:13:02,230 [ThreadPoolExecutor-3_0] INFO volatility3.framework.automagic: Running automagic: WinSwapLayers
2026-06-05 08:13:02,234 [ThreadPoolExecutor-3_0] INFO volatility3.framework.automagic: Running automagic: KernelPDBScanner
2026-06-05 08:13:02,277 [ThreadPoolExecutor-3_0] INFO volatility3.framework.symbols.windows.pdbconv: Download PDB file...
2026-06-05 08:13:02,317 [mulder-job_1] INFO mulder.server.app: Resource throttle: run_mmls waiting (cpu=100%>=90.0%, waited 65s)
2026-06-05 08:13:03,945 [MainThread] INFO mulder.server.app: Resource throttle: wait waiting (cpu=100%>=90.0%, waited 60s)
2026-06-05 08:13:07,328 [mulder-job_1] INFO mulder.server.app: Resource throttle: run_mmls waiting (cpu=100%>=90.0%, waited 70s)
2026-06-05 08:13:08,267 [ThreadPoolExecutor-2_0] INFO volatility3.framework.automagic: Running automagic: SymbolFinder
2026-06-05 08:13:08,269 [ThreadPoolExecutor-2_0] INFO volatility3.framework.automagic: Running automagic: LinuxSymbolFinder
2026-06-05 08:13:08,269 [ThreadPoolExecutor-2_0] INFO volatility3.framework.automagic: Running automagic: MacSymbolFinder
2026-06-05 08:13:08,270 [ThreadPoolExecutor-2_0] INFO volatility3.framework.automagic: Running automagic: KernelModule
2026-06-05 08:13:08,630 [mulder-job_0] INFO mulder.server.tools.extract.volatility: Volatility batch: cmdline -> indexed
2026-06-05 08:13:08,634 [ThreadPoolExecutor-3_0] INFO volatility3.framework.automagic: Running automagic: SymbolCacheMagic
2026-06-05 08:13:08,671 [ThreadPoolExecutor-3_0] INFO volatility3.framework.automagic: Running automagic: ConstructionMagic
2026-06-05 08:13:08,684 [ThreadPoolExecutor-3_0] INFO volatility3.framework.automagic: Running automagic: LayerStacker
2026-06-05 08:13:08,689 [ThreadPoolExecutor-3_0] INFO volatility3.framework.automagic: Running automagic: WinSwapLayers
2026-06-05 08:13:08,690 [ThreadPoolExecutor-3_0] INFO volatility3.framework.automagic: Running automagic: KernelPDBScanner
2026-06-05 08:13:08,716 [ThreadPoolExecutor-3_0] INFO volatility3.framework.symbols.windows.pdbconv: Download PDB file...
2026-06-05 08:13:08,952 [MainThread] INFO mulder.server.app: Resource throttle: wait waiting (cpu=100%>=90.0%, waited 65s)
2026-06-05 08:13:12,346 [mulder-job_1] INFO mulder.server.app: Resource throttle: run_mmls waiting (cpu=100%>=90.0%, waited 75s)
2026-06-05 08:13:13,969 [MainThread] INFO mulder.server.app: Resource throttle: wait waiting (cpu=100%>=90.0%, waited 70s)
2026-06-05 08:13:17,356 [mulder-job_1] INFO mulder.server.app: Resource throttle: run_mmls waiting (cpu=100%>=90.0%, waited 80s)
2026-06-05 08:13:19,026 [MainThread] INFO mulder.server.app: Resource throttle: wait waiting (cpu=100%>=90.0%, waited 75s)
2026-06-05 08:13:20,502 [ThreadPoolExecutor-3_0] INFO volatility3.framework.automagic: Running automagic: SymbolFinder
2026-06-05 08:13:20,503 [ThreadPoolExecutor-3_0] INFO volatility3.framework.automagic: Running automagic: LinuxSymbolFinder
2026-06-05 08:13:20,507 [ThreadPoolExecutor-3_0] INFO volatility3.framework.automagic: Running automagic: MacSymbolFinder
2026-06-05 08:13:20,507 [ThreadPoolExecutor-3_0] INFO volatility3.framework.automagic: Running automagic: KernelModule
2026-06-05 08:13:22,365 [mulder-job_1] INFO mulder.server.app: Resource throttle: run_mmls waiting (cpu=100%>=90.0%, waited 85s)
2026-06-05 08:13:23,519 [mulder-job_5] INFO mulder.server.jobs: Job job_3f232dc2 (yara_scan_memory) completed
2026-06-05 08:13:23,521 [mulder-job_5] INFO mulder.server.jobs: [JOB_COMPLETE] yara_scan_memory|completed|
2026-06-05 08:13:24,765 [MainThread] INFO mulder.server.app: Resource throttle: wait waiting (cpu=100%>=90.0%, waited 80s)
2026-06-05 08:13:27,368 [mulder-job_1] INFO mulder.server.app: Resource throttle: run_mmls waiting (cpu=100%>=90.0%, waited 90s)
2026-06-05 08:13:29,795 [MainThread] INFO mulder.server.app: Resource throttle: wait waiting (cpu=100%>=90.0%, waited 85s)
2026-06-05 08:13:32,406 [mulder-job_1] INFO mulder.server.app: Resource throttle: run_mmls waiting (cpu=100%>=90.0%, waited 95s)
2026-06-05 08:13:34,616 [ThreadPoolExecutor-3_0] INFO volatility3.framework.automagic: Running automagic: SymbolFinder
2026-06-05 08:13:34,617 [ThreadPoolExecutor-3_0] INFO volatility3.framework.automagic: Running automagic: LinuxSymbolFinder
2026-06-05 08:13:34,618 [ThreadPoolExecutor-3_0] INFO volatility3.framework.automagic: Running automagic: MacSymbolFinder
2026-06-05 08:13:34,618 [ThreadPoolExecutor-3_0] INFO volatility3.framework.automagic: Running automagic: KernelModule
2026-06-05 08:13:34,862 [MainThread] INFO mulder.server.app: Resource throttle: wait waiting (cpu=100%>=90.0%, waited 90s)
2026-06-05 08:13:37,407 [mulder-job_1] INFO mulder.server.app: Resource throttle: run_mmls waiting (cpu=100%>=90.0%, waited 100s)
2026-06-05 08:13:39,868 [MainThread] INFO mulder.server.app: Resource throttle: wait waiting (cpu=100%>=90.0%, waited 95s)
2026-06-05 08:13:42,429 [mulder-job_1] INFO mulder.server.app: Resource throttle: run_mmls waiting (cpu=100%>=90.0%, waited 105s)
2026-06-05 08:13:44,899 [MainThread] INFO mulder.server.app: Resource throttle: wait waiting (cpu=100%>=90.0%, waited 100s)
2026-06-05 08:13:47,504 [mulder-job_1] INFO mulder.server.app: Resource throttle: run_mmls waiting (cpu=100%>=90.0%, waited 110s)
2026-06-05 08:13:49,913 [MainThread] INFO mulder.server.app: Resource throttle: wait waiting (cpu=100%>=90.0%, waited 105s)
2026-06-05 08:13:52,509 [mulder-job_1] INFO mulder.server.app: Resource throttle: run_mmls waiting (cpu=100%>=90.0%, waited 115s)
2026-06-05 08:13:54,977 [MainThread] INFO mulder.server.app: Resource throttle: wait waiting (cpu=100%>=90.0%, waited 110s)
2026-06-05 08:13:57,532 [mulder-job_1] INFO mulder.server.app: Resource throttle: run_mmls waiting (cpu=100%>=90.0%, waited 120s)
2026-06-05 08:14:00,003 [MainThread] INFO mulder.server.app: Resource throttle: wait waiting (cpu=100%>=90.0%, waited 115s)
2026-06-05 08:14:02,534 [mulder-job_1] INFO mulder.server.app: Resource throttle: run_mmls waiting (cpu=100%>=90.0%, waited 125s)
2026-06-05 08:14:02,802 [mulder-job_0] INFO mulder.server.tools.extract.volatility: Volatility batch: netscan -> indexed
2026-06-05 08:14:02,805 [ThreadPoolExecutor-4_0] INFO volatility3.framework.automagic: Running automagic: SymbolCacheMagic
2026-06-05 08:14:02,846 [ThreadPoolExecutor-4_0] INFO volatility3.framework.automagic: Running automagic: ConstructionMagic
2026-06-05 08:14:02,854 [ThreadPoolExecutor-4_0] INFO volatility3.framework.automagic: Running automagic: LayerStacker
2026-06-05 08:14:02,855 [ThreadPoolExecutor-4_0] INFO volatility3.framework.automagic: Running automagic: WinSwapLayers
2026-06-05 08:14:02,859 [ThreadPoolExecutor-4_0] INFO volatility3.framework.automagic: Running automagic: KernelPDBScanner
2026-06-05 08:14:02,919 [ThreadPoolExecutor-4_0] INFO volatility3.framework.symbols.windows.pdbconv: Download PDB file...
2026-06-05 08:14:05,622 [MainThread] INFO mulder.server.app: Resource throttle: wait waiting (cpu=100%>=90.0%, waited 120s)
2026-06-05 08:14:07,819 [mulder-job_1] INFO mulder.server.app: Resource throttle: run_mmls waiting (cpu=100%>=90.0%, waited 130s)
2026-06-05 08:14:10,666 [MainThread] INFO mulder.server.app: Resource throttle: wait waiting (cpu=100%>=90.0%, waited 125s)
2026-06-05 08:14:12,846 [mulder-job_1] INFO mulder.server.app: Resource throttle: run_mmls waiting (cpu=100%>=90.0%, waited 135s)
2026-06-05 08:14:15,711 [MainThread] INFO mulder.server.app: Resource throttle: wait waiting (cpu=100%>=90.0%, waited 130s)
2026-06-05 08:14:17,847 [mulder-job_1] INFO mulder.server.app: Resource throttle: run_mmls waiting (cpu=100%>=90.0%, waited 140s)
2026-06-05 08:14:20,483 [ThreadPoolExecutor-4_0] INFO volatility3.framework.automagic: Running automagic: SymbolFinder
2026-06-05 08:14:20,484 [ThreadPoolExecutor-4_0] INFO volatility3.framework.automagic: Running automagic: LinuxSymbolFinder
2026-06-05 08:14:20,488 [ThreadPoolExecutor-4_0] INFO volatility3.framework.automagic: Running automagic: MacSymbolFinder
2026-06-05 08:14:20,488 [ThreadPoolExecutor-4_0] INFO volatility3.framework.automagic: Running automagic: KernelModule
2026-06-05 08:14:20,726 [MainThread] INFO mulder.server.app: Resource throttle: wait waiting (cpu=100%>=90.0%, waited 135s)
2026-06-05 08:14:23,492 [mulder-job_1] INFO mulder.server.app: Resource throttle: run_mmls waiting (cpu=100%>=90.0%, waited 145s)
2026-06-05 08:14:25,740 [MainThread] INFO mulder.server.app: Resource throttle: wait waiting (cpu=100%>=90.0%, waited 140s)
2026-06-05 08:14:28,494 [mulder-job_1] INFO mulder.server.app: Resource throttle: run_mmls waiting (cpu=100%>=90.0%, waited 150s)
2026-06-05 08:14:30,747 [MainThread] INFO mulder.server.app: Resource throttle: wait waiting (cpu=100%>=90.0%, waited 145s)
2026-06-05 08:14:32,223 [mulder-job_0] INFO mulder.server.tools.extract.volatility: Volatility batch: malfind -> indexed
2026-06-05 08:14:32,226 [ThreadPoolExecutor-5_0] INFO volatility3.framework.automagic: Running automagic: SymbolCacheMagic
2026-06-05 08:14:32,255 [ThreadPoolExecutor-5_0] INFO volatility3.framework.automagic: Running automagic: ConstructionMagic
2026-06-05 08:14:32,260 [ThreadPoolExecutor-5_0] INFO volatility3.framework.automagic: Running automagic: LayerStacker
2026-06-05 08:14:32,264 [ThreadPoolExecutor-5_0] INFO volatility3.framework.automagic: Running automagic: WinSwapLayers
2026-06-05 08:14:32,268 [ThreadPoolExecutor-5_0] INFO volatility3.framework.automagic: Running automagic: KernelPDBScanner
2026-06-05 08:14:32,343 [ThreadPoolExecutor-5_0] INFO volatility3.framework.symbols.windows.pdbconv: Download PDB file...
2026-06-05 08:14:33,945 [mulder-job_1] INFO mulder.server.app: Resource throttle: run_mmls waiting (cpu=100%>=90.0%, waited 155s)
2026-06-05 08:14:35,767 [MainThread] INFO mulder.server.app: Resource throttle: wait waiting (cpu=100%>=90.0%, waited 150s)
2026-06-05 08:14:38,959 [mulder-job_1] INFO mulder.server.app: Resource throttle: run_mmls waiting (cpu=100%>=90.0%, waited 160s)
2026-06-05 08:14:40,794 [MainThread] INFO mulder.server.app: Resource throttle: wait waiting (cpu=97%>=90.0%, waited 155s)
2026-06-05 08:14:43,960 [mulder-job_1] INFO mulder.server.app: Resource throttle: run_mmls waiting (cpu=95%>=90.0%, waited 165s)
2026-06-05 08:14:45,809 [MainThread] INFO mulder.server.app: Resource throttle: wait waiting (cpu=98%>=90.0%, waited 160s)
2026-06-05 08:14:46,457 [ThreadPoolExecutor-5_0] INFO volatility3.framework.automagic: Running automagic: SymbolFinder
2026-06-05 08:14:46,458 [ThreadPoolExecutor-5_0] INFO volatility3.framework.automagic: Running automagic: LinuxSymbolFinder
2026-06-05 08:14:46,458 [ThreadPoolExecutor-5_0] INFO volatility3.framework.automagic: Running automagic: MacSymbolFinder
2026-06-05 08:14:46,459 [ThreadPoolExecutor-5_0] INFO volatility3.framework.automagic: Running automagic: KernelModule
2026-06-05 08:14:48,961 [mulder-job_1] INFO mulder.server.app: Resource throttle: run_mmls waiting (cpu=94%>=90.0%, waited 170s)
2026-06-05 08:14:51,780 [mulder-job_0] INFO mulder.server.tools.extract.volatility: Volatility batch: netscan -> indexed
2026-06-05 08:14:51,787 [ThreadPoolExecutor-4_0] INFO volatility3.framework.automagic: Running automagic: SymbolCacheMagic
2026-06-05 08:14:51,819 [ThreadPoolExecutor-4_0] INFO volatility3.framework.automagic: Running automagic: ConstructionMagic
2026-06-05 08:14:51,825 [ThreadPoolExecutor-4_0] INFO volatility3.framework.automagic: Running automagic: LayerStacker
2026-06-05 08:14:51,827 [ThreadPoolExecutor-4_0] INFO volatility3.framework.automagic: Running automagic: WinSwapLayers
2026-06-05 08:14:51,827 [ThreadPoolExecutor-4_0] INFO volatility3.framework.automagic: Running automagic: KernelPDBScanner
2026-06-05 08:14:51,853 [ThreadPoolExecutor-4_0] INFO volatility3.framework.symbols.windows.pdbconv: Download PDB file...
2026-06-05 08:14:54,601 [mulder-job_1] INFO mulder.server.jobs: Job job_a17ed97d (run_mmls) completed
2026-06-05 08:14:54,602 [mulder-job_1] INFO mulder.server.jobs: [JOB_COMPLETE] run_mmls|completed|
2026-06-05 08:14:54,750 [mulder-job_0] INFO mulder.server.tools.extract.volatility: Volatility batch: psscan -> indexed
2026-06-05 08:14:54,751 [ThreadPoolExecutor-6_0] INFO volatility3.framework.automagic: Running automagic: SymbolCacheMagic
2026-06-05 08:14:54,768 [ThreadPoolExecutor-6_0] INFO volatility3.framework.automagic: Running automagic: ConstructionMagic
2026-06-05 08:14:54,774 [ThreadPoolExecutor-6_0] INFO volatility3.framework.automagic: Running automagic: LayerStacker
2026-06-05 08:14:54,776 [ThreadPoolExecutor-6_0] INFO volatility3.framework.automagic: Running automagic: WinSwapLayers
2026-06-05 08:14:54,776 [ThreadPoolExecutor-6_0] INFO volatility3.framework.automagic: Running automagic: KernelPDBScanner
2026-06-05 08:14:54,796 [ThreadPoolExecutor-6_0] INFO volatility3.framework.symbols.windows.pdbconv: Download PDB file...
2026-06-05 08:15:07,560 [ThreadPoolExecutor-6_0] INFO volatility3.framework.automagic: Running automagic: SymbolFinder
2026-06-05 08:15:07,561 [ThreadPoolExecutor-6_0] INFO volatility3.framework.automagic: Running automagic: LinuxSymbolFinder
2026-06-05 08:15:07,562 [ThreadPoolExecutor-6_0] INFO volatility3.framework.automagic: Running automagic: MacSymbolFinder
2026-06-05 08:15:07,563 [ThreadPoolExecutor-6_0] INFO volatility3.framework.automagic: Running automagic: KernelModule
2026-06-05 08:15:09,778 [mulder-job_0] INFO mulder.server.tools.extract.volatility: Volatility batch: dlllist -> indexed
2026-06-05 08:15:09,779 [ThreadPoolExecutor-7_0] INFO volatility3.framework.automagic: Running automagic: SymbolCacheMagic
2026-06-05 08:15:09,796 [ThreadPoolExecutor-7_0] INFO volatility3.framework.automagic: Running automagic: ConstructionMagic
2026-06-05 08:15:09,800 [ThreadPoolExecutor-7_0] INFO volatility3.framework.automagic: Running automagic: LayerStacker
2026-06-05 08:15:09,802 [ThreadPoolExecutor-7_0] INFO volatility3.framework.automagic: Running automagic: WinSwapLayers
2026-06-05 08:15:09,802 [ThreadPoolExecutor-7_0] INFO volatility3.framework.automagic: Running automagic: KernelPDBScanner
2026-06-05 08:15:09,826 [ThreadPoolExecutor-7_0] INFO volatility3.framework.symbols.windows.pdbconv: Download PDB file...
2026-06-05 08:15:12,828 [ThreadPoolExecutor-4_0] INFO volatility3.framework.automagic: Running automagic: SymbolFinder
2026-06-05 08:15:12,829 [ThreadPoolExecutor-4_0] INFO volatility3.framework.automagic: Running automagic: LinuxSymbolFinder
2026-06-05 08:15:12,830 [ThreadPoolExecutor-4_0] INFO volatility3.framework.automagic: Running automagic: MacSymbolFinder
2026-06-05 08:15:12,830 [ThreadPoolExecutor-4_0] INFO volatility3.framework.automagic: Running automagic: KernelModule
2026-06-05 08:15:22,983 [ThreadPoolExecutor-7_0] INFO volatility3.framework.automagic: Running automagic: SymbolFinder
2026-06-05 08:15:22,988 [ThreadPoolExecutor-7_0] INFO volatility3.framework.automagic: Running automagic: LinuxSymbolFinder
2026-06-05 08:15:22,988 [ThreadPoolExecutor-7_0] INFO volatility3.framework.automagic: Running automagic: MacSymbolFinder
2026-06-05 08:15:22,989 [ThreadPoolExecutor-7_0] INFO volatility3.framework.automagic: Running automagic: KernelModule
2026-06-05 08:15:32,015 [mulder-job_0] INFO mulder.server.tools.extract.volatility: Volatility batch: svcscan -> indexed
2026-06-05 08:15:32,018 [ThreadPoolExecutor-8_0] INFO volatility3.framework.automagic: Running automagic: SymbolCacheMagic
2026-06-05 08:15:32,041 [ThreadPoolExecutor-8_0] INFO volatility3.framework.automagic: Running automagic: ConstructionMagic
2026-06-05 08:15:32,046 [ThreadPoolExecutor-8_0] INFO volatility3.framework.automagic: Running automagic: LayerStacker
2026-06-05 08:15:32,052 [ThreadPoolExecutor-8_0] INFO volatility3.framework.automagic: Running automagic: WinSwapLayers
2026-06-05 08:15:32,052 [ThreadPoolExecutor-8_0] INFO volatility3.framework.automagic: Running automagic: KernelPDBScanner
2026-06-05 08:15:32,086 [ThreadPoolExecutor-8_0] INFO volatility3.framework.symbols.windows.pdbconv: Download PDB file...
2026-06-05 08:15:36,978 [ThreadPoolExecutor-8_0] INFO volatility3.framework.automagic: Running automagic: SymbolFinder
2026-06-05 08:15:36,979 [ThreadPoolExecutor-8_0] INFO volatility3.framework.automagic: Running automagic: LinuxSymbolFinder
2026-06-05 08:15:36,982 [ThreadPoolExecutor-8_0] INFO volatility3.framework.automagic: Running automagic: MacSymbolFinder
2026-06-05 08:15:36,983 [ThreadPoolExecutor-8_0] INFO volatility3.framework.automagic: Running automagic: KernelModule
2026-06-05 08:15:36,985 [ThreadPoolExecutor-8_0] WARNING volatility3.framework.plugins: Automagic exception occurred: sqlite3.ProgrammingError: SQLite objects created in a thread can only be used in that same thread. The object was created in thread id 281473466499328 and this is thread id 281472827126016.
2026-06-05 08:15:36,986 [ThreadPoolExecutor-8_0] WARNING volatility3.framework.plugins: Automagic exception occurred: AttributeError: Unable to find _PrimitiveObject__new_value for type <class 'volatility3.framework.objects.String'>
2026-06-05 08:15:36,988 [mulder-job_0] INFO mulder.server.tools.extract.volatility: Volatility batch: handles -> error
2026-06-05 08:15:36,989 [ThreadPoolExecutor-9_0] INFO volatility3.framework.automagic: Running automagic: SymbolCacheMagic
2026-06-05 08:15:37,012 [ThreadPoolExecutor-9_0] INFO volatility3.framework.automagic: Running automagic: ConstructionMagic
2026-06-05 08:15:37,026 [ThreadPoolExecutor-9_0] INFO volatility3.framework.automagic: Running automagic: LayerStacker
2026-06-05 08:15:37,030 [ThreadPoolExecutor-9_0] INFO volatility3.framework.automagic: Running automagic: WinSwapLayers
2026-06-05 08:15:37,031 [ThreadPoolExecutor-9_0] INFO volatility3.framework.automagic: Running automagic: KernelPDBScanner
2026-06-05 08:15:37,094 [ThreadPoolExecutor-9_0] INFO volatility3.framework.symbols.windows.pdbconv: Download PDB file...
2026-06-05 08:15:39,783 [ThreadPoolExecutor-9_0] INFO volatility3.framework.automagic: Running automagic: SymbolFinder
2026-06-05 08:15:39,783 [ThreadPoolExecutor-9_0] INFO volatility3.framework.automagic: Running automagic: LinuxSymbolFinder
2026-06-05 08:15:39,784 [ThreadPoolExecutor-9_0] INFO volatility3.framework.automagic: Running automagic: MacSymbolFinder
2026-06-05 08:15:39,785 [ThreadPoolExecutor-9_0] INFO volatility3.framework.automagic: Running automagic: KernelModule
2026-06-05 08:15:39,786 [ThreadPoolExecutor-9_0] WARNING volatility3.framework.plugins: Automagic exception occurred: sqlite3.ProgrammingError: SQLite objects created in a thread can only be used in that same thread. The object was created in thread id 281473466499328 and this is thread id 281472827126016.
2026-06-05 08:15:39,787 [ThreadPoolExecutor-9_0] WARNING volatility3.framework.plugins: Automagic exception occurred: AttributeError: Unable to find _PrimitiveObject__new_value for type <class 'volatility3.framework.objects.String'>
2026-06-05 08:15:39,788 [mulder-job_0] INFO mulder.server.tools.extract.volatility: Volatility batch: envars -> error
2026-06-05 08:15:39,789 [ThreadPoolExecutor-10_0] INFO volatility3.framework.automagic: Running automagic: SymbolCacheMagic
2026-06-05 08:15:39,806 [ThreadPoolExecutor-10_0] INFO volatility3.framework.automagic: Running automagic: ConstructionMagic
2026-06-05 08:15:39,811 [ThreadPoolExecutor-10_0] INFO volatility3.framework.automagic: Running automagic: LayerStacker
2026-06-05 08:15:39,812 [ThreadPoolExecutor-10_0] INFO volatility3.framework.automagic: Running automagic: WinSwapLayers
2026-06-05 08:15:39,813 [ThreadPoolExecutor-10_0] INFO volatility3.framework.automagic: Running automagic: KernelPDBScanner
2026-06-05 08:15:39,839 [ThreadPoolExecutor-10_0] INFO volatility3.framework.symbols.windows.pdbconv: Download PDB file...
2026-06-05 08:15:42,352 [ThreadPoolExecutor-10_0] INFO volatility3.framework.automagic: Running automagic: SymbolFinder
2026-06-05 08:15:42,353 [ThreadPoolExecutor-10_0] INFO volatility3.framework.automagic: Running automagic: LinuxSymbolFinder
2026-06-05 08:15:42,354 [ThreadPoolExecutor-10_0] INFO volatility3.framework.automagic: Running automagic: MacSymbolFinder
2026-06-05 08:15:42,355 [ThreadPoolExecutor-10_0] INFO volatility3.framework.automagic: Running automagic: KernelModule
2026-06-05 08:15:42,356 [ThreadPoolExecutor-10_0] WARNING volatility3.framework.plugins: Automagic exception occurred: sqlite3.ProgrammingError: SQLite objects created in a thread can only be used in that same thread. The object was created in thread id 281473466499328 and this is thread id 281472827126016.
2026-06-05 08:15:42,356 [ThreadPoolExecutor-10_0] WARNING volatility3.framework.plugins: Automagic exception occurred: AttributeError: Unable to find _PrimitiveObject__new_value for type <class 'volatility3.framework.objects.String'>
2026-06-05 08:15:42,357 [mulder-job_0] INFO mulder.server.tools.extract.volatility: Volatility batch: getsids -> error
2026-06-05 08:15:42,358 [ThreadPoolExecutor-11_0] INFO volatility3.framework.automagic: Running automagic: SymbolCacheMagic
2026-06-05 08:15:42,377 [ThreadPoolExecutor-11_0] INFO volatility3.framework.automagic: Running automagic: ConstructionMagic
2026-06-05 08:15:42,381 [ThreadPoolExecutor-11_0] INFO volatility3.framework.automagic: Running automagic: LayerStacker
2026-06-05 08:15:42,382 [ThreadPoolExecutor-11_0] INFO volatility3.framework.automagic: Running automagic: WinSwapLayers
2026-06-05 08:15:42,383 [ThreadPoolExecutor-11_0] INFO volatility3.framework.automagic: Running automagic: KernelPDBScanner
2026-06-05 08:15:42,410 [ThreadPoolExecutor-11_0] INFO volatility3.framework.symbols.windows.pdbconv: Download PDB file...
2026-06-05 08:15:45,016 [ThreadPoolExecutor-11_0] INFO volatility3.framework.automagic: Running automagic: SymbolFinder
2026-06-05 08:15:45,016 [ThreadPoolExecutor-11_0] INFO volatility3.framework.automagic: Running automagic: LinuxSymbolFinder
2026-06-05 08:15:45,017 [ThreadPoolExecutor-11_0] INFO volatility3.framework.automagic: Running automagic: MacSymbolFinder
2026-06-05 08:15:45,018 [ThreadPoolExecutor-11_0] INFO volatility3.framework.automagic: Running automagic: KernelModule
2026-06-05 08:15:45,019 [ThreadPoolExecutor-11_0] WARNING volatility3.framework.plugins: Automagic exception occurred: sqlite3.ProgrammingError: SQLite objects created in a thread can only be used in that same thread. The object was created in thread id 281473466499328 and this is thread id 281472827126016.
2026-06-05 08:15:45,020 [ThreadPoolExecutor-11_0] WARNING volatility3.framework.plugins: Automagic exception occurred: AttributeError: Unable to find _PrimitiveObject__new_value for type <class 'volatility3.framework.objects.String'>
2026-06-05 08:15:45,021 [mulder-job_0] INFO mulder.server.tools.extract.volatility: Volatility batch: filescan -> error
2026-06-05 08:15:45,022 [ThreadPoolExecutor-12_0] INFO volatility3.framework.automagic: Running automagic: SymbolCacheMagic
2026-06-05 08:15:45,041 [ThreadPoolExecutor-12_0] INFO volatility3.framework.automagic: Running automagic: ConstructionMagic
2026-06-05 08:15:45,050 [ThreadPoolExecutor-12_0] INFO volatility3.framework.automagic: Running automagic: LayerStacker
2026-06-05 08:15:45,052 [ThreadPoolExecutor-12_0] INFO volatility3.framework.automagic: Running automagic: WinSwapLayers
2026-06-05 08:15:45,052 [ThreadPoolExecutor-12_0] INFO volatility3.framework.automagic: Running automagic: KernelPDBScanner
2026-06-05 08:15:45,079 [ThreadPoolExecutor-12_0] INFO volatility3.framework.symbols.windows.pdbconv: Download PDB file...
2026-06-05 08:15:48,171 [ThreadPoolExecutor-12_0] INFO volatility3.framework.automagic: Running automagic: SymbolFinder
2026-06-05 08:15:48,172 [ThreadPoolExecutor-12_0] INFO volatility3.framework.automagic: Running automagic: LinuxSymbolFinder
2026-06-05 08:15:48,173 [ThreadPoolExecutor-12_0] INFO volatility3.framework.automagic: Running automagic: MacSymbolFinder
2026-06-05 08:15:48,174 [ThreadPoolExecutor-12_0] INFO volatility3.framework.automagic: Running automagic: KernelModule
2026-06-05 08:15:48,175 [ThreadPoolExecutor-12_0] WARNING volatility3.framework.plugins: Automagic exception occurred: sqlite3.ProgrammingError: SQLite objects created in a thread can only be used in that same thread. The object was created in thread id 281473466499328 and this is thread id 281472827126016.
2026-06-05 08:15:48,181 [ThreadPoolExecutor-12_0] WARNING volatility3.framework.plugins: Automagic exception occurred: AttributeError: Unable to find _PrimitiveObject__new_value for type <class 'volatility3.framework.objects.String'>
2026-06-05 08:15:48,182 [mulder-job_0] INFO mulder.server.tools.extract.volatility: Volatility batch: modules -> error
2026-06-05 08:15:48,183 [ThreadPoolExecutor-13_0] INFO volatility3.framework.automagic: Running automagic: SymbolCacheMagic
2026-06-05 08:15:48,202 [ThreadPoolExecutor-13_0] INFO volatility3.framework.automagic: Running automagic: ConstructionMagic
2026-06-05 08:15:48,208 [ThreadPoolExecutor-13_0] INFO volatility3.framework.automagic: Running automagic: LayerStacker
2026-06-05 08:15:48,209 [ThreadPoolExecutor-13_0] INFO volatility3.framework.automagic: Running automagic: WinSwapLayers
2026-06-05 08:15:48,209 [ThreadPoolExecutor-13_0] INFO volatility3.framework.automagic: Running automagic: KernelPDBScanner
2026-06-05 08:15:48,234 [ThreadPoolExecutor-13_0] INFO volatility3.framework.symbols.windows.pdbconv: Download PDB file...
2026-06-05 08:15:51,140 [ThreadPoolExecutor-13_0] INFO volatility3.framework.automagic: Running automagic: SymbolFinder
2026-06-05 08:15:51,141 [ThreadPoolExecutor-13_0] INFO volatility3.framework.automagic: Running automagic: LinuxSymbolFinder
2026-06-05 08:15:51,142 [ThreadPoolExecutor-13_0] INFO volatility3.framework.automagic: Running automagic: MacSymbolFinder
2026-06-05 08:15:51,142 [ThreadPoolExecutor-13_0] INFO volatility3.framework.automagic: Running automagic: KernelModule
2026-06-05 08:15:51,143 [ThreadPoolExecutor-13_0] WARNING volatility3.framework.plugins: Automagic exception occurred: sqlite3.ProgrammingError: SQLite objects created in a thread can only be used in that same thread. The object was created in thread id 281473466499328 and this is thread id 281472827126016.
2026-06-05 08:15:51,144 [ThreadPoolExecutor-13_0] WARNING volatility3.framework.plugins: Automagic exception occurred: AttributeError: Unable to find _PrimitiveObject__new_value for type <class 'volatility3.framework.objects.String'>
2026-06-05 08:15:51,145 [mulder-job_0] INFO mulder.server.tools.extract.volatility: Volatility batch: modscan -> error
2026-06-05 08:15:51,146 [ThreadPoolExecutor-14_0] INFO volatility3.framework.automagic: Running automagic: SymbolCacheMagic
2026-06-05 08:15:51,162 [ThreadPoolExecutor-14_0] INFO volatility3.framework.automagic: Running automagic: ConstructionMagic
2026-06-05 08:15:51,167 [ThreadPoolExecutor-14_0] INFO volatility3.framework.automagic: Running automagic: LayerStacker
2026-06-05 08:15:51,168 [ThreadPoolExecutor-14_0] INFO volatility3.framework.automagic: Running automagic: WinSwapLayers
2026-06-05 08:15:51,168 [ThreadPoolExecutor-14_0] INFO volatility3.framework.automagic: Running automagic: KernelPDBScanner
2026-06-05 08:15:51,193 [ThreadPoolExecutor-14_0] INFO volatility3.framework.symbols.windows.pdbconv: Download PDB file...
2026-06-05 08:15:53,753 [ThreadPoolExecutor-14_0] INFO volatility3.framework.automagic: Running automagic: SymbolFinder
2026-06-05 08:15:53,754 [ThreadPoolExecutor-14_0] INFO volatility3.framework.automagic: Running automagic: LinuxSymbolFinder
2026-06-05 08:15:53,755 [ThreadPoolExecutor-14_0] INFO volatility3.framework.automagic: Running automagic: MacSymbolFinder
2026-06-05 08:15:53,756 [ThreadPoolExecutor-14_0] INFO volatility3.framework.automagic: Running automagic: KernelModule
2026-06-05 08:15:53,757 [ThreadPoolExecutor-14_0] WARNING volatility3.framework.plugins: Automagic exception occurred: sqlite3.ProgrammingError: SQLite objects created in a thread can only be used in that same thread. The object was created in thread id 281473466499328 and this is thread id 281472827126016.
2026-06-05 08:15:53,758 [ThreadPoolExecutor-14_0] WARNING volatility3.framework.plugins: Automagic exception occurred: AttributeError: Unable to find _PrimitiveObject__new_value for type <class 'volatility3.framework.objects.String'>
2026-06-05 08:15:53,759 [mulder-job_0] INFO mulder.server.tools.extract.volatility: Volatility batch: hivelist -> error
2026-06-05 08:15:53,760 [ThreadPoolExecutor-15_0] INFO volatility3.framework.automagic: Running automagic: SymbolCacheMagic
2026-06-05 08:15:53,777 [ThreadPoolExecutor-15_0] INFO volatility3.framework.automagic: Running automagic: ConstructionMagic
2026-06-05 08:15:53,781 [ThreadPoolExecutor-15_0] INFO volatility3.framework.automagic: Running automagic: LayerStacker
2026-06-05 08:15:53,782 [ThreadPoolExecutor-15_0] INFO volatility3.framework.automagic: Running automagic: WinSwapLayers
2026-06-05 08:15:53,783 [ThreadPoolExecutor-15_0] INFO volatility3.framework.automagic: Running automagic: KernelPDBScanner
2026-06-05 08:15:53,809 [ThreadPoolExecutor-15_0] INFO volatility3.framework.symbols.windows.pdbconv: Download PDB file...
2026-06-05 08:15:56,467 [ThreadPoolExecutor-15_0] INFO volatility3.framework.automagic: Running automagic: SymbolFinder
2026-06-05 08:15:56,468 [ThreadPoolExecutor-15_0] INFO volatility3.framework.automagic: Running automagic: LinuxSymbolFinder
2026-06-05 08:15:56,469 [ThreadPoolExecutor-15_0] INFO volatility3.framework.automagic: Running automagic: MacSymbolFinder
2026-06-05 08:15:56,469 [ThreadPoolExecutor-15_0] INFO volatility3.framework.automagic: Running automagic: KernelModule
2026-06-05 08:15:56,470 [ThreadPoolExecutor-15_0] WARNING volatility3.framework.plugins: Automagic exception occurred: sqlite3.ProgrammingError: SQLite objects created in a thread can only be used in that same thread. The object was created in thread id 281473466499328 and this is thread id 281472814260480.
2026-06-05 08:15:56,471 [ThreadPoolExecutor-15_0] WARNING volatility3.framework.plugins: Automagic exception occurred: AttributeError: Unable to find _PrimitiveObject__new_value for type <class 'volatility3.framework.objects.String'>
2026-06-05 08:15:56,472 [mulder-job_0] INFO mulder.server.tools.extract.volatility: Volatility batch: userassist -> error
2026-06-05 08:15:56,473 [ThreadPoolExecutor-16_0] INFO volatility3.framework.automagic: Running automagic: SymbolCacheMagic
2026-06-05 08:15:56,491 [ThreadPoolExecutor-16_0] INFO volatility3.framework.automagic: Running automagic: ConstructionMagic
2026-06-05 08:15:56,498 [ThreadPoolExecutor-16_0] INFO volatility3.framework.automagic: Running automagic: LayerStacker
2026-06-05 08:15:56,500 [ThreadPoolExecutor-16_0] INFO volatility3.framework.automagic: Running automagic: WinSwapLayers
2026-06-05 08:15:56,500 [ThreadPoolExecutor-16_0] INFO volatility3.framework.automagic: Running automagic: KernelPDBScanner
2026-06-05 08:15:56,527 [ThreadPoolExecutor-16_0] INFO volatility3.framework.symbols.windows.pdbconv: Download PDB file...
2026-06-05 08:15:57,588 [mulder-job_0] INFO mulder.server.tools.extract.volatility: Volatility batch: malfind -> indexed
2026-06-05 08:15:57,590 [ThreadPoolExecutor-5_0] INFO volatility3.framework.automagic: Running automagic: SymbolCacheMagic
2026-06-05 08:15:57,613 [ThreadPoolExecutor-5_0] INFO volatility3.framework.automagic: Running automagic: ConstructionMagic
2026-06-05 08:15:57,618 [ThreadPoolExecutor-5_0] INFO volatility3.framework.automagic: Running automagic: LayerStacker
2026-06-05 08:15:57,619 [ThreadPoolExecutor-5_0] INFO volatility3.framework.automagic: Running automagic: WinSwapLayers
2026-06-05 08:15:57,620 [ThreadPoolExecutor-5_0] INFO volatility3.framework.automagic: Running automagic: KernelPDBScanner
2026-06-05 08:15:57,647 [ThreadPoolExecutor-5_0] INFO volatility3.framework.symbols.windows.pdbconv: Download PDB file...
2026-06-05 08:15:59,485 [ThreadPoolExecutor-16_0] INFO volatility3.framework.automagic: Running automagic: SymbolFinder
2026-06-05 08:15:59,486 [ThreadPoolExecutor-16_0] INFO volatility3.framework.automagic: Running automagic: LinuxSymbolFinder
2026-06-05 08:15:59,487 [ThreadPoolExecutor-16_0] INFO volatility3.framework.automagic: Running automagic: MacSymbolFinder
2026-06-05 08:15:59,488 [ThreadPoolExecutor-16_0] INFO volatility3.framework.automagic: Running automagic: KernelModule
2026-06-05 08:15:59,489 [ThreadPoolExecutor-16_0] WARNING volatility3.framework.plugins: Automagic exception occurred: sqlite3.ProgrammingError: SQLite objects created in a thread can only be used in that same thread. The object was created in thread id 281473466499328 and this is thread id 281472814260480.
2026-06-05 08:15:59,489 [ThreadPoolExecutor-16_0] WARNING volatility3.framework.plugins: Automagic exception occurred: AttributeError: Unable to find _PrimitiveObject__new_value for type <class 'volatility3.framework.objects.String'>
2026-06-05 08:15:59,490 [mulder-job_0] INFO mulder.server.tools.extract.volatility: Volatility batch: vadinfo -> error
2026-06-05 08:15:59,493 [mulder-job_0] INFO mulder.server.jobs: Job job_71c3b009 (run_volatility_batch) completed
2026-06-05 08:15:59,494 [mulder-job_0] INFO mulder.server.jobs: [JOB_COMPLETE] run_volatility_batch|completed|
2026-06-05 08:16:01,130 [mulder-job_3] INFO mulder.server.jobs: Job job_7aa0b4ac (run_bulk_extractor) completed
2026-06-05 08:16:01,131 [mulder-job_3] INFO mulder.server.jobs: [JOB_COMPLETE] run_bulk_extractor|completed|
2026-06-05 08:16:01,132 [MainThread] INFO mcp.server.lowlevel.server: Warning: FutureWarning: This API (volatility3.plugins.windows.malware.malfind.Malfind.run) will be removed in the first release after 2026-06-07. This plugin has been renamed, please call volatility3.plugins.windows.malware.malfind.Malfind rather than volatility3.plugins.windows.malfind.Malfind.
2026-06-05 08:16:01,133 [MainThread] INFO mcp.server.lowlevel.server: Warning: FutureWarning: This plugin (volatility3.plugins.windows.malfind.Malfind) has been renamed and will be removed in the first release after 2026-06-07. Please ensure all method calls to this plugin are replaced with calls to volatility3.plugins.windows.malware.malfind.Malfind
2026-06-05 08:16:05,638 [MainThread] INFO mcp.server.lowlevel.server: Processing request of type CallToolRequest
2026-06-05 08:16:17,846 [ThreadPoolExecutor-5_0] INFO volatility3.framework.automagic: Running automagic: SymbolFinder
2026-06-05 08:16:17,847 [ThreadPoolExecutor-5_0] INFO volatility3.framework.automagic: Running automagic: LinuxSymbolFinder
2026-06-05 08:16:17,848 [ThreadPoolExecutor-5_0] INFO volatility3.framework.automagic: Running automagic: MacSymbolFinder
2026-06-05 08:16:17,848 [ThreadPoolExecutor-5_0] INFO volatility3.framework.automagic: Running automagic: KernelModule
2026-06-05 08:16:22,583 [MainThread] INFO mcp.server.lowlevel.server: Processing request of type CallToolRequest
2026-06-05 08:16:22,611 [AnyIO worker thread] INFO mulder.server.jobs: Submitted batch bg_9184df0b with 11 jobs: ['run_evtx_parser', 'run_hayabusa', 'run_chainsaw', 'run_registry_parser', 'run_prefetch_parser', 'run_amcache_parser', 'run_shimcache_parser', 'run_mft_parser', 'yara_scan_files', 'parse_autoruns', 'run_mactime']
2026-06-05 08:16:22,651 [mulder-job_2] INFO mulder.server.tools.hayabusa: Hayabusa: no prior EVTX extraction found; extracting inline from /home/mulder/.mulder/cases/extracted/DC01-E01/E01-DC01/20200918_0347_CDrive.E01
2026-06-05 08:16:22,719 [mulder-job_6] INFO mulder.server.jobs: Job job_a4d744e0 (run_chainsaw) completed
2026-06-05 08:16:22,721 [mulder-job_6] INFO mulder.server.jobs: [JOB_COMPLETE] run_chainsaw|completed|
2026-06-05 08:16:23,755 [mulder-job_7] WARNING mulder.extractors.disk: ewfmount failed on /home/mulder/.mulder/cases/extracted/DC01-E01/E01-DC01/20200918_0347_CDrive.E01: Command '['ewfmount', '/home/mulder/.mulder/cases/extracted/DC01-E01/E01-DC01/20200918_0347_CDrive.E01', '/tmp/mulder_mount_vp79e11w/_ewf']' returned non-zero exit status 1. No sub system to mount EWF format.

2026-06-05 08:16:24,168 [mulder-job_7] WARNING mulder.extractors.disk: guestmount failed on E01 /home/mulder/.mulder/cases/extracted/DC01-E01/E01-DC01/20200918_0347_CDrive.E01: Command '['guestmount', '-a', '/home/mulder/.mulder/cases/extracted/DC01-E01/E01-DC01/20200918_0347_CDrive.E01', '-i', '--ro', '/tmp/mulder_mount_vp79e11w']' returned non-zero exit status 1.
2026-06-05 08:16:24,196 [mulder-job_7] ERROR mulder.extractors.disk: Could not mount E01 /home/mulder/.mulder/cases/extracted/DC01-E01/E01-DC01/20200918_0347_CDrive.E01 (tried ewfmount+mount and guestmount)
2026-06-05 08:16:24,255 [mulder-job_7] WARNING mulder.server.jobs: Job job_eb52cc7d (run_prefetch_parser) returned error: No Prefetch files found via TSK extraction or mount
2026-06-05 08:16:24,256 [mulder-job_7] INFO mulder.server.jobs: [JOB_COMPLETE] run_prefetch_parser|failed|No Prefetch files found via TSK extraction or mount
2026-06-05 08:16:24,299 [mulder-job_7] INFO mulder.server.jobs: Job job_b7d54172 (parse_autoruns) completed
2026-06-05 08:16:24,302 [mulder-job_7] INFO mulder.server.jobs: [JOB_COMPLETE] parse_autoruns|completed|
2026-06-05 08:16:24,593 [mulder-job_1] INFO mulder.server.jobs: Job job_9b81b97b (run_amcache_parser) completed
2026-06-05 08:16:24,594 [mulder-job_1] INFO mulder.server.jobs: [JOB_COMPLETE] run_amcache_parser|completed|
2026-06-05 08:16:28,057 [MainThread] INFO mcp.server.lowlevel.server: Processing request of type CallToolRequest
2026-06-05 08:16:38,541 [mulder-job_2] INFO mulder.server.tools.hayabusa: Hayabusa: extracted 105 EVTX files from /home/mulder/.mulder/cases/extracted/DC01-E01/E01-DC01/20200918_0347_CDrive.E01
2026-06-05 08:16:38,564 [mulder-job_2] INFO mulder.server.jobs: Job job_95251bc5 (run_hayabusa) completed
2026-06-05 08:16:38,567 [mulder-job_2] INFO mulder.server.jobs: [JOB_COMPLETE] run_hayabusa|completed|
2026-06-05 08:16:56,622 [mulder-job_6] INFO mulder.server.jobs: Job job_e18f2651 (yara_scan_files) completed
2026-06-05 08:16:56,624 [mulder-job_6] INFO mulder.server.jobs: [JOB_COMPLETE] yara_scan_files|completed|
2026-06-05 08:17:00,846 [mulder-job_0] INFO mulder.server.tools.extract.volatility: Volatility batch: psscan -> indexed
2026-06-05 08:17:00,849 [ThreadPoolExecutor-6_0] INFO volatility3.framework.automagic: Running automagic: SymbolCacheMagic
2026-06-05 08:17:00,872 [ThreadPoolExecutor-6_0] INFO volatility3.framework.automagic: Running automagic: ConstructionMagic
2026-06-05 08:17:00,879 [ThreadPoolExecutor-6_0] INFO volatility3.framework.automagic: Running automagic: LayerStacker
2026-06-05 08:17:00,881 [ThreadPoolExecutor-6_0] INFO volatility3.framework.automagic: Running automagic: WinSwapLayers
2026-06-05 08:17:00,882 [ThreadPoolExecutor-6_0] INFO volatility3.framework.automagic: Running automagic: KernelPDBScanner
2026-06-05 08:17:00,903 [ThreadPoolExecutor-6_0] INFO volatility3.framework.symbols.windows.pdbconv: Download PDB file...
2026-06-05 08:17:01,706 [mulder-job_0] INFO mulder.server.jobs: Job job_67a9269e (run_shimcache_parser) completed
2026-06-05 08:17:01,707 [mulder-job_0] INFO mulder.server.jobs: [JOB_COMPLETE] run_shimcache_parser|completed|
2026-06-05 08:17:01,727 [mulder-job_4] INFO mulder.server.jobs: Job job_28efe2a3 (run_evtx_parser) completed
2026-06-05 08:17:01,728 [mulder-job_4] INFO mulder.server.jobs: [JOB_COMPLETE] run_evtx_parser|completed|
2026-06-05 08:17:08,870 [mulder-job_3] INFO mulder.server.jobs: Job job_ac272842 (run_mft_parser) completed
2026-06-05 08:17:08,871 [mulder-job_3] INFO mulder.server.jobs: [JOB_COMPLETE] run_mft_parser|completed|
2026-06-05 08:17:23,632 [mulder-job_7] INFO mulder.server.jobs: Job job_cecdfa7a (run_mactime) completed
2026-06-05 08:17:23,634 [mulder-job_7] INFO mulder.server.jobs: [JOB_COMPLETE] run_mactime|completed|
2026-06-05 08:17:24,429 [ThreadPoolExecutor-6_0] INFO volatility3.framework.automagic: Running automagic: SymbolFinder
2026-06-05 08:17:24,430 [ThreadPoolExecutor-6_0] INFO volatility3.framework.automagic: Running automagic: LinuxSymbolFinder
2026-06-05 08:17:24,431 [ThreadPoolExecutor-6_0] INFO volatility3.framework.automagic: Running automagic: MacSymbolFinder
2026-06-05 08:17:24,431 [ThreadPoolExecutor-6_0] INFO volatility3.framework.automagic: Running automagic: KernelModule
2026-06-05 08:17:27,123 [mulder-job_0] INFO mulder.server.tools.extract.volatility: Volatility batch: dlllist -> indexed
2026-06-05 08:17:27,124 [ThreadPoolExecutor-7_0] INFO volatility3.framework.automagic: Running automagic: SymbolCacheMagic
2026-06-05 08:17:27,141 [ThreadPoolExecutor-7_0] INFO volatility3.framework.automagic: Running automagic: ConstructionMagic
2026-06-05 08:17:27,145 [ThreadPoolExecutor-7_0] INFO volatility3.framework.automagic: Running automagic: LayerStacker
2026-06-05 08:17:27,147 [ThreadPoolExecutor-7_0] INFO volatility3.framework.automagic: Running automagic: WinSwapLayers
2026-06-05 08:17:27,147 [ThreadPoolExecutor-7_0] INFO volatility3.framework.automagic: Running automagic: KernelPDBScanner
2026-06-05 08:17:27,171 [ThreadPoolExecutor-7_0] INFO volatility3.framework.symbols.windows.pdbconv: Download PDB file...
2026-06-05 08:17:32,948 [mulder-job_5] INFO mulder.server.jobs: Job job_b7370627 (run_registry_parser) completed
2026-06-05 08:17:32,949 [mulder-job_5] INFO mulder.server.jobs: [JOB_COMPLETE] run_registry_parser|completed|
2026-06-05 08:17:38,382 [MainThread] INFO mcp.server.lowlevel.server: Processing request of type CallToolRequest
2026-06-05 08:17:48,314 [ThreadPoolExecutor-7_0] INFO volatility3.framework.automagic: Running automagic: SymbolFinder
2026-06-05 08:17:48,318 [ThreadPoolExecutor-7_0] INFO volatility3.framework.automagic: Running automagic: LinuxSymbolFinder
2026-06-05 08:17:48,318 [ThreadPoolExecutor-7_0] INFO volatility3.framework.automagic: Running automagic: MacSymbolFinder
2026-06-05 08:17:48,319 [ThreadPoolExecutor-7_0] INFO volatility3.framework.automagic: Running automagic: KernelModule
2026-06-05 08:18:01,261 [MainThread] INFO mulder.server.app: Mulder MCP server ready (db_dir=/home/mulder/.mulder/cases)
2026-06-05 08:18:01,282 [MainThread] INFO mcp.server.lowlevel.server: Processing request of type ListToolsRequest
2026-06-05 08:18:01,284 [MainThread] INFO mcp.server.lowlevel.server: Processing request of type ListPromptsRequest
2026-06-05 08:18:01,285 [MainThread] INFO mcp.server.lowlevel.server: Processing request of type ListResourcesRequest
2026-06-05 08:18:07,228 [MainThread] INFO mcp.server.lowlevel.server: Processing request of type CallToolRequest
2026-06-05 08:18:13,111 [MainThread] INFO mcp.server.lowlevel.server: Processing request of type CallToolRequest
2026-06-05 08:18:17,913 [MainThread] INFO mcp.server.lowlevel.server: Processing request of type CallToolRequest
2026-06-05 08:18:17,915 [AnyIO worker thread] INFO mulder.server.app: Opening case database for 'szechuan' ...
2026-06-05 08:18:17,922 [AnyIO worker thread] INFO mulder.server.app: Server context ready for case 'szechuan'
2026-06-05 08:18:22,865 [MainThread] INFO mcp.server.lowlevel.server: Processing request of type CallToolRequest
2026-06-05 08:18:23,069 [MainThread] INFO mcp.server.lowlevel.server: Processing request of type CallToolRequest
2026-06-05 08:18:24,307 [MainThread] INFO mcp.server.lowlevel.server: Processing request of type CallToolRequest
2026-06-05 08:18:37,070 [MainThread] INFO mcp.server.lowlevel.server: Processing request of type CallToolRequest
2026-06-05 08:18:38,079 [MainThread] INFO mcp.server.lowlevel.server: Processing request of type CallToolRequest
2026-06-05 08:18:39,286 [MainThread] INFO mcp.server.lowlevel.server: Processing request of type CallToolRequest
2026-06-05 08:18:39,633 [MainThread] INFO mcp.server.lowlevel.server: Processing request of type CallToolRequest
2026-06-05 08:18:39,948 [MainThread] INFO mcp.server.lowlevel.server: Processing request of type CallToolRequest
2026-06-05 08:18:46,782 [mulder-job_0] INFO mulder.server.tools.extract.volatility: Volatility batch: svcscan -> indexed
2026-06-05 08:18:46,783 [ThreadPoolExecutor-8_0] INFO volatility3.framework.automagic: Running automagic: SymbolCacheMagic
2026-06-05 08:18:46,799 [ThreadPoolExecutor-8_0] INFO volatility3.framework.automagic: Running automagic: ConstructionMagic
2026-06-05 08:18:46,803 [ThreadPoolExecutor-8_0] INFO volatility3.framework.automagic: Running automagic: LayerStacker
2026-06-05 08:18:46,804 [ThreadPoolExecutor-8_0] INFO volatility3.framework.automagic: Running automagic: WinSwapLayers
2026-06-05 08:18:46,805 [ThreadPoolExecutor-8_0] INFO volatility3.framework.automagic: Running automagic: KernelPDBScanner
2026-06-05 08:18:46,827 [ThreadPoolExecutor-8_0] INFO volatility3.framework.symbols.windows.pdbconv: Download PDB file...
2026-06-05 08:18:52,165 [ThreadPoolExecutor-8_0] INFO volatility3.framework.automagic: Running automagic: SymbolFinder
2026-06-05 08:18:52,166 [ThreadPoolExecutor-8_0] INFO volatility3.framework.automagic: Running automagic: LinuxSymbolFinder
2026-06-05 08:18:52,167 [ThreadPoolExecutor-8_0] INFO volatility3.framework.automagic: Running automagic: MacSymbolFinder
2026-06-05 08:18:52,167 [ThreadPoolExecutor-8_0] INFO volatility3.framework.automagic: Running automagic: KernelModule
2026-06-05 08:18:52,168 [ThreadPoolExecutor-8_0] WARNING volatility3.framework.plugins: Automagic exception occurred: sqlite3.ProgrammingError: SQLite objects created in a thread can only be used in that same thread. The object was created in thread id 281472930607360 and this is thread id 281472332919040.
2026-06-05 08:18:52,169 [ThreadPoolExecutor-8_0] WARNING volatility3.framework.plugins: Automagic exception occurred: AttributeError: Unable to find _PrimitiveObject__new_value for type <class 'volatility3.framework.objects.String'>
2026-06-05 08:18:52,170 [mulder-job_0] INFO mulder.server.tools.extract.volatility: Volatility batch: handles -> error
2026-06-05 08:18:52,170 [ThreadPoolExecutor-9_0] INFO volatility3.framework.automagic: Running automagic: SymbolCacheMagic
2026-06-05 08:18:52,186 [ThreadPoolExecutor-9_0] INFO volatility3.framework.automagic: Running automagic: ConstructionMagic
2026-06-05 08:18:52,190 [ThreadPoolExecutor-9_0] INFO volatility3.framework.automagic: Running automagic: LayerStacker
2026-06-05 08:18:52,191 [ThreadPoolExecutor-9_0] INFO volatility3.framework.automagic: Running automagic: WinSwapLayers
2026-06-05 08:18:52,192 [ThreadPoolExecutor-9_0] INFO volatility3.framework.automagic: Running automagic: KernelPDBScanner
2026-06-05 08:18:52,205 [ThreadPoolExecutor-9_0] INFO volatility3.framework.symbols.windows.pdbconv: Download PDB file...
2026-06-05 08:18:56,058 [ThreadPoolExecutor-9_0] INFO volatility3.framework.automagic: Running automagic: SymbolFinder
2026-06-05 08:18:56,059 [ThreadPoolExecutor-9_0] INFO volatility3.framework.automagic: Running automagic: LinuxSymbolFinder
2026-06-05 08:18:56,059 [ThreadPoolExecutor-9_0] INFO volatility3.framework.automagic: Running automagic: MacSymbolFinder
2026-06-05 08:18:56,060 [ThreadPoolExecutor-9_0] INFO volatility3.framework.automagic: Running automagic: KernelModule
2026-06-05 08:18:56,061 [ThreadPoolExecutor-9_0] WARNING volatility3.framework.plugins: Automagic exception occurred: sqlite3.ProgrammingError: SQLite objects created in a thread can only be used in that same thread. The object was created in thread id 281472930607360 and this is thread id 281472332919040.
2026-06-05 08:18:56,062 [ThreadPoolExecutor-9_0] WARNING volatility3.framework.plugins: Automagic exception occurred: AttributeError: Unable to find _PrimitiveObject__new_value for type <class 'volatility3.framework.objects.String'>
2026-06-05 08:18:56,063 [mulder-job_0] INFO mulder.server.tools.extract.volatility: Volatility batch: envars -> error
2026-06-05 08:18:56,063 [ThreadPoolExecutor-10_0] INFO volatility3.framework.automagic: Running automagic: SymbolCacheMagic
2026-06-05 08:18:56,079 [ThreadPoolExecutor-10_0] INFO volatility3.framework.automagic: Running automagic: ConstructionMagic
2026-06-05 08:18:56,083 [ThreadPoolExecutor-10_0] INFO volatility3.framework.automagic: Running automagic: LayerStacker
2026-06-05 08:18:56,084 [ThreadPoolExecutor-10_0] INFO volatility3.framework.automagic: Running automagic: WinSwapLayers
2026-06-05 08:18:56,084 [ThreadPoolExecutor-10_0] INFO volatility3.framework.automagic: Running automagic: KernelPDBScanner
2026-06-05 08:18:56,097 [ThreadPoolExecutor-10_0] INFO volatility3.framework.symbols.windows.pdbconv: Download PDB file...
2026-06-05 08:18:59,973 [ThreadPoolExecutor-10_0] INFO volatility3.framework.automagic: Running automagic: SymbolFinder
2026-06-05 08:18:59,974 [ThreadPoolExecutor-10_0] INFO volatility3.framework.automagic: Running automagic: LinuxSymbolFinder
2026-06-05 08:18:59,975 [ThreadPoolExecutor-10_0] INFO volatility3.framework.automagic: Running automagic: MacSymbolFinder
2026-06-05 08:18:59,976 [ThreadPoolExecutor-10_0] INFO volatility3.framework.automagic: Running automagic: KernelModule
2026-06-05 08:18:59,976 [ThreadPoolExecutor-10_0] WARNING volatility3.framework.plugins: Automagic exception occurred: sqlite3.ProgrammingError: SQLite objects created in a thread can only be used in that same thread. The object was created in thread id 281472930607360 and this is thread id 281472332919040.
2026-06-05 08:18:59,977 [ThreadPoolExecutor-10_0] WARNING volatility3.framework.plugins: Automagic exception occurred: AttributeError: Unable to find _PrimitiveObject__new_value for type <class 'volatility3.framework.objects.String'>
2026-06-05 08:18:59,978 [mulder-job_0] INFO mulder.server.tools.extract.volatility: Volatility batch: getsids -> error
2026-06-05 08:18:59,979 [ThreadPoolExecutor-11_0] INFO volatility3.framework.automagic: Running automagic: SymbolCacheMagic
2026-06-05 08:18:59,996 [ThreadPoolExecutor-11_0] INFO volatility3.framework.automagic: Running automagic: ConstructionMagic
2026-06-05 08:18:59,999 [ThreadPoolExecutor-11_0] INFO volatility3.framework.automagic: Running automagic: LayerStacker
2026-06-05 08:19:00,000 [ThreadPoolExecutor-11_0] INFO volatility3.framework.automagic: Running automagic: WinSwapLayers
2026-06-05 08:19:00,000 [ThreadPoolExecutor-11_0] INFO volatility3.framework.automagic: Running automagic: KernelPDBScanner
2026-06-05 08:19:00,014 [ThreadPoolExecutor-11_0] INFO volatility3.framework.symbols.windows.pdbconv: Download PDB file...
2026-06-05 08:19:03,864 [ThreadPoolExecutor-11_0] INFO volatility3.framework.automagic: Running automagic: SymbolFinder
2026-06-05 08:19:03,865 [ThreadPoolExecutor-11_0] INFO volatility3.framework.automagic: Running automagic: LinuxSymbolFinder
2026-06-05 08:19:03,865 [ThreadPoolExecutor-11_0] INFO volatility3.framework.automagic: Running automagic: MacSymbolFinder
2026-06-05 08:19:03,866 [ThreadPoolExecutor-11_0] INFO volatility3.framework.automagic: Running automagic: KernelModule
2026-06-05 08:19:03,867 [ThreadPoolExecutor-11_0] WARNING volatility3.framework.plugins: Automagic exception occurred: sqlite3.ProgrammingError: SQLite objects created in a thread can only be used in that same thread. The object was created in thread id 281472930607360 and this is thread id 281472332919040.
2026-06-05 08:19:03,868 [ThreadPoolExecutor-11_0] WARNING volatility3.framework.plugins: Automagic exception occurred: AttributeError: Unable to find _PrimitiveObject__new_value for type <class 'volatility3.framework.objects.String'>
2026-06-05 08:19:03,869 [mulder-job_0] INFO mulder.server.tools.extract.volatility: Volatility batch: filescan -> error
2026-06-05 08:19:03,869 [ThreadPoolExecutor-12_0] INFO volatility3.framework.automagic: Running automagic: SymbolCacheMagic
2026-06-05 08:19:03,885 [ThreadPoolExecutor-12_0] INFO volatility3.framework.automagic: Running automagic: ConstructionMagic
2026-06-05 08:19:03,889 [ThreadPoolExecutor-12_0] INFO volatility3.framework.automagic: Running automagic: LayerStacker
2026-06-05 08:19:03,890 [ThreadPoolExecutor-12_0] INFO volatility3.framework.automagic: Running automagic: WinSwapLayers
2026-06-05 08:19:03,891 [ThreadPoolExecutor-12_0] INFO volatility3.framework.automagic: Running automagic: KernelPDBScanner
2026-06-05 08:19:03,909 [ThreadPoolExecutor-12_0] INFO volatility3.framework.symbols.windows.pdbconv: Download PDB file...
2026-06-05 08:19:08,709 [ThreadPoolExecutor-12_0] INFO volatility3.framework.automagic: Running automagic: SymbolFinder
2026-06-05 08:19:08,710 [ThreadPoolExecutor-12_0] INFO volatility3.framework.automagic: Running automagic: LinuxSymbolFinder
2026-06-05 08:19:08,711 [ThreadPoolExecutor-12_0] INFO volatility3.framework.automagic: Running automagic: MacSymbolFinder
2026-06-05 08:19:08,711 [ThreadPoolExecutor-12_0] INFO volatility3.framework.automagic: Running automagic: KernelModule
2026-06-05 08:19:08,712 [ThreadPoolExecutor-12_0] WARNING volatility3.framework.plugins: Automagic exception occurred: sqlite3.ProgrammingError: SQLite objects created in a thread can only be used in that same thread. The object was created in thread id 281472930607360 and this is thread id 281472332919040.
2026-06-05 08:19:08,713 [ThreadPoolExecutor-12_0] WARNING volatility3.framework.plugins: Automagic exception occurred: AttributeError: Unable to find _PrimitiveObject__new_value for type <class 'volatility3.framework.objects.String'>
2026-06-05 08:19:08,714 [mulder-job_0] INFO mulder.server.tools.extract.volatility: Volatility batch: modules -> error
2026-06-05 08:19:08,715 [ThreadPoolExecutor-13_0] INFO volatility3.framework.automagic: Running automagic: SymbolCacheMagic
2026-06-05 08:19:08,731 [ThreadPoolExecutor-13_0] INFO volatility3.framework.automagic: Running automagic: ConstructionMagic
2026-06-05 08:19:08,736 [ThreadPoolExecutor-13_0] INFO volatility3.framework.automagic: Running automagic: LayerStacker
2026-06-05 08:19:08,737 [ThreadPoolExecutor-13_0] INFO volatility3.framework.automagic: Running automagic: WinSwapLayers
2026-06-05 08:19:08,737 [ThreadPoolExecutor-13_0] INFO volatility3.framework.automagic: Running automagic: KernelPDBScanner
2026-06-05 08:19:08,752 [ThreadPoolExecutor-13_0] INFO volatility3.framework.symbols.windows.pdbconv: Download PDB file...
2026-06-05 08:19:08,757 [MainThread] INFO mcp.server.lowlevel.server: Processing request of type CallToolRequest
2026-06-05 08:19:09,274 [MainThread] INFO mcp.server.lowlevel.server: Processing request of type CallToolRequest
2026-06-05 08:19:09,638 [MainThread] INFO mcp.server.lowlevel.server: Processing request of type CallToolRequest
2026-06-05 08:19:10,601 [MainThread] INFO mcp.server.lowlevel.server: Processing request of type CallToolRequest
2026-06-05 08:19:11,593 [MainThread] INFO mcp.server.lowlevel.server: Processing request of type CallToolRequest
2026-06-05 08:19:12,824 [ThreadPoolExecutor-13_0] INFO volatility3.framework.automagic: Running automagic: SymbolFinder
2026-06-05 08:19:12,825 [ThreadPoolExecutor-13_0] INFO volatility3.framework.automagic: Running automagic: LinuxSymbolFinder
2026-06-05 08:19:12,825 [ThreadPoolExecutor-13_0] INFO volatility3.framework.automagic: Running automagic: MacSymbolFinder
2026-06-05 08:19:12,826 [ThreadPoolExecutor-13_0] INFO volatility3.framework.automagic: Running automagic: KernelModule
2026-06-05 08:19:12,827 [ThreadPoolExecutor-13_0] WARNING volatility3.framework.plugins: Automagic exception occurred: sqlite3.ProgrammingError: SQLite objects created in a thread can only be used in that same thread. The object was created in thread id 281472930607360 and this is thread id 281472332919040.
2026-06-05 08:19:12,828 [ThreadPoolExecutor-13_0] WARNING volatility3.framework.plugins: Automagic exception occurred: AttributeError: Unable to find _PrimitiveObject__new_value for type <class 'volatility3.framework.objects.String'>
2026-06-05 08:19:12,829 [mulder-job_0] INFO mulder.server.tools.extract.volatility: Volatility batch: modscan -> error
2026-06-05 08:19:12,829 [ThreadPoolExecutor-14_0] INFO volatility3.framework.automagic: Running automagic: SymbolCacheMagic
2026-06-05 08:19:12,845 [ThreadPoolExecutor-14_0] INFO volatility3.framework.automagic: Running automagic: ConstructionMagic
2026-06-05 08:19:12,849 [ThreadPoolExecutor-14_0] INFO volatility3.framework.automagic: Running automagic: LayerStacker
2026-06-05 08:19:12,850 [ThreadPoolExecutor-14_0] INFO volatility3.framework.automagic: Running automagic: WinSwapLayers
2026-06-05 08:19:12,850 [ThreadPoolExecutor-14_0] INFO volatility3.framework.automagic: Running automagic: KernelPDBScanner
2026-06-05 08:19:12,870 [ThreadPoolExecutor-14_0] INFO volatility3.framework.symbols.windows.pdbconv: Download PDB file...
2026-06-05 08:19:16,822 [ThreadPoolExecutor-14_0] INFO volatility3.framework.automagic: Running automagic: SymbolFinder
2026-06-05 08:19:16,823 [ThreadPoolExecutor-14_0] INFO volatility3.framework.automagic: Running automagic: LinuxSymbolFinder
2026-06-05 08:19:16,824 [ThreadPoolExecutor-14_0] INFO volatility3.framework.automagic: Running automagic: MacSymbolFinder
2026-06-05 08:19:16,825 [ThreadPoolExecutor-14_0] INFO volatility3.framework.automagic: Running automagic: KernelModule
2026-06-05 08:19:16,825 [ThreadPoolExecutor-14_0] WARNING volatility3.framework.plugins: Automagic exception occurred: sqlite3.ProgrammingError: SQLite objects created in a thread can only be used in that same thread. The object was created in thread id 281472930607360 and this is thread id 281472332919040.
2026-06-05 08:19:16,826 [ThreadPoolExecutor-14_0] WARNING volatility3.framework.plugins: Automagic exception occurred: AttributeError: Unable to find _PrimitiveObject__new_value for type <class 'volatility3.framework.objects.String'>
2026-06-05 08:19:16,827 [mulder-job_0] INFO mulder.server.tools.extract.volatility: Volatility batch: hivelist -> error
2026-06-05 08:19:16,828 [ThreadPoolExecutor-15_0] INFO volatility3.framework.automagic: Running automagic: SymbolCacheMagic
2026-06-05 08:19:16,844 [ThreadPoolExecutor-15_0] INFO volatility3.framework.automagic: Running automagic: ConstructionMagic
2026-06-05 08:19:16,848 [ThreadPoolExecutor-15_0] INFO volatility3.framework.automagic: Running automagic: LayerStacker
2026-06-05 08:19:16,849 [ThreadPoolExecutor-15_0] INFO volatility3.framework.automagic: Running automagic: WinSwapLayers
2026-06-05 08:19:16,849 [ThreadPoolExecutor-15_0] INFO volatility3.framework.automagic: Running automagic: KernelPDBScanner
2026-06-05 08:19:16,861 [ThreadPoolExecutor-15_0] INFO volatility3.framework.symbols.windows.pdbconv: Download PDB file...
2026-06-05 08:19:20,063 [ThreadPoolExecutor-15_0] INFO volatility3.framework.automagic: Running automagic: SymbolFinder
2026-06-05 08:19:20,064 [ThreadPoolExecutor-15_0] INFO volatility3.framework.automagic: Running automagic: LinuxSymbolFinder
2026-06-05 08:19:20,065 [ThreadPoolExecutor-15_0] INFO volatility3.framework.automagic: Running automagic: MacSymbolFinder
2026-06-05 08:19:20,065 [ThreadPoolExecutor-15_0] INFO volatility3.framework.automagic: Running automagic: KernelModule
2026-06-05 08:19:20,066 [ThreadPoolExecutor-15_0] WARNING volatility3.framework.plugins: Automagic exception occurred: sqlite3.ProgrammingError: SQLite objects created in a thread can only be used in that same thread. The object was created in thread id 281472930607360 and this is thread id 281472332919040.
2026-06-05 08:19:20,067 [ThreadPoolExecutor-15_0] WARNING volatility3.framework.plugins: Automagic exception occurred: AttributeError: Unable to find _PrimitiveObject__new_value for type <class 'volatility3.framework.objects.String'>
2026-06-05 08:19:20,068 [mulder-job_0] INFO mulder.server.tools.extract.volatility: Volatility batch: userassist -> error
2026-06-05 08:19:20,069 [ThreadPoolExecutor-16_0] INFO volatility3.framework.automagic: Running automagic: SymbolCacheMagic
2026-06-05 08:19:20,085 [ThreadPoolExecutor-16_0] INFO volatility3.framework.automagic: Running automagic: ConstructionMagic
2026-06-05 08:19:20,089 [ThreadPoolExecutor-16_0] INFO volatility3.framework.automagic: Running automagic: LayerStacker
2026-06-05 08:19:20,090 [ThreadPoolExecutor-16_0] INFO volatility3.framework.automagic: Running automagic: WinSwapLayers
2026-06-05 08:19:20,090 [ThreadPoolExecutor-16_0] INFO volatility3.framework.automagic: Running automagic: KernelPDBScanner
2026-06-05 08:19:20,103 [ThreadPoolExecutor-16_0] INFO volatility3.framework.symbols.windows.pdbconv: Download PDB file...
2026-06-05 08:19:24,635 [ThreadPoolExecutor-16_0] INFO volatility3.framework.automagic: Running automagic: SymbolFinder
2026-06-05 08:19:24,636 [ThreadPoolExecutor-16_0] INFO volatility3.framework.automagic: Running automagic: LinuxSymbolFinder
2026-06-05 08:19:24,637 [ThreadPoolExecutor-16_0] INFO volatility3.framework.automagic: Running automagic: MacSymbolFinder
2026-06-05 08:19:24,638 [ThreadPoolExecutor-16_0] INFO volatility3.framework.automagic: Running automagic: KernelModule
2026-06-05 08:19:24,638 [ThreadPoolExecutor-16_0] WARNING volatility3.framework.plugins: Automagic exception occurred: sqlite3.ProgrammingError: SQLite objects created in a thread can only be used in that same thread. The object was created in thread id 281472930607360 and this is thread id 281472332919040.
2026-06-05 08:19:24,639 [ThreadPoolExecutor-16_0] WARNING volatility3.framework.plugins: Automagic exception occurred: AttributeError: Unable to find _PrimitiveObject__new_value for type <class 'volatility3.framework.objects.String'>
2026-06-05 08:19:24,640 [mulder-job_0] INFO mulder.server.tools.extract.volatility: Volatility batch: vadinfo -> error
2026-06-05 08:19:24,644 [mulder-job_0] INFO mulder.server.jobs: Job job_59a18291 (run_volatility_batch) completed
2026-06-05 08:19:24,644 [mulder-job_0] INFO mulder.server.jobs: [JOB_COMPLETE] run_volatility_batch|completed|
2026-06-05 08:19:24,646 [MainThread] INFO mcp.server.lowlevel.server: Warning: FutureWarning: This API (volatility3.plugins.windows.malware.malfind.Malfind.run) will be removed in the first release after 2026-06-07. This plugin has been renamed, please call volatility3.plugins.windows.malware.malfind.Malfind rather than volatility3.plugins.windows.malfind.Malfind.
2026-06-05 08:19:24,646 [MainThread] INFO mcp.server.lowlevel.server: Warning: FutureWarning: This plugin (volatility3.plugins.windows.malfind.Malfind) has been renamed and will be removed in the first release after 2026-06-07. Please ensure all method calls to this plugin are replaced with calls to volatility3.plugins.windows.malware.malfind.Malfind
2026-06-05 08:19:32,043 [MainThread] INFO mcp.server.lowlevel.server: Processing request of type CallToolRequest
2026-06-05 08:19:37,830 [MainThread] INFO mcp.server.lowlevel.server: Processing request of type CallToolRequest
2026-06-05 08:19:39,414 [MainThread] INFO mcp.server.lowlevel.server: Processing request of type CallToolRequest
2026-06-05 08:19:39,421 [AnyIO worker thread] INFO mulder.server.jobs: Submitted batch bg_b27e9673 with 5 jobs: ['parse_autoruns', 'yara_scan_files', 'run_exiftool', 'detect_steganography', 'yara_scan_with_volatility']
2026-06-05 08:19:39,423 [mulder-job_1] WARNING mulder.server.jobs: Job job_2088a675 (detect_steganography) returned error: Path not found: /home/mulder/.mulder/cases/extracted/DESKTOP-SDN1RPT-Protected Files.zip
2026-06-05 08:19:39,424 [mulder-job_1] INFO mulder.server.jobs: [JOB_COMPLETE] detect_steganography|failed|Path not found: /home/mulder/.mulder/cases/extracted/DESKTOP-SDN1RPT-Protected Files.zip
2026-06-05 08:19:39,515 [mulder-job_2] INFO mulder.server.jobs: Job job_8d84c4df (parse_autoruns) completed
2026-06-05 08:19:39,515 [mulder-job_2] INFO mulder.server.jobs: [JOB_COMPLETE] parse_autoruns|completed|
2026-06-05 08:19:39,517 [mulder-job_3] INFO mulder.server.jobs: Job job_d2a87b8f (run_exiftool) completed
2026-06-05 08:19:39,517 [mulder-job_3] INFO mulder.server.jobs: [JOB_COMPLETE] run_exiftool|completed|
2026-06-05 08:19:39,829 [mulder-job_4] WARNING mulder.server.jobs: Job job_aa75d36f (yara_scan_files) returned error: yara exited 1: error scanning /home/mulder/.mulder/cases/extracted/DESKTOP-SDN1RPT-Protected Files.zip: could not open file

2026-06-05 08:19:39,830 [mulder-job_4] INFO mulder.server.jobs: [JOB_COMPLETE] yara_scan_files|failed|yara exited 1: error scanning /home/mulder/.mulder/cases/extracted/DESKTOP-SDN1RPT-Protected Files.zip: could not open file

2026-06-05 08:19:42,536 [MainThread] INFO mcp.server.lowlevel.server: Processing request of type CallToolRequest
2026-06-05 08:19:42,564 [MainThread] INFO mcp.server.lowlevel.server: Processing request of type CallToolRequest
2026-06-05 08:19:42,618 [MainThread] INFO mcp.server.lowlevel.server: Processing request of type CallToolRequest
2026-06-05 08:19:44,105 [MainThread] INFO mcp.server.lowlevel.server: Processing request of type CallToolRequest
2026-06-05 08:19:59,044 [MainThread] INFO mcp.server.lowlevel.server: Processing request of type CallToolRequest
2026-06-05 08:20:00,234 [MainThread] INFO mcp.server.lowlevel.server: Processing request of type CallToolRequest
2026-06-05 08:20:02,194 [MainThread] INFO mcp.server.lowlevel.server: Processing request of type CallToolRequest
2026-06-05 08:20:02,675 [MainThread] INFO mcp.server.lowlevel.server: Processing request of type CallToolRequest
2026-06-05 08:20:40,328 [MainThread] INFO mcp.server.lowlevel.server: Processing request of type CallToolRequest
2026-06-05 08:20:51,559 [MainThread] INFO mcp.server.lowlevel.server: Processing request of type CallToolRequest
2026-06-05 08:20:58,668 [MainThread] INFO mcp.server.lowlevel.server: Processing request of type CallToolRequest
2026-06-05 08:21:04,209 [MainThread] INFO mcp.server.lowlevel.server: Processing request of type CallToolRequest
2026-06-05 08:21:11,108 [MainThread] INFO mcp.server.lowlevel.server: Processing request of type CallToolRequest
2026-06-05 08:23:08,701 [MainThread] INFO mcp.server.lowlevel.server: Processing request of type CallToolRequest
2026-06-05 08:23:09,156 [MainThread] INFO mcp.server.lowlevel.server: Processing request of type CallToolRequest
2026-06-05 08:23:10,055 [MainThread] INFO mcp.server.lowlevel.server: Processing request of type CallToolRequest
2026-06-05 08:23:11,947 [MainThread] INFO mcp.server.lowlevel.server: Processing request of type CallToolRequest
2026-06-05 08:23:25,518 [MainThread] INFO mcp.server.lowlevel.server: Processing request of type CallToolRequest
2026-06-05 08:23:26,729 [MainThread] INFO mcp.server.lowlevel.server: Processing request of type CallToolRequest
2026-06-05 08:23:27,195 [MainThread] INFO mcp.server.lowlevel.server: Processing request of type CallToolRequest
2026-06-05 08:23:27,675 [MainThread] INFO mcp.server.lowlevel.server: Processing request of type CallToolRequest
2026-06-05 08:23:41,534 [MainThread] INFO mcp.server.lowlevel.server: Processing request of type CallToolRequest
2026-06-05 08:23:45,550 [MainThread] INFO mcp.server.lowlevel.server: Processing request of type CallToolRequest
2026-06-05 08:23:45,618 [MainThread] INFO mcp.server.lowlevel.server: Processing request of type CallToolRequest
2026-06-05 08:24:02,050 [mulder-job_0] INFO mulder.server.jobs: Job job_3846193d (yara_scan_with_volatility) completed
2026-06-05 08:24:02,053 [mulder-job_0] INFO mulder.server.jobs: [JOB_COMPLETE] yara_scan_with_volatility|completed|
2026-06-05 08:24:04,229 [MainThread] INFO mcp.server.lowlevel.server: Processing request of type CallToolRequest
2026-06-05 08:24:04,293 [MainThread] INFO mcp.server.lowlevel.server: Processing request of type CallToolRequest
2026-06-05 08:24:09,059 [MainThread] INFO mcp.server.lowlevel.server: Processing request of type CallToolRequest
2026-06-05 08:24:14,888 [MainThread] INFO mcp.server.lowlevel.server: Processing request of type CallToolRequest
2026-06-05 08:24:14,890 [AnyIO worker thread] INFO mulder.server.jobs: Submitted batch bg_9c0ef134 with 2 jobs: ['yara_scan_files', 'detect_steganography']
2026-06-05 08:24:14,985 [mulder-job_2] INFO mulder.server.jobs: Job job_77a27d36 (detect_steganography) completed
2026-06-05 08:24:14,986 [mulder-job_2] INFO mulder.server.jobs: [JOB_COMPLETE] detect_steganography|completed|
2026-06-05 08:24:18,130 [MainThread] INFO mcp.server.lowlevel.server: Processing request of type CallToolRequest
2026-06-05 08:24:18,836 [mulder-job_1] INFO mulder.server.jobs: Job job_755dd957 (yara_scan_files) completed
2026-06-05 08:24:18,837 [mulder-job_1] INFO mulder.server.jobs: [JOB_COMPLETE] yara_scan_files|completed|
2026-06-05 08:24:19,098 [MainThread] INFO mcp.server.lowlevel.server: Processing request of type CallToolRequest
2026-06-05 08:24:19,504 [MainThread] INFO mcp.server.lowlevel.server: Processing request of type CallToolRequest
2026-06-05 08:24:19,594 [MainThread] INFO mcp.server.lowlevel.server: Processing request of type CallToolRequest
2026-06-05 08:24:23,747 [MainThread] INFO mcp.server.lowlevel.server: Processing request of type CallToolRequest
2026-06-05 08:24:42,363 [MainThread] INFO mulder.server.app: Mulder MCP server ready (db_dir=/home/mulder/.mulder/cases)
2026-06-05 08:24:42,383 [MainThread] INFO mcp.server.lowlevel.server: Processing request of type ListToolsRequest
2026-06-05 08:24:42,386 [MainThread] INFO mcp.server.lowlevel.server: Processing request of type ListPromptsRequest
2026-06-05 08:24:42,387 [MainThread] INFO mcp.server.lowlevel.server: Processing request of type ListResourcesRequest
2026-06-05 08:24:46,307 [MainThread] INFO mcp.server.lowlevel.server: Processing request of type CallToolRequest
2026-06-05 08:24:47,511 [MainThread] INFO mcp.server.lowlevel.server: Processing request of type CallToolRequest
2026-06-05 08:24:47,514 [AnyIO worker thread] INFO mulder.server.app: Opening case database for 'szechuan' ...
2026-06-05 08:24:47,545 [AnyIO worker thread] INFO mulder.server.app: Server context ready for case 'szechuan'
2026-06-05 08:24:48,067 [MainThread] INFO mcp.server.lowlevel.server: Processing request of type CallToolRequest
2026-06-05 08:24:48,069 [MainThread] INFO mcp.server.lowlevel.server: Processing request of type CallToolRequest
2026-06-05 08:24:48,167 [MainThread] INFO mcp.server.lowlevel.server: Processing request of type CallToolRequest
2026-06-05 08:24:54,186 [MainThread] INFO mulder.server.app: Mulder MCP server ready (db_dir=/home/mulder/.mulder/cases)
2026-06-05 08:24:54,205 [MainThread] INFO mcp.server.lowlevel.server: Processing request of type ListToolsRequest
2026-06-05 08:24:54,207 [MainThread] INFO mcp.server.lowlevel.server: Processing request of type ListPromptsRequest
2026-06-05 08:24:54,208 [MainThread] INFO mcp.server.lowlevel.server: Processing request of type ListResourcesRequest
2026-06-05 08:25:01,963 [MainThread] INFO mcp.server.lowlevel.server: Processing request of type CallToolRequest
2026-06-05 08:25:06,168 [MainThread] INFO mcp.server.lowlevel.server: Processing request of type CallToolRequest
2026-06-05 08:25:10,343 [MainThread] INFO mcp.server.lowlevel.server: Processing request of type CallToolRequest
2026-06-05 08:25:10,346 [AnyIO worker thread] INFO mulder.server.app: Opening case database for 'szechuan' ...
2026-06-05 08:25:10,356 [AnyIO worker thread] INFO mulder.server.app: Server context ready for case 'szechuan'
2026-06-05 08:25:15,816 [MainThread] INFO mcp.server.lowlevel.server: Processing request of type CallToolRequest
2026-06-05 08:25:15,847 [MainThread] INFO mcp.server.lowlevel.server: Processing request of type CallToolRequest
2026-06-05 08:25:15,862 [MainThread] INFO mcp.server.lowlevel.server: Processing request of type CallToolRequest
2026-06-05 08:25:20,012 [MainThread] INFO mcp.server.lowlevel.server: Processing request of type CallToolRequest
2026-06-05 08:25:21,546 [MainThread] INFO mcp.server.lowlevel.server: Processing request of type CallToolRequest
2026-06-05 08:25:22,437 [MainThread] INFO mcp.server.lowlevel.server: Processing request of type CallToolRequest
2026-06-05 08:25:25,234 [MainThread] INFO mcp.server.lowlevel.server: Processing request of type CallToolRequest
2026-06-05 08:25:25,247 [MainThread] INFO mcp.server.lowlevel.server: Processing request of type CallToolRequest
2026-06-05 08:25:25,656 [MainThread] INFO mcp.server.lowlevel.server: Processing request of type CallToolRequest
2026-06-05 08:25:38,321 [MainThread] INFO mcp.server.lowlevel.server: Processing request of type CallToolRequest
2026-06-05 08:25:39,138 [MainThread] INFO mcp.server.lowlevel.server: Processing request of type CallToolRequest
2026-06-05 08:25:40,503 [MainThread] INFO mcp.server.lowlevel.server: Processing request of type CallToolRequest
2026-06-05 08:25:43,292 [MainThread] INFO mcp.server.lowlevel.server: Processing request of type CallToolRequest
2026-06-05 08:25:43,571 [MainThread] INFO mcp.server.lowlevel.server: Processing request of type CallToolRequest
2026-06-05 08:25:43,936 [MainThread] INFO mcp.server.lowlevel.server: Processing request of type CallToolRequest
2026-06-05 08:25:57,062 [MainThread] INFO mcp.server.lowlevel.server: Processing request of type CallToolRequest
2026-06-05 08:25:57,154 [MainThread] INFO mcp.server.lowlevel.server: Processing request of type CallToolRequest
2026-06-05 08:25:58,333 [MainThread] INFO mcp.server.lowlevel.server: Processing request of type CallToolRequest
2026-06-05 08:25:59,897 [MainThread] INFO mcp.server.lowlevel.server: Processing request of type CallToolRequest
2026-06-05 08:25:59,999 [MainThread] INFO mcp.server.lowlevel.server: Processing request of type CallToolRequest
2026-06-05 08:26:00,213 [MainThread] INFO mcp.server.lowlevel.server: Processing request of type CallToolRequest
2026-06-05 08:26:24,500 [MainThread] INFO mcp.server.lowlevel.server: Processing request of type CallToolRequest
2026-06-05 08:26:25,201 [MainThread] INFO mcp.server.lowlevel.server: Processing request of type CallToolRequest
2026-06-05 08:26:25,697 [MainThread] INFO mcp.server.lowlevel.server: Processing request of type CallToolRequest
2026-06-05 08:26:26,162 [MainThread] INFO mcp.server.lowlevel.server: Processing request of type CallToolRequest
2026-06-05 08:26:29,395 [MainThread] INFO mcp.server.lowlevel.server: Processing request of type CallToolRequest
2026-06-05 08:26:45,645 [MainThread] INFO mcp.server.lowlevel.server: Processing request of type CallToolRequest
2026-06-05 08:26:58,462 [MainThread] INFO mcp.server.lowlevel.server: Processing request of type CallToolRequest
2026-06-05 08:26:59,406 [MainThread] INFO mcp.server.lowlevel.server: Processing request of type CallToolRequest
2026-06-05 08:26:59,764 [MainThread] INFO mcp.server.lowlevel.server: Processing request of type CallToolRequest
2026-06-05 08:28:50,973 [MainThread] INFO mcp.server.lowlevel.server: Processing request of type CallToolRequest
2026-06-05 08:28:51,010 [MainThread] INFO mcp.server.lowlevel.server: Processing request of type CallToolRequest
2026-06-05 08:28:51,022 [MainThread] INFO mcp.server.lowlevel.server: Processing request of type CallToolRequest
2026-06-05 08:28:58,843 [MainThread] INFO mcp.server.lowlevel.server: Processing request of type CallToolRequest
2026-06-05 08:29:00,178 [MainThread] INFO mcp.server.lowlevel.server: Processing request of type CallToolRequest
2026-06-05 08:29:02,200 [MainThread] INFO mcp.server.lowlevel.server: Processing request of type CallToolRequest
2026-06-05 08:29:02,244 [MainThread] INFO mcp.server.lowlevel.server: Processing request of type CallToolRequest
2026-06-05 08:29:03,070 [MainThread] INFO mcp.server.lowlevel.server: Processing request of type CallToolRequest
2026-06-05 08:29:03,210 [MainThread] INFO mcp.server.lowlevel.server: Processing request of type CallToolRequest
2026-06-05 08:29:17,893 [MainThread] INFO mcp.server.lowlevel.server: Processing request of type CallToolRequest
2026-06-05 08:29:18,252 [MainThread] INFO mcp.server.lowlevel.server: Processing request of type CallToolRequest
2026-06-05 08:29:18,615 [MainThread] INFO mcp.server.lowlevel.server: Processing request of type CallToolRequest
2026-06-05 08:29:26,497 [MainThread] INFO mcp.server.lowlevel.server: Processing request of type CallToolRequest
2026-06-05 08:29:26,982 [MainThread] INFO mcp.server.lowlevel.server: Processing request of type CallToolRequest
2026-06-05 08:29:27,484 [MainThread] INFO mcp.server.lowlevel.server: Processing request of type CallToolRequest
2026-06-05 08:29:33,813 [MainThread] INFO mcp.server.lowlevel.server: Processing request of type CallToolRequest
2026-06-05 08:29:34,343 [MainThread] INFO mcp.server.lowlevel.server: Processing request of type CallToolRequest
2026-06-05 08:29:48,325 [MainThread] INFO mcp.server.lowlevel.server: Processing request of type CallToolRequest
2026-06-05 08:29:49,024 [MainThread] INFO mcp.server.lowlevel.server: Processing request of type CallToolRequest
2026-06-05 08:29:49,361 [MainThread] INFO mcp.server.lowlevel.server: Processing request of type CallToolRequest
2026-06-05 08:29:50,357 [MainThread] INFO mcp.server.lowlevel.server: Processing request of type CallToolRequest
2026-06-05 08:29:50,383 [MainThread] INFO mcp.server.lowlevel.server: Processing request of type CallToolRequest
2026-06-05 08:29:51,074 [MainThread] INFO mcp.server.lowlevel.server: Processing request of type CallToolRequest
2026-06-05 08:30:12,594 [MainThread] INFO mcp.server.lowlevel.server: Processing request of type CallToolRequest
2026-06-05 08:30:12,625 [MainThread] INFO mcp.server.lowlevel.server: Processing request of type CallToolRequest
2026-06-05 08:30:12,653 [MainThread] INFO mcp.server.lowlevel.server: Processing request of type CallToolRequest
2026-06-05 08:30:17,879 [MainThread] INFO mcp.server.lowlevel.server: Processing request of type CallToolRequest
2026-06-05 08:30:18,979 [MainThread] INFO mcp.server.lowlevel.server: Processing request of type CallToolRequest
2026-06-05 08:30:19,229 [MainThread] INFO httpx: HTTP Request: GET http://ip-api.com/json/203.78.103.109?fields=status%2Cmessage%2Ccountry%2CregionName%2Ccity%2Cisp%2Cas%2Cquery "HTTP/1.1 200 OK"
2026-06-05 08:30:19,395 [MainThread] INFO httpx: HTTP Request: GET http://ip-api.com/json/194.61.24.102?fields=status%2Cmessage%2Ccountry%2CregionName%2Ccity%2Cisp%2Cas%2Cquery "HTTP/1.1 200 OK"
2026-06-05 08:30:19,642 [MainThread] INFO httpx: HTTP Request: GET http://ip-api.com/json/62.8.193.206?fields=status%2Cmessage%2Ccountry%2CregionName%2Ccity%2Cisp%2Cas%2Cquery "HTTP/1.1 200 OK"
2026-06-05 08:30:45,352 [MainThread] INFO mcp.server.lowlevel.server: Processing request of type CallToolRequest
2026-06-05 08:30:45,449 [MainThread] INFO mcp.server.lowlevel.server: Processing request of type CallToolRequest
2026-06-05 08:30:45,703 [MainThread] INFO mcp.server.lowlevel.server: Processing request of type CallToolRequest
2026-06-05 08:30:53,532 [MainThread] INFO mcp.server.lowlevel.server: Processing request of type CallToolRequest
2026-06-05 08:31:02,215 [MainThread] INFO mcp.server.lowlevel.server: Processing request of type CallToolRequest
2026-06-05 08:31:04,878 [MainThread] INFO mcp.server.lowlevel.server: Processing request of type CallToolRequest
2026-06-05 08:31:05,540 [MainThread] INFO mcp.server.lowlevel.server: Processing request of type CallToolRequest
2026-06-05 08:31:13,107 [MainThread] INFO mcp.server.lowlevel.server: Processing request of type CallToolRequest
2026-06-05 08:31:13,159 [MainThread] INFO mcp.server.lowlevel.server: Processing request of type CallToolRequest
2026-06-05 08:31:37,062 [MainThread] INFO mcp.server.lowlevel.server: Processing request of type CallToolRequest
2026-06-05 08:31:45,041 [MainThread] INFO mcp.server.lowlevel.server: Processing request of type CallToolRequest
2026-06-05 08:31:45,532 [MainThread] INFO mcp.server.lowlevel.server: Processing request of type CallToolRequest
2026-06-05 08:31:46,185 [MainThread] INFO mcp.server.lowlevel.server: Processing request of type CallToolRequest
2026-06-05 08:31:55,696 [MainThread] INFO mcp.server.lowlevel.server: Processing request of type CallToolRequest
2026-06-05 08:32:08,485 [MainThread] INFO mcp.server.lowlevel.server: Processing request of type CallToolRequest
2026-06-05 08:32:09,012 [MainThread] INFO mcp.server.lowlevel.server: Processing request of type CallToolRequest
2026-06-05 08:32:14,113 [MainThread] INFO mcp.server.lowlevel.server: Processing request of type CallToolRequest
2026-06-05 08:32:28,233 [MainThread] INFO mcp.server.lowlevel.server: Processing request of type CallToolRequest
2026-06-05 08:32:40,257 [MainThread] INFO mcp.server.lowlevel.server: Processing request of type CallToolRequest
2026-06-05 08:32:54,622 [MainThread] INFO mcp.server.lowlevel.server: Processing request of type CallToolRequest
2026-06-05 08:33:00,493 [MainThread] INFO mulder.server.app: Mulder MCP server ready (db_dir=/home/mulder/.mulder/cases)
2026-06-05 08:33:00,512 [MainThread] INFO mcp.server.lowlevel.server: Processing request of type ListToolsRequest
2026-06-05 08:33:00,514 [MainThread] INFO mcp.server.lowlevel.server: Processing request of type ListPromptsRequest
2026-06-05 08:33:00,515 [MainThread] INFO mcp.server.lowlevel.server: Processing request of type ListResourcesRequest
2026-06-05 08:33:08,515 [MainThread] INFO mcp.server.lowlevel.server: Processing request of type CallToolRequest
2026-06-05 08:33:08,792 [MainThread] INFO mcp.server.lowlevel.server: Processing request of type CallToolRequest
2026-06-05 08:33:11,979 [MainThread] INFO mcp.server.lowlevel.server: Processing request of type CallToolRequest
2026-06-05 08:33:12,498 [MainThread] INFO mcp.server.lowlevel.server: Processing request of type CallToolRequest
2026-06-05 08:33:13,940 [MainThread] INFO mcp.server.lowlevel.server: Processing request of type CallToolRequest
2026-06-05 08:33:13,943 [AnyIO worker thread] WARNING mulder.server.tools.case: Overriding requested case_id 'case001-network' with MULDER_CASE_ID='szechuan'
2026-06-05 08:33:13,988 [AnyIO worker thread] INFO mulder.server.app: Server context ready for case 'szechuan'
2026-06-05 08:33:25,516 [MainThread] INFO mcp.server.lowlevel.server: Processing request of type CallToolRequest
2026-06-05 08:33:25,519 [AnyIO worker thread] INFO mulder.server.app: Opening case database for 'szechuan' ...
2026-06-05 08:33:25,528 [AnyIO worker thread] INFO mulder.server.app: Server context ready for case 'szechuan'
2026-06-05 08:33:25,539 [MainThread] INFO mcp.server.lowlevel.server: Processing request of type CallToolRequest
2026-06-05 08:33:38,744 [MainThread] INFO mcp.server.lowlevel.server: Processing request of type CallToolRequest
2026-06-05 08:33:55,951 [MainThread] INFO mcp.server.lowlevel.server: Processing request of type CallToolRequest
2026-06-05 08:34:15,341 [MainThread] INFO mcp.server.lowlevel.server: Processing request of type CallToolRequest
2026-06-05 08:34:16,807 [MainThread] INFO mcp.server.lowlevel.server: Processing request of type CallToolRequest
2026-06-05 08:34:43,013 [MainThread] INFO mcp.server.lowlevel.server: Processing request of type CallToolRequest
2026-06-05 08:34:53,270 [MainThread] INFO mcp.server.lowlevel.server: Processing request of type CallToolRequest
2026-06-05 08:35:02,494 [MainThread] INFO mcp.server.lowlevel.server: Processing request of type CallToolRequest
2026-06-05 08:35:50,315 [MainThread] INFO mulder.server.app: Mulder MCP server ready (db_dir=/home/mulder/.mulder/cases)
2026-06-05 08:35:50,333 [MainThread] INFO mcp.server.lowlevel.server: Processing request of type ListToolsRequest
2026-06-05 08:35:50,335 [MainThread] INFO mcp.server.lowlevel.server: Processing request of type ListPromptsRequest
2026-06-05 08:35:50,336 [MainThread] INFO mcp.server.lowlevel.server: Processing request of type ListResourcesRequest
2026-06-05 08:35:57,051 [MainThread] INFO mcp.server.lowlevel.server: Processing request of type CallToolRequest
2026-06-05 08:36:01,449 [MainThread] INFO mcp.server.lowlevel.server: Processing request of type CallToolRequest
2026-06-05 08:36:01,453 [AnyIO worker thread] INFO mulder.server.app: Opening case database for 'szechuan' ...
2026-06-05 08:36:01,462 [AnyIO worker thread] INFO mulder.server.app: Server context ready for case 'szechuan'
2026-06-05 08:36:06,159 [MainThread] INFO mcp.server.lowlevel.server: Processing request of type CallToolRequest
2026-06-05 08:36:06,372 [MainThread] INFO mcp.server.lowlevel.server: Processing request of type CallToolRequest
2026-06-05 08:36:06,394 [MainThread] INFO mcp.server.lowlevel.server: Processing request of type CallToolRequest
2026-06-05 08:36:07,015 [MainThread] INFO mcp.server.lowlevel.server: Processing request of type CallToolRequest
2026-06-05 08:36:24,252 [MainThread] INFO mcp.server.lowlevel.server: Processing request of type CallToolRequest
2026-06-05 08:36:26,786 [MainThread] INFO mcp.server.lowlevel.server: Processing request of type CallToolRequest
2026-06-05 08:37:01,669 [MainThread] INFO mcp.server.lowlevel.server: Processing request of type CallToolRequest
2026-06-05 08:38:40,124 [MainThread] INFO mulder.server.app: Mulder MCP server ready (db_dir=/home/mulder/.mulder/cases)
2026-06-05 08:38:40,142 [MainThread] INFO mcp.server.lowlevel.server: Processing request of type ListToolsRequest
2026-06-05 08:38:40,144 [MainThread] INFO mcp.server.lowlevel.server: Processing request of type ListPromptsRequest
2026-06-05 08:38:40,145 [MainThread] INFO mcp.server.lowlevel.server: Processing request of type ListResourcesRequest
2026-06-05 08:38:47,356 [MainThread] INFO mcp.server.lowlevel.server: Processing request of type CallToolRequest
2026-06-05 08:38:51,749 [MainThread] INFO mcp.server.lowlevel.server: Processing request of type CallToolRequest
2026-06-05 08:38:51,753 [AnyIO worker thread] INFO mulder.server.app: Opening case database for 'szechuan' ...
2026-06-05 08:38:51,764 [AnyIO worker thread] INFO mulder.server.app: Server context ready for case 'szechuan'
2026-06-05 08:38:57,999 [MainThread] INFO mcp.server.lowlevel.server: Processing request of type CallToolRequest
2026-06-05 08:38:58,198 [MainThread] INFO mcp.server.lowlevel.server: Processing request of type CallToolRequest
2026-06-05 08:38:58,308 [MainThread] INFO mcp.server.lowlevel.server: Processing request of type CallToolRequest
2026-06-05 08:38:58,612 [MainThread] INFO mcp.server.lowlevel.server: Processing request of type CallToolRequest
2026-06-05 08:39:01,995 [MainThread] INFO mcp.server.lowlevel.server: Processing request of type CallToolRequest
2026-06-05 08:39:02,131 [MainThread] INFO mcp.server.lowlevel.server: Processing request of type CallToolRequest
2026-06-05 08:39:02,853 [MainThread] INFO mcp.server.lowlevel.server: Processing request of type CallToolRequest
2026-06-05 08:39:06,187 [MainThread] INFO mcp.server.lowlevel.server: Processing request of type CallToolRequest
2026-06-05 08:39:14,843 [MainThread] INFO mcp.server.lowlevel.server: Processing request of type CallToolRequest
2026-06-05 08:39:15,849 [MainThread] INFO mcp.server.lowlevel.server: Processing request of type CallToolRequest
2026-06-05 08:39:17,651 [MainThread] INFO mcp.server.lowlevel.server: Processing request of type CallToolRequest
2026-06-05 08:39:17,733 [MainThread] INFO mcp.server.lowlevel.server: Processing request of type CallToolRequest
2026-06-05 08:39:17,771 [MainThread] INFO mcp.server.lowlevel.server: Processing request of type CallToolRequest
2026-06-05 08:39:17,905 [MainThread] INFO mcp.server.lowlevel.server: Processing request of type CallToolRequest
2026-06-05 08:39:17,918 [MainThread] INFO mcp.server.lowlevel.server: Processing request of type CallToolRequest
2026-06-05 08:39:36,129 [MainThread] INFO mulder.server.app: Mulder MCP server ready (db_dir=/home/mulder/.mulder/cases)
2026-06-05 08:39:36,146 [MainThread] INFO mcp.server.lowlevel.server: Processing request of type ListToolsRequest
2026-06-05 08:39:36,149 [MainThread] INFO mcp.server.lowlevel.server: Processing request of type ListPromptsRequest
2026-06-05 08:39:36,150 [MainThread] INFO mcp.server.lowlevel.server: Processing request of type ListResourcesRequest
2026-06-05 08:39:43,053 [MainThread] INFO mcp.server.lowlevel.server: Processing request of type CallToolRequest
2026-06-05 08:39:46,989 [MainThread] INFO mcp.server.lowlevel.server: Processing request of type CallToolRequest
2026-06-05 08:39:51,628 [MainThread] INFO mcp.server.lowlevel.server: Processing request of type CallToolRequest
2026-06-05 08:39:51,629 [AnyIO worker thread] INFO mulder.server.app: Opening case database for 'szechuan' ...
2026-06-05 08:39:51,639 [AnyIO worker thread] INFO mulder.server.app: Server context ready for case 'szechuan'
2026-06-05 08:39:57,268 [MainThread] INFO mcp.server.lowlevel.server: Processing request of type CallToolRequest
2026-06-05 08:39:57,433 [MainThread] INFO mcp.server.lowlevel.server: Processing request of type CallToolRequest
2026-06-05 08:39:57,449 [MainThread] INFO mcp.server.lowlevel.server: Processing request of type CallToolRequest
2026-06-05 08:40:06,116 [MainThread] INFO mcp.server.lowlevel.server: Processing request of type CallToolRequest
2026-06-05 08:40:06,643 [MainThread] INFO mcp.server.lowlevel.server: Processing request of type CallToolRequest
2026-06-05 08:40:07,024 [MainThread] INFO mcp.server.lowlevel.server: Processing request of type CallToolRequest
2026-06-05 08:40:07,370 [MainThread] INFO mcp.server.lowlevel.server: Processing request of type CallToolRequest
2026-06-05 08:40:12,026 [MainThread] INFO mcp.server.lowlevel.server: Processing request of type CallToolRequest
2026-06-05 08:40:15,202 [MainThread] INFO mcp.server.lowlevel.server: Processing request of type CallToolRequest
2026-06-05 08:40:18,170 [MainThread] INFO mcp.server.lowlevel.server: Processing request of type CallToolRequest
2026-06-05 08:40:18,512 [MainThread] INFO mcp.server.lowlevel.server: Processing request of type CallToolRequest
2026-06-05 08:40:26,368 [MainThread] INFO mcp.server.lowlevel.server: Processing request of type CallToolRequest
2026-06-05 08:40:29,447 [MainThread] INFO mcp.server.lowlevel.server: Processing request of type CallToolRequest
2026-06-05 08:40:29,758 [MainThread] INFO mcp.server.lowlevel.server: Processing request of type CallToolRequest
2026-06-05 08:40:29,784 [MainThread] INFO mcp.server.lowlevel.server: Processing request of type CallToolRequest
2026-06-05 08:40:36,804 [MainThread] INFO mcp.server.lowlevel.server: Processing request of type CallToolRequest
2026-06-05 08:40:37,930 [MainThread] INFO mcp.server.lowlevel.server: Processing request of type CallToolRequest
2026-06-05 08:40:38,848 [MainThread] INFO mcp.server.lowlevel.server: Processing request of type CallToolRequest
2026-06-05 08:40:39,417 [MainThread] INFO mcp.server.lowlevel.server: Processing request of type CallToolRequest
2026-06-05 08:40:49,078 [MainThread] INFO mcp.server.lowlevel.server: Processing request of type CallToolRequest
2026-06-05 08:40:49,856 [MainThread] INFO mcp.server.lowlevel.server: Processing request of type CallToolRequest
2026-06-05 08:40:50,574 [MainThread] INFO mcp.server.lowlevel.server: Processing request of type CallToolRequest
2026-06-05 08:40:50,610 [MainThread] INFO mcp.server.lowlevel.server: Processing request of type CallToolRequest
2026-06-05 08:41:32,506 [MainThread] INFO mcp.server.lowlevel.server: Processing request of type CallToolRequest
2026-06-05 08:41:33,359 [MainThread] INFO mcp.server.lowlevel.server: Processing request of type CallToolRequest
2026-06-05 08:41:33,621 [MainThread] INFO mcp.server.lowlevel.server: Processing request of type CallToolRequest
2026-06-05 08:41:58,108 [MainThread] INFO mcp.server.lowlevel.server: Processing request of type CallToolRequest
2026-06-05 08:41:58,630 [MainThread] INFO mcp.server.lowlevel.server: Processing request of type CallToolRequest
2026-06-05 08:41:58,848 [MainThread] INFO mcp.server.lowlevel.server: Processing request of type CallToolRequest
2026-06-05 08:41:59,809 [MainThread] INFO mcp.server.lowlevel.server: Processing request of type CallToolRequest
2026-06-05 08:42:00,162 [MainThread] INFO mcp.server.lowlevel.server: Processing request of type CallToolRequest
2026-06-05 08:42:21,254 [MainThread] INFO mcp.server.lowlevel.server: Processing request of type CallToolRequest
2026-06-05 08:42:38,774 [MainThread] INFO mcp.server.lowlevel.server: Processing request of type CallToolRequest
2026-06-05 08:42:44,095 [MainThread] INFO mcp.server.lowlevel.server: Processing request of type CallToolRequest
2026-06-05 08:43:00,014 [MainThread] INFO mcp.server.lowlevel.server: Processing request of type CallToolRequest
2026-06-05 08:43:59,318 [MainThread] INFO mcp.server.lowlevel.server: Processing request of type CallToolRequest
2026-06-05 08:44:04,985 [MainThread] INFO mcp.server.lowlevel.server: Processing request of type CallToolRequest
2026-06-05 08:44:08,103 [MainThread] INFO mcp.server.lowlevel.server: Processing request of type CallToolRequest
2026-06-05 08:44:12,858 [MainThread] INFO mcp.server.lowlevel.server: Processing request of type CallToolRequest
2026-06-05 08:44:17,890 [MainThread] INFO mcp.server.lowlevel.server: Processing request of type CallToolRequest
2026-06-05 08:44:33,171 [MainThread] INFO mcp.server.lowlevel.server: Processing request of type CallToolRequest
2026-06-05 08:44:54,919 [MainThread] INFO mulder.server.app: Mulder MCP server ready (db_dir=/home/mulder/.mulder/cases)
2026-06-05 08:44:54,938 [MainThread] INFO mcp.server.lowlevel.server: Processing request of type ListToolsRequest
2026-06-05 08:44:54,940 [MainThread] INFO mcp.server.lowlevel.server: Processing request of type ListPromptsRequest
2026-06-05 08:44:54,941 [MainThread] INFO mcp.server.lowlevel.server: Processing request of type ListResourcesRequest
2026-06-05 08:45:01,645 [MainThread] INFO mcp.server.lowlevel.server: Processing request of type CallToolRequest
2026-06-05 08:45:05,749 [MainThread] INFO mcp.server.lowlevel.server: Processing request of type CallToolRequest
2026-06-05 08:45:05,754 [AnyIO worker thread] INFO mulder.server.app: Opening case database for 'szechuan' ...
2026-06-05 08:45:05,765 [AnyIO worker thread] INFO mulder.server.app: Server context ready for case 'szechuan'
2026-06-05 08:45:10,461 [MainThread] INFO mcp.server.lowlevel.server: Processing request of type CallToolRequest
2026-06-05 08:45:10,769 [MainThread] INFO mcp.server.lowlevel.server: Processing request of type CallToolRequest
2026-06-05 08:45:10,800 [MainThread] INFO mcp.server.lowlevel.server: Processing request of type CallToolRequest
2026-06-05 08:45:18,208 [MainThread] INFO mcp.server.lowlevel.server: Processing request of type CallToolRequest
2026-06-05 08:45:21,177 [MainThread] INFO mcp.server.lowlevel.server: Processing request of type CallToolRequest
2026-06-05 08:47:46,756 [MainThread] INFO mulder.server.app: Mulder MCP server ready (db_dir=/home/mulder/.mulder/cases)
2026-06-05 08:47:46,774 [MainThread] INFO mcp.server.lowlevel.server: Processing request of type ListToolsRequest
2026-06-05 08:47:46,776 [MainThread] INFO mcp.server.lowlevel.server: Processing request of type ListPromptsRequest
2026-06-05 08:47:46,777 [MainThread] INFO mcp.server.lowlevel.server: Processing request of type ListResourcesRequest
2026-06-05 08:47:53,004 [MainThread] INFO mcp.server.lowlevel.server: Processing request of type CallToolRequest
2026-06-05 08:47:53,008 [AnyIO worker thread] INFO mulder.server.app: Opening case database for 'szechuan' ...
2026-06-05 08:47:53,047 [AnyIO worker thread] INFO mulder.server.app: Server context ready for case 'szechuan'
2026-06-05 08:48:07,176 [MainThread] INFO mcp.server.lowlevel.server: Processing request of type CallToolRequest
2026-06-05 08:48:16,576 [MainThread] INFO mcp.server.lowlevel.server: Processing request of type CallToolRequest
2026-06-05 08:48:23,011 [MainThread] INFO mcp.server.lowlevel.server: Processing request of type CallToolRequest
2026-06-05 08:48:23,397 [MainThread] INFO mcp.server.lowlevel.server: Processing request of type CallToolRequest
2026-06-05 08:48:23,753 [MainThread] INFO mcp.server.lowlevel.server: Processing request of type CallToolRequest
2026-06-05 08:48:24,111 [MainThread] INFO mcp.server.lowlevel.server: Processing request of type CallToolRequest
2026-06-05 08:48:24,465 [MainThread] INFO mcp.server.lowlevel.server: Processing request of type CallToolRequest
2026-06-05 08:48:25,395 [MainThread] INFO mcp.server.lowlevel.server: Processing request of type CallToolRequest
2026-06-05 08:48:25,705 [MainThread] INFO mcp.server.lowlevel.server: Processing request of type CallToolRequest
2026-06-05 08:48:32,683 [MainThread] INFO mcp.server.lowlevel.server: Processing request of type CallToolRequest
2026-06-05 08:48:36,153 [MainThread] INFO mcp.server.lowlevel.server: Processing request of type CallToolRequest
2026-06-05 08:48:36,175 [MainThread] INFO mcp.server.lowlevel.server: Processing request of type CallToolRequest
2026-06-05 08:48:36,199 [MainThread] INFO mcp.server.lowlevel.server: Processing request of type CallToolRequest
2026-06-05 08:49:08,035 [MainThread] INFO mulder.server.app: Mulder MCP server ready (db_dir=/home/mulder/.mulder/cases)
2026-06-05 08:49:08,051 [MainThread] INFO mcp.server.lowlevel.server: Processing request of type ListToolsRequest
2026-06-05 08:49:08,054 [MainThread] INFO mcp.server.lowlevel.server: Processing request of type ListPromptsRequest
2026-06-05 08:49:08,055 [MainThread] INFO mcp.server.lowlevel.server: Processing request of type ListResourcesRequest
2026-06-05 08:49:15,667 [MainThread] INFO mcp.server.lowlevel.server: Processing request of type CallToolRequest
2026-06-05 08:49:15,668 [AnyIO worker thread] INFO mulder.server.app: Opening case database for 'szechuan' ...
2026-06-05 08:49:15,691 [AnyIO worker thread] INFO mulder.server.app: Server context ready for case 'szechuan'
2026-06-05 08:49:15,703 [MainThread] INFO mcp.server.lowlevel.server: Processing request of type CallToolRequest
2026-06-05 08:49:46,453 [MainThread] INFO mcp.server.lowlevel.server: Processing request of type CallToolRequest
2026-06-05 08:49:47,418 [MainThread] INFO mcp.server.lowlevel.server: Processing request of type CallToolRequest
2026-06-05 08:49:47,454 [MainThread] INFO mcp.server.lowlevel.server: Processing request of type CallToolRequest
2026-06-05 08:50:00,616 [MainThread] INFO mcp.server.lowlevel.server: Processing request of type CallToolRequest
2026-06-05 08:50:01,313 [MainThread] INFO mcp.server.lowlevel.server: Processing request of type CallToolRequest
2026-06-05 08:50:01,962 [MainThread] INFO mcp.server.lowlevel.server: Processing request of type CallToolRequest
2026-06-05 08:51:21,299 [MainThread] INFO mcp.server.lowlevel.server: Processing request of type CallToolRequest
2026-06-05 08:51:21,835 [MainThread] INFO mcp.server.lowlevel.server: Processing request of type CallToolRequest
2026-06-05 08:51:22,506 [MainThread] INFO mcp.server.lowlevel.server: Processing request of type CallToolRequest
2026-06-05 08:51:22,554 [MainThread] INFO mcp.server.lowlevel.server: Processing request of type CallToolRequest
2026-06-05 08:52:32,991 [MainThread] INFO mcp.server.lowlevel.server: Processing request of type CallToolRequest
2026-06-05 08:52:33,023 [MainThread] INFO mcp.server.lowlevel.server: Processing request of type CallToolRequest
2026-06-05 08:52:36,139 [MainThread] INFO mcp.server.lowlevel.server: Processing request of type CallToolRequest
2026-06-05 08:53:36,644 [MainThread] INFO mcp.server.lowlevel.server: Processing request of type CallToolRequest
2026-06-05 08:53:51,444 [MainThread] INFO mcp.server.lowlevel.server: Processing request of type CallToolRequest
2026-06-05 08:54:22,206 [MainThread] INFO mcp.server.lowlevel.server: Processing request of type CallToolRequest
2026-06-05 08:54:31,944 [MainThread] INFO mcp.server.lowlevel.server: Processing request of type CallToolRequest
2026-06-05 08:54:58,104 [MainThread] INFO mcp.server.lowlevel.server: Processing request of type CallToolRequest
2026-06-05 08:54:58,134 [MainThread] INFO mcp.server.lowlevel.server: Processing request of type CallToolRequest
2026-06-05 08:55:34,454 [MainThread] INFO mcp.server.lowlevel.server: Processing request of type CallToolRequest
2026-06-05 08:56:08,921 [MainThread] INFO mulder.server.app: Mulder MCP server ready (db_dir=/home/mulder/.mulder/cases)
2026-06-05 08:56:08,938 [MainThread] INFO mcp.server.lowlevel.server: Processing request of type ListToolsRequest
2026-06-05 08:56:08,940 [MainThread] INFO mcp.server.lowlevel.server: Processing request of type ListPromptsRequest
2026-06-05 08:56:08,941 [MainThread] INFO mcp.server.lowlevel.server: Processing request of type ListResourcesRequest
2026-06-05 08:56:16,108 [MainThread] INFO mcp.server.lowlevel.server: Processing request of type CallToolRequest
2026-06-05 08:56:20,422 [MainThread] INFO mcp.server.lowlevel.server: Processing request of type CallToolRequest
2026-06-05 08:56:20,427 [AnyIO worker thread] INFO mulder.server.app: Opening case database for 'szechuan' ...
2026-06-05 08:56:20,438 [AnyIO worker thread] INFO mulder.server.app: Server context ready for case 'szechuan'
2026-06-05 08:56:26,167 [MainThread] INFO mcp.server.lowlevel.server: Processing request of type CallToolRequest
2026-06-05 08:56:26,683 [MainThread] INFO mcp.server.lowlevel.server: Processing request of type CallToolRequest
2026-06-05 08:56:26,704 [MainThread] INFO mcp.server.lowlevel.server: Processing request of type CallToolRequest
2026-06-05 08:56:27,021 [MainThread] INFO mcp.server.lowlevel.server: Processing request of type CallToolRequest
2026-06-05 08:56:27,030 [MainThread] INFO mcp.server.lowlevel.server: Processing request of type CallToolRequest
2026-06-05 08:59:58,960 [MainThread] INFO mcp.server.lowlevel.server: Processing request of type CallToolRequest
2026-06-05 09:00:05,813 [MainThread] INFO mcp.server.lowlevel.server: Processing request of type CallToolRequest
2026-06-05 09:00:10,191 [MainThread] INFO mcp.server.lowlevel.server: Processing request of type CallToolRequest
