2026-06-03 13:47:02,967 [MainThread] INFO mulder.server.app: Mulder MCP server ready (db_dir=/home/mulder/.mulder/cases)
2026-06-03 13:47:02,985 [MainThread] INFO mcp.server.lowlevel.server: Processing request of type ListToolsRequest
2026-06-03 13:47:02,987 [MainThread] INFO mcp.server.lowlevel.server: Processing request of type ListPromptsRequest
2026-06-03 13:47:02,988 [MainThread] INFO mcp.server.lowlevel.server: Processing request of type ListResourcesRequest
2026-06-03 13:47:08,805 [MainThread] INFO mcp.server.lowlevel.server: Processing request of type CallToolRequest
2026-06-03 13:47:08,845 [AnyIO worker thread] INFO mulder.server.app: Creating empty case database for 'SRL-2015' ...
2026-06-03 13:47:08,889 [AnyIO worker thread] INFO mulder.server.app: Server context ready for case 'SRL-2015'
2026-06-03 13:48:24,695 [MainThread] INFO mcp.server.lowlevel.server: Processing request of type CallToolRequest
2026-06-03 13:48:24,716 [MainThread] INFO mcp.server.lowlevel.server: Processing request of type CallToolRequest
2026-06-03 13:48:36,340 [MainThread] INFO mulder.server.app: Mulder MCP server ready (db_dir=/home/mulder/.mulder/cases)
2026-06-03 13:48:36,340 [MainThread] INFO mulder.server.app: Mulder MCP server ready (db_dir=/home/mulder/.mulder/cases)
2026-06-03 13:48:36,360 [MainThread] INFO mcp.server.lowlevel.server: Processing request of type ListToolsRequest
2026-06-03 13:48:36,360 [MainThread] INFO mcp.server.lowlevel.server: Processing request of type ListToolsRequest
2026-06-03 13:48:36,363 [MainThread] INFO mcp.server.lowlevel.server: Processing request of type ListPromptsRequest
2026-06-03 13:48:36,363 [MainThread] INFO mcp.server.lowlevel.server: Processing request of type ListPromptsRequest
2026-06-03 13:48:36,364 [MainThread] INFO mcp.server.lowlevel.server: Processing request of type ListResourcesRequest
2026-06-03 13:48:36,364 [MainThread] INFO mcp.server.lowlevel.server: Processing request of type ListResourcesRequest
2026-06-03 13:48:51,662 [MainThread] INFO mcp.server.lowlevel.server: Processing request of type CallToolRequest
2026-06-03 13:48:53,094 [MainThread] INFO mcp.server.lowlevel.server: Processing request of type CallToolRequest
2026-06-03 13:48:57,095 [MainThread] INFO mcp.server.lowlevel.server: Processing request of type CallToolRequest
2026-06-03 13:48:57,098 [AnyIO worker thread] WARNING mulder.server.tools.case: Overriding requested case_id 'win2008R2-controller' with MULDER_CASE_ID='SRL-2015'
2026-06-03 13:48:57,164 [AnyIO worker thread] INFO mulder.server.app: Server context ready for case 'SRL-2015'
2026-06-03 13:48:57,314 [MainThread] INFO mcp.server.lowlevel.server: Processing request of type CallToolRequest
2026-06-03 13:48:57,316 [AnyIO worker thread] WARNING mulder.server.tools.case: Overriding requested case_id 'win7-32-nromanoff' with MULDER_CASE_ID='SRL-2015'
2026-06-03 13:48:57,365 [AnyIO worker thread] INFO mulder.server.app: Server context ready for case 'SRL-2015'
2026-06-03 13:49:01,981 [MainThread] INFO mcp.server.lowlevel.server: Processing request of type CallToolRequest
2026-06-03 13:49:01,984 [AnyIO worker thread] INFO mulder.server.app: Opening case database for 'SRL-2015' ...
2026-06-03 13:49:01,993 [AnyIO worker thread] INFO mulder.server.app: Server context ready for case 'SRL-2015'
2026-06-03 13:49:35,838 [MainThread] INFO mcp.server.lowlevel.server: Processing request of type CallToolRequest
2026-06-03 13:49:35,840 [AnyIO worker thread] INFO mulder.server.app: Opening case database for 'SRL-2015' ...
2026-06-03 13:49:35,845 [AnyIO worker thread] INFO mulder.server.app: Server context ready for case 'SRL-2015'
2026-06-03 13:49:35,861 [MainThread] INFO mulder.server.app: Mulder MCP server ready (db_dir=/home/mulder/.mulder/cases)
2026-06-03 13:49:35,879 [MainThread] INFO mcp.server.lowlevel.server: Processing request of type ListToolsRequest
2026-06-03 13:49:35,882 [MainThread] INFO mcp.server.lowlevel.server: Processing request of type ListPromptsRequest
2026-06-03 13:49:35,883 [MainThread] INFO mcp.server.lowlevel.server: Processing request of type ListResourcesRequest
2026-06-03 13:49:49,230 [MainThread] INFO mcp.server.lowlevel.server: Processing request of type CallToolRequest
2026-06-03 13:49:53,658 [MainThread] INFO mcp.server.lowlevel.server: Processing request of type CallToolRequest
2026-06-03 13:49:53,660 [AnyIO worker thread] INFO mulder.server.app: Opening case database for 'SRL-2015' ...
2026-06-03 13:49:53,670 [AnyIO worker thread] INFO mulder.server.app: Server context ready for case 'SRL-2015'
2026-06-03 13:49:59,860 [MainThread] INFO mcp.server.lowlevel.server: Processing request of type CallToolRequest
2026-06-03 13:50:00,170 [AnyIO worker thread] INFO mulder.server.tools.extract.tsk: mmls failed on /evidence/win2008R2-controller-10.3.58.4/win2008R2-controller-c-drive/win2008R2-controller-c-drive.E01: no_partition_table
2026-06-03 13:50:03,720 [MainThread] INFO mcp.server.lowlevel.server: Processing request of type CallToolRequest
2026-06-03 13:50:03,737 [AnyIO worker thread] INFO mulder.server.jobs: Submitted batch bg_602c5f97 with 4 jobs: ['run_volatility_batch', 'run_fls', 'run_bulk_extractor', 'yara_scan_memory']
2026-06-03 13:50:03,757 [mulder-job_3] INFO mulder.server.tools.yara: Found memory dump in evidence root: /evidence/win2008R2-controller-10.3.58.4/win2008R2-controller-memory/win2008R2-controller-memory-raw.001
2026-06-03 13:50:03,760 [mulder-job_3] INFO mulder.server.tools.yara: Updated YARA rules: signature-base
2026-06-03 13:50:04,227 [mulder-job_0] INFO mulder.server.tools.extract.volatility: Volatility batch: context built for '/evidence/win2008R2-controller-10.3.58.4/win2008R2-controller-memory/win2008R2-controller-memory-raw.001', running 13 plugins (timeout=600s)
2026-06-03 13:50:04,229 [ThreadPoolExecutor-0_0] INFO volatility3.framework.automagic: Running automagic: SymbolCacheMagic
2026-06-03 13:50:04,253 [ThreadPoolExecutor-0_0] INFO volatility3.framework.automagic: Running automagic: ConstructionMagic
2026-06-03 13:50:04,271 [ThreadPoolExecutor-0_0] INFO volatility3.framework.automagic: Running automagic: LayerStacker
2026-06-03 13:50:04,294 [ThreadPoolExecutor-0_0] INFO volatility3.framework.automagic.linux: No Linux banners found - if this is a linux plugin, please check your symbol files location
2026-06-03 13:50:04,295 [ThreadPoolExecutor-0_0] INFO volatility3.framework.automagic.linux: No Linux banners found - if this is a linux plugin, please check your symbol files location
2026-06-03 13:50:04,297 [ThreadPoolExecutor-0_0] INFO volatility3.framework.automagic.mac: No Mac banners found - if this is a mac plugin, please check your symbol files location
2026-06-03 13:50:04,361 [ThreadPoolExecutor-0_0] INFO volatility3.framework.automagic: Running automagic: WinSwapLayers
2026-06-03 13:50:04,363 [ThreadPoolExecutor-0_0] INFO volatility3.framework.automagic: Running automagic: KernelPDBScanner
2026-06-03 13:50:04,476 [ThreadPoolExecutor-0_0] INFO volatility3.framework.symbols.windows.pdbconv: Download PDB file...
2026-06-03 13:50:07,013 [mulder-job_3] INFO mulder.server.tools.yara: YARA rule validation: 731/744 files valid (individual)
2026-06-03 13:50:10,834 [MainThread] INFO mcp.server.lowlevel.server: Processing request of type CallToolRequest
2026-06-03 13:50:11,683 [MainThread] INFO mulder.server.app: Mulder MCP server ready (db_dir=/home/mulder/.mulder/cases)
2026-06-03 13:50:11,739 [MainThread] INFO mcp.server.lowlevel.server: Processing request of type ListToolsRequest
2026-06-03 13:50:11,741 [MainThread] INFO mcp.server.lowlevel.server: Processing request of type ListPromptsRequest
2026-06-03 13:50:11,745 [MainThread] INFO mcp.server.lowlevel.server: Processing request of type ListResourcesRequest
2026-06-03 13:50:19,982 [ThreadPoolExecutor-0_0] INFO volatility3.framework.automagic: Running automagic: SymbolFinder
2026-06-03 13:50:19,983 [ThreadPoolExecutor-0_0] INFO volatility3.framework.automagic: Running automagic: LinuxSymbolFinder
2026-06-03 13:50:19,987 [ThreadPoolExecutor-0_0] INFO volatility3.framework.automagic: Running automagic: MacSymbolFinder
2026-06-03 13:50:19,988 [ThreadPoolExecutor-0_0] INFO volatility3.framework.automagic: Running automagic: KernelModule
2026-06-03 13:50:20,764 [mulder-job_0] INFO mulder.server.tools.extract.volatility: Volatility batch: pslist -> indexed
2026-06-03 13:50:20,765 [ThreadPoolExecutor-1_0] INFO volatility3.framework.automagic: Running automagic: SymbolCacheMagic
2026-06-03 13:50:20,800 [ThreadPoolExecutor-1_0] INFO volatility3.framework.automagic: Running automagic: ConstructionMagic
2026-06-03 13:50:20,804 [ThreadPoolExecutor-1_0] INFO volatility3.framework.automagic: Running automagic: LayerStacker
2026-06-03 13:50:20,808 [ThreadPoolExecutor-1_0] INFO volatility3.framework.automagic: Running automagic: WinSwapLayers
2026-06-03 13:50:20,812 [ThreadPoolExecutor-1_0] INFO volatility3.framework.automagic: Running automagic: KernelPDBScanner
2026-06-03 13:50:20,869 [ThreadPoolExecutor-1_0] INFO volatility3.framework.symbols.windows.pdbconv: Download PDB file...
2026-06-03 13:50:31,478 [MainThread] INFO mcp.server.lowlevel.server: Processing request of type CallToolRequest
2026-06-03 13:50:31,479 [MainThread] INFO mulder.server.app: Resource throttle: list_cases waiting (cpu=100%>=90.0%, waited 0s)
2026-06-03 13:50:33,834 [ThreadPoolExecutor-1_0] INFO volatility3.framework.automagic: Running automagic: SymbolFinder
2026-06-03 13:50:33,838 [ThreadPoolExecutor-1_0] INFO volatility3.framework.automagic: Running automagic: LinuxSymbolFinder
2026-06-03 13:50:33,839 [ThreadPoolExecutor-1_0] INFO volatility3.framework.automagic: Running automagic: MacSymbolFinder
2026-06-03 13:50:33,839 [ThreadPoolExecutor-1_0] INFO volatility3.framework.automagic: Running automagic: KernelModule
2026-06-03 13:50:34,700 [mulder-job_0] INFO mulder.server.tools.extract.volatility: Volatility batch: pstree -> indexed
2026-06-03 13:50:34,703 [ThreadPoolExecutor-2_0] INFO volatility3.framework.automagic: Running automagic: SymbolCacheMagic
2026-06-03 13:50:34,735 [ThreadPoolExecutor-2_0] INFO volatility3.framework.automagic: Running automagic: ConstructionMagic
2026-06-03 13:50:34,740 [ThreadPoolExecutor-2_0] INFO volatility3.framework.automagic: Running automagic: LayerStacker
2026-06-03 13:50:34,744 [ThreadPoolExecutor-2_0] INFO volatility3.framework.automagic: Running automagic: WinSwapLayers
2026-06-03 13:50:34,745 [ThreadPoolExecutor-2_0] INFO volatility3.framework.automagic: Running automagic: KernelPDBScanner
2026-06-03 13:50:34,858 [ThreadPoolExecutor-2_0] INFO volatility3.framework.symbols.windows.pdbconv: Download PDB file...
2026-06-03 13:50:36,484 [MainThread] INFO mulder.server.app: Resource throttle: list_cases waiting (cpu=100%>=90.0%, waited 5s)
2026-06-03 13:50:41,490 [MainThread] INFO mulder.server.app: Resource throttle: list_cases waiting (cpu=100%>=90.0%, waited 10s)
2026-06-03 13:50:46,498 [MainThread] INFO mulder.server.app: Resource throttle: list_cases waiting (cpu=100%>=90.0%, waited 15s)
2026-06-03 13:50:47,116 [ThreadPoolExecutor-2_0] INFO volatility3.framework.automagic: Running automagic: SymbolFinder
2026-06-03 13:50:47,117 [ThreadPoolExecutor-2_0] INFO volatility3.framework.automagic: Running automagic: LinuxSymbolFinder
2026-06-03 13:50:47,118 [ThreadPoolExecutor-2_0] INFO volatility3.framework.automagic: Running automagic: MacSymbolFinder
2026-06-03 13:50:47,118 [ThreadPoolExecutor-2_0] INFO volatility3.framework.automagic: Running automagic: KernelModule
2026-06-03 13:50:50,707 [mulder-job_0] INFO mulder.server.tools.extract.volatility: Volatility batch: cmdline -> indexed
2026-06-03 13:50:50,720 [ThreadPoolExecutor-3_0] INFO volatility3.framework.automagic: Running automagic: SymbolCacheMagic
2026-06-03 13:50:50,802 [ThreadPoolExecutor-3_0] INFO volatility3.framework.automagic: Running automagic: ConstructionMagic
2026-06-03 13:50:50,816 [ThreadPoolExecutor-3_0] INFO volatility3.framework.automagic: Running automagic: LayerStacker
2026-06-03 13:50:50,822 [ThreadPoolExecutor-3_0] INFO volatility3.framework.automagic: Running automagic: WinSwapLayers
2026-06-03 13:50:50,825 [ThreadPoolExecutor-3_0] INFO volatility3.framework.automagic: Running automagic: KernelPDBScanner
2026-06-03 13:50:50,884 [ThreadPoolExecutor-3_0] INFO volatility3.framework.symbols.windows.pdbconv: Download PDB file...
2026-06-03 13:50:51,503 [MainThread] INFO mulder.server.app: Resource throttle: list_cases waiting (cpu=100%>=90.0%, waited 20s)
2026-06-03 13:50:52,895 [mulder-job_1] INFO mulder.server.jobs: Job job_ffb74c72 (run_fls) completed
2026-06-03 13:50:52,908 [mulder-job_1] INFO mulder.server.jobs: [JOB_COMPLETE] run_fls|completed|
2026-06-03 13:50:56,510 [MainThread] INFO mulder.server.app: Resource throttle: list_cases waiting (cpu=100%>=90.0%, waited 25s)
2026-06-03 13:51:01,520 [MainThread] INFO mulder.server.app: Resource throttle: list_cases waiting (cpu=100%>=90.0%, waited 30s)
2026-06-03 13:51:02,737 [ThreadPoolExecutor-3_0] INFO volatility3.framework.automagic: Running automagic: SymbolFinder
2026-06-03 13:51:02,741 [ThreadPoolExecutor-3_0] INFO volatility3.framework.automagic: Running automagic: LinuxSymbolFinder
2026-06-03 13:51:02,741 [ThreadPoolExecutor-3_0] INFO volatility3.framework.automagic: Running automagic: MacSymbolFinder
2026-06-03 13:51:02,742 [ThreadPoolExecutor-3_0] INFO volatility3.framework.automagic: Running automagic: KernelModule
2026-06-03 13:51:06,527 [MainThread] INFO mulder.server.app: Resource throttle: list_cases waiting (cpu=100%>=90.0%, waited 35s)
2026-06-03 13:51:11,538 [MainThread] INFO mulder.server.app: Resource throttle: list_cases waiting (cpu=100%>=90.0%, waited 40s)
2026-06-03 13:51:16,548 [MainThread] INFO mulder.server.app: Resource throttle: list_cases waiting (cpu=100%>=90.0%, waited 45s)
2026-06-03 13:51:21,554 [MainThread] INFO mulder.server.app: Resource throttle: list_cases waiting (cpu=100%>=90.0%, waited 50s)
2026-06-03 13:51:26,566 [MainThread] INFO mulder.server.app: Resource throttle: list_cases waiting (cpu=100%>=90.0%, waited 55s)
2026-06-03 13:51:31,572 [MainThread] INFO mulder.server.app: Resource throttle: list_cases waiting (cpu=100%>=90.0%, waited 60s)
2026-06-03 13:51:35,118 [mulder-job_0] INFO mulder.server.tools.extract.volatility: Volatility batch: netscan -> indexed
2026-06-03 13:51:35,120 [ThreadPoolExecutor-4_0] INFO volatility3.framework.automagic: Running automagic: SymbolCacheMagic
2026-06-03 13:51:35,153 [ThreadPoolExecutor-4_0] INFO volatility3.framework.automagic: Running automagic: ConstructionMagic
2026-06-03 13:51:35,162 [ThreadPoolExecutor-4_0] INFO volatility3.framework.automagic: Running automagic: LayerStacker
2026-06-03 13:51:35,166 [ThreadPoolExecutor-4_0] INFO volatility3.framework.automagic: Running automagic: WinSwapLayers
2026-06-03 13:51:35,167 [ThreadPoolExecutor-4_0] INFO volatility3.framework.automagic: Running automagic: KernelPDBScanner
2026-06-03 13:51:35,217 [ThreadPoolExecutor-4_0] INFO volatility3.framework.symbols.windows.pdbconv: Download PDB file...
2026-06-03 13:51:36,579 [MainThread] INFO mulder.server.app: Resource throttle: list_cases waiting (cpu=100%>=90.0%, waited 65s)
2026-06-03 13:51:41,585 [MainThread] INFO mulder.server.app: Resource throttle: list_cases waiting (cpu=100%>=90.0%, waited 70s)
2026-06-03 13:51:46,591 [MainThread] INFO mulder.server.app: Resource throttle: list_cases waiting (cpu=100%>=90.0%, waited 75s)
2026-06-03 13:51:47,922 [ThreadPoolExecutor-4_0] INFO volatility3.framework.automagic: Running automagic: SymbolFinder
2026-06-03 13:51:47,926 [ThreadPoolExecutor-4_0] INFO volatility3.framework.automagic: Running automagic: LinuxSymbolFinder
2026-06-03 13:51:47,927 [ThreadPoolExecutor-4_0] INFO volatility3.framework.automagic: Running automagic: MacSymbolFinder
2026-06-03 13:51:47,927 [ThreadPoolExecutor-4_0] INFO volatility3.framework.automagic: Running automagic: KernelModule
2026-06-03 13:51:51,599 [MainThread] INFO mulder.server.app: Resource throttle: list_cases waiting (cpu=100%>=90.0%, waited 80s)
2026-06-03 13:51:56,605 [MainThread] INFO mulder.server.app: Resource throttle: list_cases waiting (cpu=100%>=90.0%, waited 85s)
2026-06-03 13:51:59,986 [mulder-job_3] INFO mulder.server.jobs: Job job_30f4dfe0 (yara_scan_memory) completed
2026-06-03 13:51:59,996 [mulder-job_3] INFO mulder.server.jobs: [JOB_COMPLETE] yara_scan_memory|completed|
2026-06-03 13:52:01,612 [MainThread] INFO mulder.server.app: Resource throttle: list_cases waiting (cpu=100%>=90.0%, waited 90s)
2026-06-03 13:52:06,621 [MainThread] INFO mulder.server.app: Resource throttle: list_cases waiting (cpu=100%>=90.0%, waited 95s)
2026-06-03 13:52:11,628 [MainThread] INFO mulder.server.app: Resource throttle: list_cases waiting (cpu=100%>=90.0%, waited 100s)
2026-06-03 13:52:16,638 [MainThread] INFO mulder.server.app: Resource throttle: list_cases waiting (cpu=100%>=90.0%, waited 105s)
2026-06-03 13:52:21,646 [MainThread] INFO mulder.server.app: Resource throttle: list_cases waiting (cpu=100%>=90.0%, waited 110s)
2026-06-03 13:52:26,653 [MainThread] INFO mulder.server.app: Resource throttle: list_cases waiting (cpu=100%>=90.0%, waited 115s)
2026-06-03 13:52:31,663 [MainThread] INFO mulder.server.app: Resource throttle: list_cases waiting (cpu=100%>=90.0%, waited 120s)
2026-06-03 13:52:34,407 [mulder-job_0] INFO mulder.server.tools.extract.volatility: Volatility batch: malfind -> indexed
2026-06-03 13:52:34,411 [ThreadPoolExecutor-5_0] INFO volatility3.framework.automagic: Running automagic: SymbolCacheMagic
2026-06-03 13:52:34,450 [ThreadPoolExecutor-5_0] INFO volatility3.framework.automagic: Running automagic: ConstructionMagic
2026-06-03 13:52:34,460 [ThreadPoolExecutor-5_0] INFO volatility3.framework.automagic: Running automagic: LayerStacker
2026-06-03 13:52:34,465 [ThreadPoolExecutor-5_0] INFO volatility3.framework.automagic: Running automagic: WinSwapLayers
2026-06-03 13:52:34,471 [ThreadPoolExecutor-5_0] INFO volatility3.framework.automagic: Running automagic: KernelPDBScanner
2026-06-03 13:52:34,554 [ThreadPoolExecutor-5_0] INFO volatility3.framework.symbols.windows.pdbconv: Download PDB file...
2026-06-03 13:52:36,669 [MainThread] INFO mulder.server.app: Resource throttle: list_cases waiting (cpu=100%>=90.0%, waited 125s)
2026-06-03 13:52:41,678 [MainThread] INFO mulder.server.app: Resource throttle: list_cases waiting (cpu=100%>=90.0%, waited 130s)
2026-06-03 13:52:45,688 [ThreadPoolExecutor-5_0] INFO volatility3.framework.automagic: Running automagic: SymbolFinder
2026-06-03 13:52:45,692 [ThreadPoolExecutor-5_0] INFO volatility3.framework.automagic: Running automagic: LinuxSymbolFinder
2026-06-03 13:52:45,692 [ThreadPoolExecutor-5_0] INFO volatility3.framework.automagic: Running automagic: MacSymbolFinder
2026-06-03 13:52:45,693 [ThreadPoolExecutor-5_0] INFO volatility3.framework.automagic: Running automagic: KernelModule
2026-06-03 13:52:46,690 [MainThread] INFO mulder.server.app: Resource throttle: list_cases waiting (cpu=100%>=90.0%, waited 135s)
2026-06-03 13:52:51,696 [MainThread] INFO mulder.server.app: Resource throttle: list_cases waiting (cpu=100%>=90.0%, waited 140s)
2026-06-03 13:52:56,708 [MainThread] INFO mulder.server.app: Resource throttle: list_cases waiting (cpu=100%>=90.0%, waited 145s)
2026-06-03 13:53:01,714 [MainThread] INFO mulder.server.app: Resource throttle: list_cases waiting (cpu=100%>=90.0%, waited 150s)
2026-06-03 13:53:05,487 [mulder-job_0] INFO mulder.server.tools.extract.volatility: Volatility batch: psscan -> indexed
2026-06-03 13:53:05,493 [ThreadPoolExecutor-6_0] INFO volatility3.framework.automagic: Running automagic: SymbolCacheMagic
2026-06-03 13:53:05,515 [ThreadPoolExecutor-6_0] INFO volatility3.framework.automagic: Running automagic: ConstructionMagic
2026-06-03 13:53:05,522 [ThreadPoolExecutor-6_0] INFO volatility3.framework.automagic: Running automagic: LayerStacker
2026-06-03 13:53:05,526 [ThreadPoolExecutor-6_0] INFO volatility3.framework.automagic: Running automagic: WinSwapLayers
2026-06-03 13:53:05,527 [ThreadPoolExecutor-6_0] INFO volatility3.framework.automagic: Running automagic: KernelPDBScanner
2026-06-03 13:53:05,602 [ThreadPoolExecutor-6_0] INFO volatility3.framework.symbols.windows.pdbconv: Download PDB file...
2026-06-03 13:53:06,724 [MainThread] INFO mulder.server.app: Resource throttle: list_cases waiting (cpu=100%>=90.0%, waited 155s)
2026-06-03 13:53:11,731 [MainThread] INFO mulder.server.app: Resource throttle: list_cases waiting (cpu=100%>=90.0%, waited 160s)
2026-06-03 13:53:16,745 [MainThread] INFO mulder.server.app: Resource throttle: list_cases waiting (cpu=100%>=90.0%, waited 165s)
2026-06-03 13:53:19,231 [ThreadPoolExecutor-6_0] INFO volatility3.framework.automagic: Running automagic: SymbolFinder
2026-06-03 13:53:19,236 [ThreadPoolExecutor-6_0] INFO volatility3.framework.automagic: Running automagic: LinuxSymbolFinder
2026-06-03 13:53:19,241 [ThreadPoolExecutor-6_0] INFO volatility3.framework.automagic: Running automagic: MacSymbolFinder
2026-06-03 13:53:19,241 [ThreadPoolExecutor-6_0] INFO volatility3.framework.automagic: Running automagic: KernelModule
2026-06-03 13:53:21,757 [MainThread] INFO mulder.server.app: Resource throttle: list_cases waiting (cpu=100%>=90.0%, waited 170s)
2026-06-03 13:53:26,383 [mulder-job_0] INFO mulder.server.tools.extract.volatility: Volatility batch: dlllist -> indexed
2026-06-03 13:53:26,389 [ThreadPoolExecutor-7_0] INFO volatility3.framework.automagic: Running automagic: SymbolCacheMagic
2026-06-03 13:53:26,433 [ThreadPoolExecutor-7_0] INFO volatility3.framework.automagic: Running automagic: ConstructionMagic
2026-06-03 13:53:26,442 [ThreadPoolExecutor-7_0] INFO volatility3.framework.automagic: Running automagic: LayerStacker
2026-06-03 13:53:26,446 [ThreadPoolExecutor-7_0] INFO volatility3.framework.automagic: Running automagic: WinSwapLayers
2026-06-03 13:53:26,447 [ThreadPoolExecutor-7_0] INFO volatility3.framework.automagic: Running automagic: KernelPDBScanner
2026-06-03 13:53:26,514 [ThreadPoolExecutor-7_0] INFO volatility3.framework.symbols.windows.pdbconv: Download PDB file...
2026-06-03 13:53:26,764 [MainThread] INFO mulder.server.app: Resource throttle: list_cases waiting (cpu=100%>=90.0%, waited 175s)
2026-06-03 13:53:31,770 [MainThread] INFO mulder.server.app: Resource throttle: list_cases waiting (cpu=100%>=90.0%, waited 180s)
2026-06-03 13:53:36,776 [MainThread] INFO mulder.server.app: Resource throttle: list_cases waiting (cpu=100%>=90.0%, waited 185s)
2026-06-03 13:53:40,271 [ThreadPoolExecutor-7_0] INFO volatility3.framework.automagic: Running automagic: SymbolFinder
2026-06-03 13:53:40,272 [ThreadPoolExecutor-7_0] INFO volatility3.framework.automagic: Running automagic: LinuxSymbolFinder
2026-06-03 13:53:40,276 [ThreadPoolExecutor-7_0] INFO volatility3.framework.automagic: Running automagic: MacSymbolFinder
2026-06-03 13:53:40,276 [ThreadPoolExecutor-7_0] INFO volatility3.framework.automagic: Running automagic: KernelModule
2026-06-03 13:53:41,785 [MainThread] INFO mulder.server.app: Resource throttle: list_cases waiting (cpu=100%>=90.0%, waited 190s)
2026-06-03 13:53:46,793 [MainThread] INFO mulder.server.app: Resource throttle: list_cases waiting (cpu=100%>=90.0%, waited 195s)
2026-06-03 13:53:49,460 [mulder-job_0] INFO mulder.server.tools.extract.volatility: Volatility batch: svcscan -> indexed
2026-06-03 13:53:49,462 [ThreadPoolExecutor-8_0] INFO volatility3.framework.automagic: Running automagic: SymbolCacheMagic
2026-06-03 13:53:49,496 [ThreadPoolExecutor-8_0] INFO volatility3.framework.automagic: Running automagic: ConstructionMagic
2026-06-03 13:53:49,505 [ThreadPoolExecutor-8_0] INFO volatility3.framework.automagic: Running automagic: LayerStacker
2026-06-03 13:53:49,509 [ThreadPoolExecutor-8_0] INFO volatility3.framework.automagic: Running automagic: WinSwapLayers
2026-06-03 13:53:49,513 [ThreadPoolExecutor-8_0] INFO volatility3.framework.automagic: Running automagic: KernelPDBScanner
2026-06-03 13:53:49,573 [ThreadPoolExecutor-8_0] INFO volatility3.framework.symbols.windows.pdbconv: Download PDB file...
2026-06-03 13:53:51,802 [MainThread] INFO mulder.server.app: Resource throttle: list_cases waiting (cpu=100%>=90.0%, waited 200s)
2026-06-03 13:53:52,392 [ThreadPoolExecutor-8_0] INFO volatility3.framework.automagic: Running automagic: SymbolFinder
2026-06-03 13:53:52,393 [ThreadPoolExecutor-8_0] INFO volatility3.framework.automagic: Running automagic: LinuxSymbolFinder
2026-06-03 13:53:52,394 [ThreadPoolExecutor-8_0] INFO volatility3.framework.automagic: Running automagic: MacSymbolFinder
2026-06-03 13:53:52,395 [ThreadPoolExecutor-8_0] INFO volatility3.framework.automagic: Running automagic: KernelModule
2026-06-03 13:53:52,397 [ThreadPoolExecutor-8_0] WARNING volatility3.framework.plugins: Automagic exception occurred: sqlite3.ProgrammingError: SQLite objects created in a thread can only be used in that same thread. The object was created in thread id 281473199374592 and this is thread id 281472560787712.
2026-06-03 13:53:52,401 [ThreadPoolExecutor-8_0] WARNING volatility3.framework.plugins: Automagic exception occurred: AttributeError: Unable to find _PrimitiveObject__new_value for type <class 'volatility3.framework.objects.String'>
2026-06-03 13:53:52,402 [mulder-job_0] INFO mulder.server.tools.extract.volatility: Volatility batch: envars -> error
2026-06-03 13:53:52,405 [ThreadPoolExecutor-9_0] INFO volatility3.framework.automagic: Running automagic: SymbolCacheMagic
2026-06-03 13:53:52,437 [ThreadPoolExecutor-9_0] INFO volatility3.framework.automagic: Running automagic: ConstructionMagic
2026-06-03 13:53:52,440 [ThreadPoolExecutor-9_0] INFO volatility3.framework.automagic: Running automagic: LayerStacker
2026-06-03 13:53:52,444 [ThreadPoolExecutor-9_0] INFO volatility3.framework.automagic: Running automagic: WinSwapLayers
2026-06-03 13:53:52,446 [ThreadPoolExecutor-9_0] INFO volatility3.framework.automagic: Running automagic: KernelPDBScanner
2026-06-03 13:53:52,511 [ThreadPoolExecutor-9_0] INFO volatility3.framework.symbols.windows.pdbconv: Download PDB file...
2026-06-03 13:53:55,837 [ThreadPoolExecutor-9_0] INFO volatility3.framework.automagic: Running automagic: SymbolFinder
2026-06-03 13:53:55,841 [ThreadPoolExecutor-9_0] INFO volatility3.framework.automagic: Running automagic: LinuxSymbolFinder
2026-06-03 13:53:55,842 [ThreadPoolExecutor-9_0] INFO volatility3.framework.automagic: Running automagic: MacSymbolFinder
2026-06-03 13:53:55,845 [ThreadPoolExecutor-9_0] INFO volatility3.framework.automagic: Running automagic: KernelModule
2026-06-03 13:53:55,846 [ThreadPoolExecutor-9_0] WARNING volatility3.framework.plugins: Automagic exception occurred: sqlite3.ProgrammingError: SQLite objects created in a thread can only be used in that same thread. The object was created in thread id 281473199374592 and this is thread id 281472560787712.
2026-06-03 13:53:55,846 [ThreadPoolExecutor-9_0] WARNING volatility3.framework.plugins: Automagic exception occurred: AttributeError: Unable to find _PrimitiveObject__new_value for type <class 'volatility3.framework.objects.String'>
2026-06-03 13:53:55,847 [mulder-job_0] INFO mulder.server.tools.extract.volatility: Volatility batch: filescan -> error
2026-06-03 13:53:55,851 [ThreadPoolExecutor-10_0] INFO volatility3.framework.automagic: Running automagic: SymbolCacheMagic
2026-06-03 13:53:55,875 [ThreadPoolExecutor-10_0] INFO volatility3.framework.automagic: Running automagic: ConstructionMagic
2026-06-03 13:53:55,885 [ThreadPoolExecutor-10_0] INFO volatility3.framework.automagic: Running automagic: LayerStacker
2026-06-03 13:53:55,887 [ThreadPoolExecutor-10_0] INFO volatility3.framework.automagic: Running automagic: WinSwapLayers
2026-06-03 13:53:55,890 [ThreadPoolExecutor-10_0] INFO volatility3.framework.automagic: Running automagic: KernelPDBScanner
2026-06-03 13:53:55,956 [ThreadPoolExecutor-10_0] INFO volatility3.framework.symbols.windows.pdbconv: Download PDB file...
2026-06-03 13:53:56,811 [MainThread] INFO mulder.server.app: Resource throttle: list_cases waiting (cpu=100%>=90.0%, waited 205s)
2026-06-03 13:53:58,600 [ThreadPoolExecutor-10_0] INFO volatility3.framework.automagic: Running automagic: SymbolFinder
2026-06-03 13:53:58,601 [ThreadPoolExecutor-10_0] INFO volatility3.framework.automagic: Running automagic: LinuxSymbolFinder
2026-06-03 13:53:58,602 [ThreadPoolExecutor-10_0] INFO volatility3.framework.automagic: Running automagic: MacSymbolFinder
2026-06-03 13:53:58,604 [ThreadPoolExecutor-10_0] INFO volatility3.framework.automagic: Running automagic: KernelModule
2026-06-03 13:53:58,605 [ThreadPoolExecutor-10_0] WARNING volatility3.framework.plugins: Automagic exception occurred: sqlite3.ProgrammingError: SQLite objects created in a thread can only be used in that same thread. The object was created in thread id 281473199374592 and this is thread id 281472787804416.
2026-06-03 13:53:58,606 [ThreadPoolExecutor-10_0] WARNING volatility3.framework.plugins: Automagic exception occurred: AttributeError: Unable to find _PrimitiveObject__new_value for type <class 'volatility3.framework.objects.String'>
2026-06-03 13:53:58,607 [mulder-job_0] INFO mulder.server.tools.extract.volatility: Volatility batch: modscan -> error
2026-06-03 13:53:58,609 [ThreadPoolExecutor-11_0] INFO volatility3.framework.automagic: Running automagic: SymbolCacheMagic
2026-06-03 13:53:58,643 [ThreadPoolExecutor-11_0] INFO volatility3.framework.automagic: Running automagic: ConstructionMagic
2026-06-03 13:53:58,654 [ThreadPoolExecutor-11_0] INFO volatility3.framework.automagic: Running automagic: LayerStacker
2026-06-03 13:53:58,658 [ThreadPoolExecutor-11_0] INFO volatility3.framework.automagic: Running automagic: WinSwapLayers
2026-06-03 13:53:58,659 [ThreadPoolExecutor-11_0] INFO volatility3.framework.automagic: Running automagic: KernelPDBScanner
2026-06-03 13:53:58,749 [ThreadPoolExecutor-11_0] INFO volatility3.framework.symbols.windows.pdbconv: Download PDB file...
2026-06-03 13:54:01,201 [ThreadPoolExecutor-11_0] INFO volatility3.framework.automagic: Running automagic: SymbolFinder
2026-06-03 13:54:01,203 [ThreadPoolExecutor-11_0] INFO volatility3.framework.automagic: Running automagic: LinuxSymbolFinder
2026-06-03 13:54:01,204 [ThreadPoolExecutor-11_0] INFO volatility3.framework.automagic: Running automagic: MacSymbolFinder
2026-06-03 13:54:01,208 [ThreadPoolExecutor-11_0] INFO volatility3.framework.automagic: Running automagic: KernelModule
2026-06-03 13:54:01,209 [ThreadPoolExecutor-11_0] WARNING volatility3.framework.plugins: Automagic exception occurred: sqlite3.ProgrammingError: SQLite objects created in a thread can only be used in that same thread. The object was created in thread id 281473199374592 and this is thread id 281472787804416.
2026-06-03 13:54:01,209 [ThreadPoolExecutor-11_0] WARNING volatility3.framework.plugins: Automagic exception occurred: AttributeError: Unable to find _PrimitiveObject__new_value for type <class 'volatility3.framework.objects.String'>
2026-06-03 13:54:01,210 [mulder-job_0] INFO mulder.server.tools.extract.volatility: Volatility batch: modules -> error
2026-06-03 13:54:01,215 [mulder-job_0] INFO mulder.server.jobs: Job job_2ceeddc6 (run_volatility_batch) completed
2026-06-03 13:54:01,219 [mulder-job_0] INFO mulder.server.jobs: [JOB_COMPLETE] run_volatility_batch|completed|
2026-06-03 13:54:01,817 [MainThread] INFO mulder.server.app: Resource throttle: list_cases waiting (cpu=100%>=90.0%, waited 210s)
2026-06-03 13:54:06,824 [MainThread] INFO mulder.server.app: Resource throttle: list_cases waiting (cpu=100%>=90.0%, waited 215s)
2026-06-03 13:54:11,832 [MainThread] INFO mulder.server.app: Resource throttle: list_cases waiting (cpu=100%>=90.0%, waited 220s)
2026-06-03 13:54:16,838 [MainThread] INFO mulder.server.app: Resource throttle: list_cases waiting (cpu=100%>=90.0%, waited 225s)
2026-06-03 13:54:21,846 [MainThread] INFO mulder.server.app: Resource throttle: list_cases waiting (cpu=100%>=90.0%, waited 230s)
2026-06-03 13:54:26,855 [MainThread] INFO mulder.server.app: Resource throttle: list_cases waiting (cpu=100%>=90.0%, waited 235s)
2026-06-03 13:54:31,865 [MainThread] INFO mulder.server.app: Resource throttle: list_cases waiting (cpu=100%>=90.0%, waited 240s)
2026-06-03 13:54:36,871 [MainThread] INFO mulder.server.app: Resource throttle: list_cases waiting (cpu=100%>=90.0%, waited 245s)
2026-06-03 13:54:41,881 [MainThread] INFO mulder.server.app: Resource throttle: list_cases waiting (cpu=100%>=90.0%, waited 250s)
2026-06-03 13:54:46,890 [MainThread] INFO mulder.server.app: Resource throttle: list_cases waiting (cpu=100%>=90.0%, waited 255s)
2026-06-03 13:54:51,896 [MainThread] INFO mulder.server.app: Resource throttle: list_cases waiting (cpu=100%>=90.0%, waited 260s)
2026-06-03 13:54:56,903 [MainThread] INFO mulder.server.app: Resource throttle: list_cases waiting (cpu=100%>=90.0%, waited 265s)
2026-06-03 13:55:01,914 [MainThread] INFO mulder.server.app: Resource throttle: list_cases waiting (cpu=100%>=90.0%, waited 270s)
2026-06-03 13:55:06,920 [MainThread] INFO mulder.server.app: Resource throttle: list_cases waiting (cpu=100%>=90.0%, waited 275s)
2026-06-03 13:55:11,931 [MainThread] INFO mulder.server.app: Resource throttle: list_cases waiting (cpu=99%>=90.0%, waited 280s)
2026-06-03 13:55:16,937 [MainThread] INFO mulder.server.app: Resource throttle: list_cases waiting (cpu=100%>=90.0%, waited 285s)
2026-06-03 13:55:21,944 [MainThread] INFO mulder.server.app: Resource throttle: list_cases waiting (cpu=100%>=90.0%, waited 290s)
2026-06-03 13:55:26,954 [MainThread] INFO mulder.server.app: Resource throttle: list_cases waiting (cpu=100%>=90.0%, waited 295s)
2026-06-03 13:55:38,889 [MainThread] INFO mcp.server.lowlevel.server: Processing request of type CallToolRequest
2026-06-03 13:55:38,896 [MainThread] INFO mulder.server.app: Resource throttle: open_case waiting (cpu=100%>=90.0%, waited 0s)
2026-06-03 13:55:43,902 [MainThread] INFO mulder.server.app: Resource throttle: open_case waiting (cpu=100%>=90.0%, waited 5s)
2026-06-03 13:55:48,912 [MainThread] INFO mulder.server.app: Resource throttle: open_case waiting (cpu=100%>=90.0%, waited 10s)
2026-06-03 13:55:53,918 [MainThread] INFO mulder.server.app: Resource throttle: open_case waiting (cpu=100%>=90.0%, waited 15s)
2026-06-03 13:55:58,924 [MainThread] INFO mulder.server.app: Resource throttle: open_case waiting (cpu=100%>=90.0%, waited 20s)
2026-06-03 13:56:03,933 [MainThread] INFO mulder.server.app: Resource throttle: open_case waiting (cpu=100%>=90.0%, waited 25s)
2026-06-03 13:56:08,939 [MainThread] INFO mulder.server.app: Resource throttle: open_case waiting (cpu=100%>=90.0%, waited 30s)
2026-06-03 13:56:13,950 [MainThread] INFO mulder.server.app: Resource throttle: open_case waiting (cpu=100%>=90.0%, waited 35s)
2026-06-03 13:56:18,956 [MainThread] INFO mulder.server.app: Resource throttle: open_case waiting (cpu=100%>=90.0%, waited 40s)
2026-06-03 13:56:23,963 [MainThread] INFO mulder.server.app: Resource throttle: open_case waiting (cpu=100%>=90.0%, waited 45s)
2026-06-03 13:56:28,972 [MainThread] INFO mulder.server.app: Resource throttle: open_case waiting (cpu=100%>=90.0%, waited 50s)
2026-06-03 13:56:33,979 [MainThread] INFO mulder.server.app: Resource throttle: open_case waiting (cpu=100%>=90.0%, waited 55s)
2026-06-03 13:56:38,985 [MainThread] INFO mulder.server.app: Resource throttle: open_case waiting (cpu=100%>=90.0%, waited 60s)
2026-06-03 13:56:43,995 [MainThread] INFO mulder.server.app: Resource throttle: open_case waiting (cpu=100%>=90.0%, waited 65s)
2026-06-03 13:56:49,002 [MainThread] INFO mulder.server.app: Resource throttle: open_case waiting (cpu=100%>=90.0%, waited 70s)
2026-06-03 13:56:54,009 [MainThread] INFO mulder.server.app: Resource throttle: open_case waiting (cpu=100%>=90.0%, waited 75s)
2026-06-03 13:56:59,017 [MainThread] INFO mulder.server.app: Resource throttle: open_case waiting (cpu=100%>=90.0%, waited 80s)
2026-06-03 13:57:04,027 [MainThread] INFO mulder.server.app: Resource throttle: open_case waiting (cpu=100%>=90.0%, waited 85s)
2026-06-03 13:57:09,033 [MainThread] INFO mulder.server.app: Resource throttle: open_case waiting (cpu=100%>=90.0%, waited 90s)
2026-06-03 13:57:14,044 [MainThread] INFO mulder.server.app: Resource throttle: open_case waiting (cpu=100%>=90.0%, waited 95s)
2026-06-03 13:57:19,050 [MainThread] INFO mulder.server.app: Resource throttle: open_case waiting (cpu=100%>=90.0%, waited 100s)
2026-06-03 13:57:24,056 [MainThread] INFO mulder.server.app: Resource throttle: open_case waiting (cpu=100%>=90.0%, waited 105s)
2026-06-03 13:57:29,063 [MainThread] INFO mulder.server.app: Resource throttle: open_case waiting (cpu=100%>=90.0%, waited 110s)
2026-06-03 13:57:34,072 [MainThread] INFO mulder.server.app: Resource throttle: open_case waiting (cpu=100%>=90.0%, waited 115s)
2026-06-03 13:57:39,080 [MainThread] INFO mulder.server.app: Resource throttle: open_case waiting (cpu=100%>=90.0%, waited 120s)
2026-06-03 13:57:44,086 [MainThread] INFO mulder.server.app: Resource throttle: open_case waiting (cpu=100%>=90.0%, waited 125s)
2026-06-03 13:57:49,099 [MainThread] INFO mulder.server.app: Resource throttle: open_case waiting (cpu=100%>=90.0%, waited 130s)
2026-06-03 13:57:54,108 [MainThread] INFO mulder.server.app: Resource throttle: open_case waiting (cpu=100%>=90.0%, waited 135s)
2026-06-03 13:57:59,115 [MainThread] INFO mulder.server.app: Resource throttle: open_case waiting (cpu=100%>=90.0%, waited 140s)
2026-06-03 13:58:04,123 [MainThread] INFO mulder.server.app: Resource throttle: open_case waiting (cpu=100%>=90.0%, waited 145s)
2026-06-03 13:58:09,130 [MainThread] INFO mulder.server.app: Resource throttle: open_case waiting (cpu=100%>=90.0%, waited 150s)
2026-06-03 13:58:14,140 [MainThread] INFO mulder.server.app: Resource throttle: open_case waiting (cpu=100%>=90.0%, waited 155s)
2026-06-03 13:58:19,146 [MainThread] INFO mulder.server.app: Resource throttle: open_case waiting (cpu=100%>=90.0%, waited 160s)
2026-06-03 13:58:24,152 [MainThread] INFO mulder.server.app: Resource throttle: open_case waiting (cpu=100%>=90.0%, waited 165s)
2026-06-03 13:58:29,161 [MainThread] INFO mulder.server.app: Resource throttle: open_case waiting (cpu=100%>=90.0%, waited 170s)
2026-06-03 13:58:34,169 [MainThread] INFO mulder.server.app: Resource throttle: open_case waiting (cpu=100%>=90.0%, waited 175s)
2026-06-03 13:58:39,176 [MainThread] INFO mulder.server.app: Resource throttle: open_case waiting (cpu=100%>=90.0%, waited 180s)
2026-06-03 13:58:44,186 [MainThread] INFO mulder.server.app: Resource throttle: open_case waiting (cpu=100%>=90.0%, waited 185s)
2026-06-03 13:58:49,195 [MainThread] INFO mulder.server.app: Resource throttle: open_case waiting (cpu=100%>=90.0%, waited 190s)
2026-06-03 13:58:54,202 [MainThread] INFO mulder.server.app: Resource throttle: open_case waiting (cpu=100%>=90.0%, waited 195s)
2026-06-03 13:58:59,212 [MainThread] INFO mulder.server.app: Resource throttle: open_case waiting (cpu=100%>=90.0%, waited 200s)
2026-06-03 13:59:04,218 [MainThread] INFO mulder.server.app: Resource throttle: open_case waiting (cpu=100%>=90.0%, waited 205s)
2026-06-03 13:59:09,227 [MainThread] INFO mulder.server.app: Resource throttle: open_case waiting (cpu=100%>=90.0%, waited 210s)
2026-06-03 13:59:14,236 [AnyIO worker thread] INFO mulder.server.app: Opening case database for 'SRL-2015' ...
2026-06-03 13:59:14,255 [AnyIO worker thread] INFO mulder.server.app: Server context ready for case 'SRL-2015'
2026-06-03 13:59:19,652 [MainThread] INFO mcp.server.lowlevel.server: Processing request of type CallToolRequest
2026-06-03 13:59:26,024 [MainThread] INFO mcp.server.lowlevel.server: Processing request of type CallToolRequest
2026-06-03 13:59:49,197 [MainThread] INFO mcp.server.lowlevel.server: Processing request of type CallToolRequest
2026-06-03 13:59:49,344 [AnyIO worker thread] INFO mulder.server.tools.extract.tsk: mmls failed on /evidence/win7-32-nromanoff-10.3.58.5/win7-32-nromanoff-c-drive/win7-32-nromanoff-c-drive.E01: no_partition_table
2026-06-03 13:59:51,256 [mulder-job_2] WARNING mulder.server.tools.extract.carving: Feature file domain.txt is 308183075 bytes; reading first 268435456 only
2026-06-03 13:59:51,938 [MainThread] INFO mcp.server.lowlevel.server: Processing request of type CallToolRequest
2026-06-03 13:59:51,957 [AnyIO worker thread] INFO mulder.server.jobs: Submitted batch bg_5377db50 with 4 jobs: ['run_volatility_batch', 'run_volatility_batch', 'run_fls', 'run_bulk_extractor']
2026-06-03 13:59:52,385 [mulder-job_1] INFO mulder.server.tools.extract.volatility: Volatility batch: context built for '/evidence/win7-32-nromanoff-10.3.58.5/win7-32-nromanoff-memory/baseline-memory/Win7SP1x86-baseline.img', running 5 plugins (timeout=600s)
2026-06-03 13:59:52,386 [mulder-job_0] INFO mulder.server.tools.extract.volatility: Volatility batch: context built for '/evidence/win7-32-nromanoff-10.3.58.5/win7-32-nromanoff-memory/win7-32-nromanoff-memory-raw.001', running 14 plugins (timeout=600s)
2026-06-03 13:59:52,388 [ThreadPoolExecutor-0_0] INFO volatility3.framework.automagic: Running automagic: SymbolCacheMagic
2026-06-03 13:59:52,388 [ThreadPoolExecutor-1_0] INFO volatility3.framework.automagic: Running automagic: SymbolCacheMagic
2026-06-03 13:59:52,411 [ThreadPoolExecutor-1_0] INFO volatility3.framework.automagic: Running automagic: ConstructionMagic
2026-06-03 13:59:52,425 [ThreadPoolExecutor-0_0] INFO volatility3.framework.automagic: Running automagic: ConstructionMagic
2026-06-03 13:59:52,444 [ThreadPoolExecutor-0_0] INFO volatility3.framework.automagic: Running automagic: LayerStacker
2026-06-03 13:59:52,445 [ThreadPoolExecutor-1_0] INFO volatility3.framework.automagic: Running automagic: LayerStacker
2026-06-03 13:59:52,453 [ThreadPoolExecutor-0_0] INFO volatility3.framework.automagic.linux: No Linux banners found - if this is a linux plugin, please check your symbol files location
2026-06-03 13:59:52,455 [ThreadPoolExecutor-0_0] INFO volatility3.framework.automagic.linux: No Linux banners found - if this is a linux plugin, please check your symbol files location
2026-06-03 13:59:52,456 [ThreadPoolExecutor-0_0] INFO volatility3.framework.automagic.mac: No Mac banners found - if this is a mac plugin, please check your symbol files location
2026-06-03 13:59:52,479 [ThreadPoolExecutor-1_0] INFO volatility3.framework.automagic.linux: No Linux banners found - if this is a linux plugin, please check your symbol files location
2026-06-03 13:59:52,482 [ThreadPoolExecutor-1_0] INFO volatility3.framework.automagic.linux: No Linux banners found - if this is a linux plugin, please check your symbol files location
2026-06-03 13:59:52,490 [ThreadPoolExecutor-1_0] INFO volatility3.framework.automagic.mac: No Mac banners found - if this is a mac plugin, please check your symbol files location
2026-06-03 13:59:54,356 [ThreadPoolExecutor-0_0] INFO volatility3.framework.automagic: Running automagic: WinSwapLayers
2026-06-03 13:59:54,363 [ThreadPoolExecutor-0_0] INFO volatility3.framework.automagic: Running automagic: KernelPDBScanner
2026-06-03 13:59:54,376 [ThreadPoolExecutor-0_0] INFO volatility3.framework.automagic.pdbscan: No suitable kernels found during pdbscan
2026-06-03 13:59:54,388 [ThreadPoolExecutor-0_0] INFO volatility3.framework.automagic: Running automagic: SymbolFinder
2026-06-03 13:59:54,400 [ThreadPoolExecutor-0_0] INFO volatility3.framework.automagic: Running automagic: LinuxSymbolFinder
2026-06-03 13:59:54,411 [ThreadPoolExecutor-0_0] INFO volatility3.framework.automagic: Running automagic: MacSymbolFinder
2026-06-03 13:59:54,428 [ThreadPoolExecutor-0_0] INFO volatility3.framework.automagic: Running automagic: KernelModule
2026-06-03 13:59:54,488 [ThreadPoolExecutor-0_0] WARNING volatility3.framework.plugins: Automagic exception occurred: sqlite3.ProgrammingError: SQLite objects created in a thread can only be used in that same thread. The object was created in thread id 281473353228544 and this is thread id 281473097658624.
2026-06-03 13:59:54,509 [ThreadPoolExecutor-1_0] INFO volatility3.framework.automagic: Running automagic: KernelPDBScanner
2026-06-03 13:59:54,509 [mulder-job_1] INFO mulder.server.tools.extract.volatility: Volatility batch: pslist -> error
2026-06-03 13:59:54,510 [ThreadPoolExecutor-1_0] INFO volatility3.framework.automagic.pdbscan: No suitable kernels found during pdbscan
2026-06-03 13:59:54,511 [ThreadPoolExecutor-2_0] INFO volatility3.framework.automagic: Running automagic: SymbolCacheMagic
2026-06-03 13:59:54,512 [ThreadPoolExecutor-1_0] INFO volatility3.framework.automagic: Running automagic: SymbolFinder
2026-06-03 13:59:54,513 [ThreadPoolExecutor-1_0] INFO volatility3.framework.automagic: Running automagic: LinuxSymbolFinder
2026-06-03 13:59:54,513 [ThreadPoolExecutor-1_0] INFO volatility3.framework.automagic: Running automagic: MacSymbolFinder
2026-06-03 13:59:54,514 [ThreadPoolExecutor-1_0] INFO volatility3.framework.automagic: Running automagic: KernelModule
2026-06-03 13:59:54,515 [ThreadPoolExecutor-1_0] WARNING volatility3.framework.plugins: Automagic exception occurred: sqlite3.ProgrammingError: SQLite objects created in a thread can only be used in that same thread. The object was created in thread id 281473366094080 and this is thread id 281473084793088.
2026-06-03 13:59:54,516 [mulder-job_0] INFO mulder.server.tools.extract.volatility: Volatility batch: pslist -> error
2026-06-03 13:59:54,517 [ThreadPoolExecutor-3_0] INFO volatility3.framework.automagic: Running automagic: SymbolCacheMagic
2026-06-03 13:59:54,537 [ThreadPoolExecutor-2_0] INFO volatility3.framework.automagic: Running automagic: ConstructionMagic
2026-06-03 13:59:54,555 [ThreadPoolExecutor-3_0] INFO volatility3.framework.automagic: Running automagic: ConstructionMagic
2026-06-03 13:59:54,560 [ThreadPoolExecutor-2_0] INFO volatility3.framework.automagic: Running automagic: LayerStacker
2026-06-03 13:59:54,566 [ThreadPoolExecutor-3_0] INFO volatility3.framework.automagic: Running automagic: LayerStacker
2026-06-03 13:59:54,568 [ThreadPoolExecutor-2_0] INFO volatility3.framework.automagic.linux: No Linux banners found - if this is a linux plugin, please check your symbol files location
2026-06-03 13:59:54,568 [ThreadPoolExecutor-2_0] INFO volatility3.framework.automagic.linux: No Linux banners found - if this is a linux plugin, please check your symbol files location
2026-06-03 13:59:54,569 [ThreadPoolExecutor-2_0] INFO volatility3.framework.automagic.mac: No Mac banners found - if this is a mac plugin, please check your symbol files location
2026-06-03 13:59:54,570 [ThreadPoolExecutor-3_0] INFO volatility3.framework.automagic.linux: No Linux banners found - if this is a linux plugin, please check your symbol files location
2026-06-03 13:59:54,580 [ThreadPoolExecutor-3_0] INFO volatility3.framework.automagic.linux: No Linux banners found - if this is a linux plugin, please check your symbol files location
2026-06-03 13:59:54,589 [ThreadPoolExecutor-3_0] INFO volatility3.framework.automagic.mac: No Mac banners found - if this is a mac plugin, please check your symbol files location
2026-06-03 13:59:56,590 [ThreadPoolExecutor-2_0] INFO volatility3.framework.automagic: Running automagic: WinSwapLayers
2026-06-03 13:59:56,591 [ThreadPoolExecutor-2_0] INFO volatility3.framework.automagic: Running automagic: KernelPDBScanner
2026-06-03 13:59:56,596 [ThreadPoolExecutor-2_0] INFO volatility3.framework.automagic.pdbscan: No suitable kernels found during pdbscan
2026-06-03 13:59:56,597 [ThreadPoolExecutor-2_0] INFO volatility3.framework.automagic: Running automagic: SymbolFinder
2026-06-03 13:59:56,604 [ThreadPoolExecutor-2_0] INFO volatility3.framework.automagic: Running automagic: LinuxSymbolFinder
2026-06-03 13:59:56,609 [ThreadPoolExecutor-2_0] INFO volatility3.framework.automagic: Running automagic: MacSymbolFinder
2026-06-03 13:59:56,617 [ThreadPoolExecutor-2_0] INFO volatility3.framework.automagic: Running automagic: KernelModule
2026-06-03 13:59:56,623 [ThreadPoolExecutor-2_0] WARNING volatility3.framework.plugins: Automagic exception occurred: sqlite3.ProgrammingError: SQLite objects created in a thread can only be used in that same thread. The object was created in thread id 281473353228544 and this is thread id 281473097658624.
2026-06-03 13:59:56,634 [mulder-job_1] INFO mulder.server.tools.extract.volatility: Volatility batch: pstree -> error
2026-06-03 13:59:56,653 [ThreadPoolExecutor-4_0] INFO volatility3.framework.automagic: Running automagic: SymbolCacheMagic
2026-06-03 13:59:56,685 [ThreadPoolExecutor-3_0] INFO volatility3.framework.automagic: Running automagic: KernelPDBScanner
2026-06-03 13:59:56,687 [ThreadPoolExecutor-3_0] INFO volatility3.framework.automagic.pdbscan: No suitable kernels found during pdbscan
2026-06-03 13:59:56,687 [ThreadPoolExecutor-3_0] INFO volatility3.framework.automagic: Running automagic: SymbolFinder
2026-06-03 13:59:56,688 [ThreadPoolExecutor-3_0] INFO volatility3.framework.automagic: Running automagic: LinuxSymbolFinder
2026-06-03 13:59:56,688 [ThreadPoolExecutor-3_0] INFO volatility3.framework.automagic: Running automagic: MacSymbolFinder
2026-06-03 13:59:56,688 [ThreadPoolExecutor-3_0] INFO volatility3.framework.automagic: Running automagic: KernelModule
2026-06-03 13:59:56,689 [ThreadPoolExecutor-3_0] WARNING volatility3.framework.plugins: Automagic exception occurred: sqlite3.ProgrammingError: SQLite objects created in a thread can only be used in that same thread. The object was created in thread id 281473366094080 and this is thread id 281473084793088.
2026-06-03 13:59:56,691 [mulder-job_0] INFO mulder.server.tools.extract.volatility: Volatility batch: pstree -> error
2026-06-03 13:59:56,714 [ThreadPoolExecutor-5_0] INFO volatility3.framework.automagic: Running automagic: SymbolCacheMagic
2026-06-03 13:59:56,720 [ThreadPoolExecutor-4_0] INFO volatility3.framework.automagic: Running automagic: ConstructionMagic
2026-06-03 13:59:56,752 [ThreadPoolExecutor-5_0] INFO volatility3.framework.automagic: Running automagic: ConstructionMagic
2026-06-03 13:59:56,757 [ThreadPoolExecutor-4_0] INFO volatility3.framework.automagic: Running automagic: LayerStacker
2026-06-03 13:59:56,768 [ThreadPoolExecutor-5_0] INFO volatility3.framework.automagic: Running automagic: LayerStacker
2026-06-03 13:59:56,777 [ThreadPoolExecutor-5_0] INFO volatility3.framework.automagic.linux: No Linux banners found - if this is a linux plugin, please check your symbol files location
2026-06-03 13:59:56,778 [ThreadPoolExecutor-4_0] INFO volatility3.framework.automagic.linux: No Linux banners found - if this is a linux plugin, please check your symbol files location
2026-06-03 13:59:56,779 [ThreadPoolExecutor-5_0] INFO volatility3.framework.automagic.linux: No Linux banners found - if this is a linux plugin, please check your symbol files location
2026-06-03 13:59:56,780 [ThreadPoolExecutor-5_0] INFO volatility3.framework.automagic.mac: No Mac banners found - if this is a mac plugin, please check your symbol files location
2026-06-03 13:59:56,780 [ThreadPoolExecutor-4_0] INFO volatility3.framework.automagic.linux: No Linux banners found - if this is a linux plugin, please check your symbol files location
2026-06-03 13:59:56,781 [ThreadPoolExecutor-4_0] INFO volatility3.framework.automagic.mac: No Mac banners found - if this is a mac plugin, please check your symbol files location
2026-06-03 13:59:57,992 [MainThread] INFO mcp.server.lowlevel.server: Processing request of type CallToolRequest
2026-06-03 13:59:59,567 [ThreadPoolExecutor-4_0] INFO volatility3.framework.automagic: Running automagic: WinSwapLayers
2026-06-03 13:59:59,569 [ThreadPoolExecutor-5_0] INFO volatility3.framework.automagic: Running automagic: KernelPDBScanner
2026-06-03 13:59:59,583 [ThreadPoolExecutor-4_0] INFO volatility3.framework.automagic: Running automagic: KernelPDBScanner
2026-06-03 13:59:59,584 [ThreadPoolExecutor-5_0] INFO volatility3.framework.automagic.pdbscan: No suitable kernels found during pdbscan
2026-06-03 13:59:59,586 [ThreadPoolExecutor-4_0] INFO volatility3.framework.automagic.pdbscan: No suitable kernels found during pdbscan
2026-06-03 13:59:59,590 [ThreadPoolExecutor-4_0] INFO volatility3.framework.automagic: Running automagic: SymbolFinder
2026-06-03 13:59:59,590 [ThreadPoolExecutor-4_0] INFO volatility3.framework.automagic: Running automagic: LinuxSymbolFinder
2026-06-03 13:59:59,594 [ThreadPoolExecutor-4_0] INFO volatility3.framework.automagic: Running automagic: MacSymbolFinder
2026-06-03 13:59:59,586 [ThreadPoolExecutor-5_0] INFO volatility3.framework.automagic: Running automagic: SymbolFinder
2026-06-03 13:59:59,595 [ThreadPoolExecutor-4_0] INFO volatility3.framework.automagic: Running automagic: KernelModule
2026-06-03 13:59:59,595 [ThreadPoolExecutor-5_0] INFO volatility3.framework.automagic: Running automagic: LinuxSymbolFinder
2026-06-03 13:59:59,599 [ThreadPoolExecutor-5_0] INFO volatility3.framework.automagic: Running automagic: MacSymbolFinder
2026-06-03 13:59:59,596 [ThreadPoolExecutor-4_0] WARNING volatility3.framework.plugins: Automagic exception occurred: sqlite3.ProgrammingError: SQLite objects created in a thread can only be used in that same thread. The object was created in thread id 281473353228544 and this is thread id 281473097658624.
2026-06-03 13:59:59,600 [ThreadPoolExecutor-5_0] INFO volatility3.framework.automagic: Running automagic: KernelModule
2026-06-03 13:59:59,602 [mulder-job_1] INFO mulder.server.tools.extract.volatility: Volatility batch: netscan -> error
2026-06-03 13:59:59,603 [ThreadPoolExecutor-5_0] WARNING volatility3.framework.plugins: Automagic exception occurred: sqlite3.ProgrammingError: SQLite objects created in a thread can only be used in that same thread. The object was created in thread id 281473366094080 and this is thread id 281473084793088.
2026-06-03 13:59:59,604 [ThreadPoolExecutor-6_0] INFO volatility3.framework.automagic: Running automagic: SymbolCacheMagic
2026-06-03 13:59:59,611 [mulder-job_0] INFO mulder.server.tools.extract.volatility: Volatility batch: psscan -> error
2026-06-03 13:59:59,613 [ThreadPoolExecutor-7_0] INFO volatility3.framework.automagic: Running automagic: SymbolCacheMagic
2026-06-03 13:59:59,650 [ThreadPoolExecutor-6_0] INFO volatility3.framework.automagic: Running automagic: ConstructionMagic
2026-06-03 13:59:59,764 [ThreadPoolExecutor-6_0] INFO volatility3.framework.automagic: Running automagic: LayerStacker
2026-06-03 13:59:59,770 [ThreadPoolExecutor-7_0] INFO volatility3.framework.automagic: Running automagic: ConstructionMagic
2026-06-03 13:59:59,774 [ThreadPoolExecutor-7_0] INFO volatility3.framework.automagic: Running automagic: LayerStacker
2026-06-03 13:59:59,775 [ThreadPoolExecutor-6_0] INFO volatility3.framework.automagic.linux: No Linux banners found - if this is a linux plugin, please check your symbol files location
2026-06-03 13:59:59,780 [ThreadPoolExecutor-6_0] INFO volatility3.framework.automagic.linux: No Linux banners found - if this is a linux plugin, please check your symbol files location
2026-06-03 13:59:59,780 [ThreadPoolExecutor-6_0] INFO volatility3.framework.automagic.mac: No Mac banners found - if this is a mac plugin, please check your symbol files location
2026-06-03 13:59:59,783 [ThreadPoolExecutor-7_0] INFO volatility3.framework.automagic.linux: No Linux banners found - if this is a linux plugin, please check your symbol files location
2026-06-03 13:59:59,786 [ThreadPoolExecutor-7_0] INFO volatility3.framework.automagic.linux: No Linux banners found - if this is a linux plugin, please check your symbol files location
2026-06-03 13:59:59,803 [ThreadPoolExecutor-7_0] INFO volatility3.framework.automagic.mac: No Mac banners found - if this is a mac plugin, please check your symbol files location
2026-06-03 14:00:02,548 [ThreadPoolExecutor-6_0] INFO volatility3.framework.automagic: Running automagic: WinSwapLayers
2026-06-03 14:00:02,566 [ThreadPoolExecutor-6_0] INFO volatility3.framework.automagic: Running automagic: KernelPDBScanner
2026-06-03 14:00:02,568 [ThreadPoolExecutor-7_0] INFO volatility3.framework.automagic: Running automagic: KernelPDBScanner
2026-06-03 14:00:02,569 [ThreadPoolExecutor-6_0] INFO volatility3.framework.automagic.pdbscan: No suitable kernels found during pdbscan
2026-06-03 14:00:02,569 [ThreadPoolExecutor-7_0] INFO volatility3.framework.automagic.pdbscan: No suitable kernels found during pdbscan
2026-06-03 14:00:02,572 [ThreadPoolExecutor-6_0] INFO volatility3.framework.automagic: Running automagic: SymbolFinder
2026-06-03 14:00:02,575 [ThreadPoolExecutor-7_0] INFO volatility3.framework.automagic: Running automagic: SymbolFinder
2026-06-03 14:00:02,575 [ThreadPoolExecutor-6_0] INFO volatility3.framework.automagic: Running automagic: LinuxSymbolFinder
2026-06-03 14:00:02,576 [ThreadPoolExecutor-7_0] INFO volatility3.framework.automagic: Running automagic: LinuxSymbolFinder
2026-06-03 14:00:02,577 [ThreadPoolExecutor-6_0] INFO volatility3.framework.automagic: Running automagic: MacSymbolFinder
2026-06-03 14:00:02,577 [ThreadPoolExecutor-7_0] INFO volatility3.framework.automagic: Running automagic: MacSymbolFinder
2026-06-03 14:00:02,578 [ThreadPoolExecutor-6_0] INFO volatility3.framework.automagic: Running automagic: KernelModule
2026-06-03 14:00:02,578 [ThreadPoolExecutor-7_0] INFO volatility3.framework.automagic: Running automagic: KernelModule
2026-06-03 14:00:02,580 [ThreadPoolExecutor-6_0] WARNING volatility3.framework.plugins: Automagic exception occurred: sqlite3.ProgrammingError: SQLite objects created in a thread can only be used in that same thread. The object was created in thread id 281473353228544 and this is thread id 281473097658624.
2026-06-03 14:00:02,584 [ThreadPoolExecutor-7_0] WARNING volatility3.framework.plugins: Automagic exception occurred: sqlite3.ProgrammingError: SQLite objects created in a thread can only be used in that same thread. The object was created in thread id 281473366094080 and this is thread id 281473084793088.
2026-06-03 14:00:02,588 [mulder-job_1] INFO mulder.server.tools.extract.volatility: Volatility batch: svcscan -> error
2026-06-03 14:00:02,588 [mulder-job_0] INFO mulder.server.tools.extract.volatility: Volatility batch: cmdline -> error
2026-06-03 14:00:02,590 [ThreadPoolExecutor-8_0] INFO volatility3.framework.automagic: Running automagic: SymbolCacheMagic
2026-06-03 14:00:02,591 [ThreadPoolExecutor-9_0] INFO volatility3.framework.automagic: Running automagic: SymbolCacheMagic
2026-06-03 14:00:02,624 [ThreadPoolExecutor-9_0] INFO volatility3.framework.automagic: Running automagic: ConstructionMagic
2026-06-03 14:00:02,652 [ThreadPoolExecutor-8_0] INFO volatility3.framework.automagic: Running automagic: ConstructionMagic
2026-06-03 14:00:02,657 [ThreadPoolExecutor-9_0] INFO volatility3.framework.automagic: Running automagic: LayerStacker
2026-06-03 14:00:02,665 [ThreadPoolExecutor-9_0] INFO volatility3.framework.automagic.linux: No Linux banners found - if this is a linux plugin, please check your symbol files location
2026-06-03 14:00:02,665 [ThreadPoolExecutor-9_0] INFO volatility3.framework.automagic.linux: No Linux banners found - if this is a linux plugin, please check your symbol files location
2026-06-03 14:00:02,666 [ThreadPoolExecutor-9_0] INFO volatility3.framework.automagic.mac: No Mac banners found - if this is a mac plugin, please check your symbol files location
2026-06-03 14:00:02,668 [ThreadPoolExecutor-8_0] INFO volatility3.framework.automagic: Running automagic: LayerStacker
2026-06-03 14:00:02,701 [ThreadPoolExecutor-8_0] INFO volatility3.framework.automagic.linux: No Linux banners found - if this is a linux plugin, please check your symbol files location
2026-06-03 14:00:02,705 [ThreadPoolExecutor-8_0] INFO volatility3.framework.automagic.linux: No Linux banners found - if this is a linux plugin, please check your symbol files location
2026-06-03 14:00:02,706 [ThreadPoolExecutor-8_0] INFO volatility3.framework.automagic.mac: No Mac banners found - if this is a mac plugin, please check your symbol files location
2026-06-03 14:00:04,777 [ThreadPoolExecutor-9_0] INFO volatility3.framework.automagic: Running automagic: KernelPDBScanner
2026-06-03 14:00:04,784 [ThreadPoolExecutor-9_0] INFO volatility3.framework.automagic.pdbscan: No suitable kernels found during pdbscan
2026-06-03 14:00:04,784 [ThreadPoolExecutor-8_0] INFO volatility3.framework.automagic: Running automagic: WinSwapLayers
2026-06-03 14:00:04,785 [ThreadPoolExecutor-9_0] INFO volatility3.framework.automagic: Running automagic: SymbolFinder
2026-06-03 14:00:04,785 [ThreadPoolExecutor-8_0] INFO volatility3.framework.automagic: Running automagic: KernelPDBScanner
2026-06-03 14:00:04,786 [ThreadPoolExecutor-9_0] INFO volatility3.framework.automagic: Running automagic: LinuxSymbolFinder
2026-06-03 14:00:04,786 [ThreadPoolExecutor-8_0] INFO volatility3.framework.automagic.pdbscan: No suitable kernels found during pdbscan
2026-06-03 14:00:04,787 [ThreadPoolExecutor-9_0] INFO volatility3.framework.automagic: Running automagic: MacSymbolFinder
2026-06-03 14:00:04,787 [ThreadPoolExecutor-8_0] INFO volatility3.framework.automagic: Running automagic: SymbolFinder
2026-06-03 14:00:04,788 [ThreadPoolExecutor-9_0] INFO volatility3.framework.automagic: Running automagic: KernelModule
2026-06-03 14:00:04,788 [ThreadPoolExecutor-8_0] INFO volatility3.framework.automagic: Running automagic: LinuxSymbolFinder
2026-06-03 14:00:04,789 [ThreadPoolExecutor-9_0] WARNING volatility3.framework.plugins: Automagic exception occurred: sqlite3.ProgrammingError: SQLite objects created in a thread can only be used in that same thread. The object was created in thread id 281473366094080 and this is thread id 281473097658624.
2026-06-03 14:00:04,790 [ThreadPoolExecutor-8_0] INFO volatility3.framework.automagic: Running automagic: MacSymbolFinder
2026-06-03 14:00:04,791 [mulder-job_0] INFO mulder.server.tools.extract.volatility: Volatility batch: netscan -> error
2026-06-03 14:00:04,791 [ThreadPoolExecutor-8_0] INFO volatility3.framework.automagic: Running automagic: KernelModule
2026-06-03 14:00:04,792 [ThreadPoolExecutor-10_0] INFO volatility3.framework.automagic: Running automagic: SymbolCacheMagic
2026-06-03 14:00:04,793 [ThreadPoolExecutor-8_0] WARNING volatility3.framework.plugins: Automagic exception occurred: sqlite3.ProgrammingError: SQLite objects created in a thread can only be used in that same thread. The object was created in thread id 281473353228544 and this is thread id 281473084793088.
2026-06-03 14:00:04,801 [mulder-job_1] INFO mulder.server.tools.extract.volatility: Volatility batch: modules -> error
2026-06-03 14:00:04,820 [ThreadPoolExecutor-10_0] INFO volatility3.framework.automagic: Running automagic: ConstructionMagic
2026-06-03 14:00:04,823 [mulder-job_1] INFO mulder.server.jobs: Job job_1e412ac2 (run_volatility_batch) completed
2026-06-03 14:00:04,825 [mulder-job_1] INFO mulder.server.jobs: [JOB_COMPLETE] run_volatility_batch|completed|
2026-06-03 14:00:04,830 [ThreadPoolExecutor-10_0] INFO volatility3.framework.automagic: Running automagic: LayerStacker
2026-06-03 14:00:04,837 [ThreadPoolExecutor-10_0] INFO volatility3.framework.automagic.linux: No Linux banners found - if this is a linux plugin, please check your symbol files location
2026-06-03 14:00:04,841 [ThreadPoolExecutor-10_0] INFO volatility3.framework.automagic.linux: No Linux banners found - if this is a linux plugin, please check your symbol files location
2026-06-03 14:00:04,842 [ThreadPoolExecutor-10_0] INFO volatility3.framework.automagic.mac: No Mac banners found - if this is a mac plugin, please check your symbol files location
2026-06-03 14:00:06,384 [ThreadPoolExecutor-10_0] INFO volatility3.framework.automagic: Running automagic: KernelPDBScanner
2026-06-03 14:00:06,386 [ThreadPoolExecutor-10_0] INFO volatility3.framework.automagic.pdbscan: No suitable kernels found during pdbscan
2026-06-03 14:00:06,386 [ThreadPoolExecutor-10_0] INFO volatility3.framework.automagic: Running automagic: SymbolFinder
2026-06-03 14:00:06,387 [ThreadPoolExecutor-10_0] INFO volatility3.framework.automagic: Running automagic: LinuxSymbolFinder
2026-06-03 14:00:06,387 [ThreadPoolExecutor-10_0] INFO volatility3.framework.automagic: Running automagic: MacSymbolFinder
2026-06-03 14:00:06,388 [ThreadPoolExecutor-10_0] INFO volatility3.framework.automagic: Running automagic: KernelModule
2026-06-03 14:00:06,388 [ThreadPoolExecutor-10_0] WARNING volatility3.framework.plugins: Automagic exception occurred: sqlite3.ProgrammingError: SQLite objects created in a thread can only be used in that same thread. The object was created in thread id 281473366094080 and this is thread id 281473097658624.
2026-06-03 14:00:06,389 [mulder-job_0] INFO mulder.server.tools.extract.volatility: Volatility batch: malfind -> error
2026-06-03 14:00:06,390 [ThreadPoolExecutor-11_0] INFO volatility3.framework.automagic: Running automagic: SymbolCacheMagic
2026-06-03 14:00:06,414 [ThreadPoolExecutor-11_0] INFO volatility3.framework.automagic: Running automagic: ConstructionMagic
2026-06-03 14:00:06,428 [ThreadPoolExecutor-11_0] INFO volatility3.framework.automagic: Running automagic: LayerStacker
2026-06-03 14:00:06,433 [ThreadPoolExecutor-11_0] INFO volatility3.framework.automagic.linux: No Linux banners found - if this is a linux plugin, please check your symbol files location
2026-06-03 14:00:06,434 [ThreadPoolExecutor-11_0] INFO volatility3.framework.automagic.linux: No Linux banners found - if this is a linux plugin, please check your symbol files location
2026-06-03 14:00:06,435 [ThreadPoolExecutor-11_0] INFO volatility3.framework.automagic.mac: No Mac banners found - if this is a mac plugin, please check your symbol files location
2026-06-03 14:00:07,823 [ThreadPoolExecutor-11_0] INFO volatility3.framework.automagic: Running automagic: KernelPDBScanner
2026-06-03 14:00:07,828 [ThreadPoolExecutor-11_0] INFO volatility3.framework.automagic.pdbscan: No suitable kernels found during pdbscan
2026-06-03 14:00:07,829 [ThreadPoolExecutor-11_0] INFO volatility3.framework.automagic: Running automagic: SymbolFinder
2026-06-03 14:00:07,831 [ThreadPoolExecutor-11_0] INFO volatility3.framework.automagic: Running automagic: LinuxSymbolFinder
2026-06-03 14:00:07,832 [ThreadPoolExecutor-11_0] INFO volatility3.framework.automagic: Running automagic: MacSymbolFinder
2026-06-03 14:00:07,838 [ThreadPoolExecutor-11_0] INFO volatility3.framework.automagic: Running automagic: KernelModule
2026-06-03 14:00:07,840 [ThreadPoolExecutor-11_0] WARNING volatility3.framework.plugins: Automagic exception occurred: sqlite3.ProgrammingError: SQLite objects created in a thread can only be used in that same thread. The object was created in thread id 281473366094080 and this is thread id 281473097658624.
2026-06-03 14:00:07,844 [mulder-job_0] INFO mulder.server.tools.extract.volatility: Volatility batch: dlllist -> error
2026-06-03 14:00:07,849 [ThreadPoolExecutor-12_0] INFO volatility3.framework.automagic: Running automagic: SymbolCacheMagic
2026-06-03 14:00:07,882 [ThreadPoolExecutor-12_0] INFO volatility3.framework.automagic: Running automagic: ConstructionMagic
2026-06-03 14:00:07,892 [ThreadPoolExecutor-12_0] INFO volatility3.framework.automagic: Running automagic: LayerStacker
2026-06-03 14:00:07,901 [ThreadPoolExecutor-12_0] INFO volatility3.framework.automagic.linux: No Linux banners found - if this is a linux plugin, please check your symbol files location
2026-06-03 14:00:07,901 [ThreadPoolExecutor-12_0] INFO volatility3.framework.automagic.linux: No Linux banners found - if this is a linux plugin, please check your symbol files location
2026-06-03 14:00:07,902 [ThreadPoolExecutor-12_0] INFO volatility3.framework.automagic.mac: No Mac banners found - if this is a mac plugin, please check your symbol files location
2026-06-03 14:00:09,654 [ThreadPoolExecutor-12_0] INFO volatility3.framework.automagic: Running automagic: KernelPDBScanner
2026-06-03 14:00:09,655 [ThreadPoolExecutor-12_0] INFO volatility3.framework.automagic.pdbscan: No suitable kernels found during pdbscan
2026-06-03 14:00:09,655 [ThreadPoolExecutor-12_0] INFO volatility3.framework.automagic: Running automagic: SymbolFinder
2026-06-03 14:00:09,656 [ThreadPoolExecutor-12_0] INFO volatility3.framework.automagic: Running automagic: LinuxSymbolFinder
2026-06-03 14:00:09,656 [ThreadPoolExecutor-12_0] INFO volatility3.framework.automagic: Running automagic: MacSymbolFinder
2026-06-03 14:00:09,658 [ThreadPoolExecutor-12_0] INFO volatility3.framework.automagic: Running automagic: KernelModule
2026-06-03 14:00:09,659 [ThreadPoolExecutor-12_0] WARNING volatility3.framework.plugins: Automagic exception occurred: sqlite3.ProgrammingError: SQLite objects created in a thread can only be used in that same thread. The object was created in thread id 281473366094080 and this is thread id 281473097658624.
2026-06-03 14:00:09,663 [mulder-job_0] INFO mulder.server.tools.extract.volatility: Volatility batch: svcscan -> error
2026-06-03 14:00:09,664 [ThreadPoolExecutor-13_0] INFO volatility3.framework.automagic: Running automagic: SymbolCacheMagic
2026-06-03 14:00:09,696 [ThreadPoolExecutor-13_0] INFO volatility3.framework.automagic: Running automagic: ConstructionMagic
2026-06-03 14:00:09,704 [ThreadPoolExecutor-13_0] INFO volatility3.framework.automagic: Running automagic: LayerStacker
2026-06-03 14:00:09,710 [ThreadPoolExecutor-13_0] INFO volatility3.framework.automagic.linux: No Linux banners found - if this is a linux plugin, please check your symbol files location
2026-06-03 14:00:09,714 [ThreadPoolExecutor-13_0] INFO volatility3.framework.automagic.linux: No Linux banners found - if this is a linux plugin, please check your symbol files location
2026-06-03 14:00:09,714 [ThreadPoolExecutor-13_0] INFO volatility3.framework.automagic.mac: No Mac banners found - if this is a mac plugin, please check your symbol files location
2026-06-03 14:00:10,854 [MainThread] INFO mcp.server.lowlevel.server: Warning: FutureWarning: This API (volatility3.plugins.windows.malware.malfind.Malfind.run) will be removed in the first release after 2026-06-07. This plugin has been renamed, please call volatility3.plugins.windows.malware.malfind.Malfind rather than volatility3.plugins.windows.malfind.Malfind.
2026-06-03 14:00:10,856 [MainThread] INFO mcp.server.lowlevel.server: Warning: FutureWarning: This plugin (volatility3.plugins.windows.malfind.Malfind) has been renamed and will be removed in the first release after 2026-06-07. Please ensure all method calls to this plugin are replaced with calls to volatility3.plugins.windows.malware.malfind.Malfind
2026-06-03 14:00:11,096 [ThreadPoolExecutor-13_0] INFO volatility3.framework.automagic: Running automagic: KernelPDBScanner
2026-06-03 14:00:11,097 [ThreadPoolExecutor-13_0] INFO volatility3.framework.automagic.pdbscan: No suitable kernels found during pdbscan
2026-06-03 14:00:11,098 [ThreadPoolExecutor-13_0] INFO volatility3.framework.automagic: Running automagic: SymbolFinder
2026-06-03 14:00:11,098 [ThreadPoolExecutor-13_0] INFO volatility3.framework.automagic: Running automagic: LinuxSymbolFinder
2026-06-03 14:00:11,099 [ThreadPoolExecutor-13_0] INFO volatility3.framework.automagic: Running automagic: MacSymbolFinder
2026-06-03 14:00:11,100 [ThreadPoolExecutor-13_0] INFO volatility3.framework.automagic: Running automagic: KernelModule
2026-06-03 14:00:11,100 [ThreadPoolExecutor-13_0] WARNING volatility3.framework.plugins: Automagic exception occurred: sqlite3.ProgrammingError: SQLite objects created in a thread can only be used in that same thread. The object was created in thread id 281473366094080 and this is thread id 281473097658624.
2026-06-03 14:00:11,101 [mulder-job_0] INFO mulder.server.tools.extract.volatility: Volatility batch: envars -> error
2026-06-03 14:00:11,103 [ThreadPoolExecutor-14_0] INFO volatility3.framework.automagic: Running automagic: SymbolCacheMagic
2026-06-03 14:00:11,121 [ThreadPoolExecutor-14_0] INFO volatility3.framework.automagic: Running automagic: ConstructionMagic
2026-06-03 14:00:11,125 [ThreadPoolExecutor-14_0] INFO volatility3.framework.automagic: Running automagic: LayerStacker
2026-06-03 14:00:11,129 [ThreadPoolExecutor-14_0] INFO volatility3.framework.automagic.linux: No Linux banners found - if this is a linux plugin, please check your symbol files location
2026-06-03 14:00:11,130 [ThreadPoolExecutor-14_0] INFO volatility3.framework.automagic.linux: No Linux banners found - if this is a linux plugin, please check your symbol files location
2026-06-03 14:00:11,130 [ThreadPoolExecutor-14_0] INFO volatility3.framework.automagic.mac: No Mac banners found - if this is a mac plugin, please check your symbol files location
2026-06-03 14:00:12,215 [ThreadPoolExecutor-14_0] INFO volatility3.framework.automagic: Running automagic: KernelPDBScanner
2026-06-03 14:00:12,217 [ThreadPoolExecutor-14_0] INFO volatility3.framework.automagic.pdbscan: No suitable kernels found during pdbscan
2026-06-03 14:00:12,218 [ThreadPoolExecutor-14_0] INFO volatility3.framework.automagic: Running automagic: SymbolFinder
2026-06-03 14:00:12,219 [ThreadPoolExecutor-14_0] INFO volatility3.framework.automagic: Running automagic: LinuxSymbolFinder
2026-06-03 14:00:12,219 [ThreadPoolExecutor-14_0] INFO volatility3.framework.automagic: Running automagic: MacSymbolFinder
2026-06-03 14:00:12,220 [ThreadPoolExecutor-14_0] INFO volatility3.framework.automagic: Running automagic: KernelModule
2026-06-03 14:00:12,224 [ThreadPoolExecutor-14_0] WARNING volatility3.framework.plugins: Automagic exception occurred: sqlite3.ProgrammingError: SQLite objects created in a thread can only be used in that same thread. The object was created in thread id 281473366094080 and this is thread id 281473097658624.
2026-06-03 14:00:12,225 [mulder-job_0] INFO mulder.server.tools.extract.volatility: Volatility batch: filescan -> error
2026-06-03 14:00:12,227 [ThreadPoolExecutor-15_0] INFO volatility3.framework.automagic: Running automagic: SymbolCacheMagic
2026-06-03 14:00:12,261 [ThreadPoolExecutor-15_0] INFO volatility3.framework.automagic: Running automagic: ConstructionMagic
2026-06-03 14:00:12,265 [ThreadPoolExecutor-15_0] INFO volatility3.framework.automagic: Running automagic: LayerStacker
2026-06-03 14:00:12,279 [ThreadPoolExecutor-15_0] INFO volatility3.framework.automagic.linux: No Linux banners found - if this is a linux plugin, please check your symbol files location
2026-06-03 14:00:12,280 [ThreadPoolExecutor-15_0] INFO volatility3.framework.automagic.linux: No Linux banners found - if this is a linux plugin, please check your symbol files location
2026-06-03 14:00:12,281 [ThreadPoolExecutor-15_0] INFO volatility3.framework.automagic.mac: No Mac banners found - if this is a mac plugin, please check your symbol files location
2026-06-03 14:00:13,724 [ThreadPoolExecutor-15_0] INFO volatility3.framework.automagic: Running automagic: KernelPDBScanner
2026-06-03 14:00:13,726 [ThreadPoolExecutor-15_0] INFO volatility3.framework.automagic.pdbscan: No suitable kernels found during pdbscan
2026-06-03 14:00:13,726 [ThreadPoolExecutor-15_0] INFO volatility3.framework.automagic: Running automagic: SymbolFinder
2026-06-03 14:00:13,727 [ThreadPoolExecutor-15_0] INFO volatility3.framework.automagic: Running automagic: LinuxSymbolFinder
2026-06-03 14:00:13,727 [ThreadPoolExecutor-15_0] INFO volatility3.framework.automagic: Running automagic: MacSymbolFinder
2026-06-03 14:00:13,728 [ThreadPoolExecutor-15_0] INFO volatility3.framework.automagic: Running automagic: KernelModule
2026-06-03 14:00:13,729 [ThreadPoolExecutor-15_0] WARNING volatility3.framework.plugins: Automagic exception occurred: sqlite3.ProgrammingError: SQLite objects created in a thread can only be used in that same thread. The object was created in thread id 281473366094080 and this is thread id 281473097658624.
2026-06-03 14:00:13,730 [mulder-job_0] INFO mulder.server.tools.extract.volatility: Volatility batch: handles -> error
2026-06-03 14:00:13,734 [ThreadPoolExecutor-16_0] INFO volatility3.framework.automagic: Running automagic: SymbolCacheMagic
2026-06-03 14:00:13,758 [ThreadPoolExecutor-16_0] INFO volatility3.framework.automagic: Running automagic: ConstructionMagic
2026-06-03 14:00:13,765 [ThreadPoolExecutor-16_0] INFO volatility3.framework.automagic: Running automagic: LayerStacker
2026-06-03 14:00:13,771 [ThreadPoolExecutor-16_0] INFO volatility3.framework.automagic.linux: No Linux banners found - if this is a linux plugin, please check your symbol files location
2026-06-03 14:00:13,772 [ThreadPoolExecutor-16_0] INFO volatility3.framework.automagic.linux: No Linux banners found - if this is a linux plugin, please check your symbol files location
2026-06-03 14:00:13,773 [ThreadPoolExecutor-16_0] INFO volatility3.framework.automagic.mac: No Mac banners found - if this is a mac plugin, please check your symbol files location
2026-06-03 14:00:14,955 [ThreadPoolExecutor-16_0] INFO volatility3.framework.automagic: Running automagic: KernelPDBScanner
2026-06-03 14:00:14,956 [ThreadPoolExecutor-16_0] INFO volatility3.framework.automagic.pdbscan: No suitable kernels found during pdbscan
2026-06-03 14:00:14,957 [ThreadPoolExecutor-16_0] INFO volatility3.framework.automagic: Running automagic: SymbolFinder
2026-06-03 14:00:14,957 [ThreadPoolExecutor-16_0] INFO volatility3.framework.automagic: Running automagic: LinuxSymbolFinder
2026-06-03 14:00:14,958 [ThreadPoolExecutor-16_0] INFO volatility3.framework.automagic: Running automagic: MacSymbolFinder
2026-06-03 14:00:14,958 [ThreadPoolExecutor-16_0] INFO volatility3.framework.automagic: Running automagic: KernelModule
2026-06-03 14:00:14,959 [ThreadPoolExecutor-16_0] WARNING volatility3.framework.plugins: Automagic exception occurred: sqlite3.ProgrammingError: SQLite objects created in a thread can only be used in that same thread. The object was created in thread id 281473366094080 and this is thread id 281473097658624.
2026-06-03 14:00:14,960 [mulder-job_0] INFO mulder.server.tools.extract.volatility: Volatility batch: modscan -> error
2026-06-03 14:00:14,960 [ThreadPoolExecutor-17_0] INFO volatility3.framework.automagic: Running automagic: SymbolCacheMagic
2026-06-03 14:00:14,977 [ThreadPoolExecutor-17_0] INFO volatility3.framework.automagic: Running automagic: ConstructionMagic
2026-06-03 14:00:14,981 [ThreadPoolExecutor-17_0] INFO volatility3.framework.automagic: Running automagic: LayerStacker
2026-06-03 14:00:14,985 [ThreadPoolExecutor-17_0] INFO volatility3.framework.automagic.linux: No Linux banners found - if this is a linux plugin, please check your symbol files location
2026-06-03 14:00:14,986 [ThreadPoolExecutor-17_0] INFO volatility3.framework.automagic.linux: No Linux banners found - if this is a linux plugin, please check your symbol files location
2026-06-03 14:00:14,987 [ThreadPoolExecutor-17_0] INFO volatility3.framework.automagic.mac: No Mac banners found - if this is a mac plugin, please check your symbol files location
2026-06-03 14:00:17,409 [ThreadPoolExecutor-17_0] INFO volatility3.framework.automagic: Running automagic: KernelPDBScanner
2026-06-03 14:00:17,411 [ThreadPoolExecutor-17_0] INFO volatility3.framework.automagic.pdbscan: No suitable kernels found during pdbscan
2026-06-03 14:00:17,412 [ThreadPoolExecutor-17_0] INFO volatility3.framework.automagic: Running automagic: SymbolFinder
2026-06-03 14:00:17,413 [ThreadPoolExecutor-17_0] INFO volatility3.framework.automagic: Running automagic: LinuxSymbolFinder
2026-06-03 14:00:17,414 [ThreadPoolExecutor-17_0] INFO volatility3.framework.automagic: Running automagic: MacSymbolFinder
2026-06-03 14:00:17,414 [ThreadPoolExecutor-17_0] INFO volatility3.framework.automagic: Running automagic: KernelModule
2026-06-03 14:00:17,415 [ThreadPoolExecutor-17_0] WARNING volatility3.framework.plugins: Automagic exception occurred: sqlite3.ProgrammingError: SQLite objects created in a thread can only be used in that same thread. The object was created in thread id 281473366094080 and this is thread id 281473097658624.
2026-06-03 14:00:17,417 [mulder-job_0] INFO mulder.server.tools.extract.volatility: Volatility batch: modules -> error
2026-06-03 14:00:17,424 [mulder-job_0] INFO mulder.server.jobs: Job job_150cb521 (run_volatility_batch) completed
2026-06-03 14:00:17,424 [mulder-job_0] INFO mulder.server.jobs: [JOB_COMPLETE] run_volatility_batch|completed|
2026-06-03 14:00:17,646 [MainThread] INFO mcp.server.lowlevel.server: Processing request of type CallToolRequest
2026-06-03 14:00:17,654 [MainThread] INFO mulder.server.app: Resource throttle: wait waiting (cpu=96%>=90.0%, waited 0s)
2026-06-03 14:00:21,480 [mulder-job_2] INFO mulder.server.jobs: Job job_fb06ed69 (run_fls) completed
2026-06-03 14:00:21,482 [mulder-job_2] INFO mulder.server.jobs: [JOB_COMPLETE] run_fls|completed|
2026-06-03 14:00:22,662 [MainThread] INFO mulder.server.app: Resource throttle: wait waiting (cpu=100%>=90.0%, waited 5s)
2026-06-03 14:00:27,672 [MainThread] INFO mulder.server.app: Resource throttle: wait waiting (cpu=100%>=90.0%, waited 10s)
2026-06-03 14:00:32,679 [MainThread] INFO mulder.server.app: Resource throttle: wait waiting (cpu=100%>=90.0%, waited 15s)
2026-06-03 14:00:37,698 [MainThread] INFO mulder.server.app: Resource throttle: wait waiting (cpu=100%>=90.0%, waited 20s)
2026-06-03 14:00:42,722 [MainThread] INFO mulder.server.app: Resource throttle: wait waiting (cpu=100%>=90.0%, waited 25s)
2026-06-03 14:00:47,729 [MainThread] INFO mulder.server.app: Resource throttle: wait waiting (cpu=100%>=90.0%, waited 30s)
2026-06-03 14:00:52,735 [MainThread] INFO mulder.server.app: Resource throttle: wait waiting (cpu=100%>=90.0%, waited 35s)
2026-06-03 14:00:57,742 [MainThread] INFO mulder.server.app: Resource throttle: wait waiting (cpu=100%>=90.0%, waited 40s)
2026-06-03 14:01:02,757 [MainThread] INFO mulder.server.app: Resource throttle: wait waiting (cpu=100%>=90.0%, waited 45s)
2026-06-03 14:01:07,771 [MainThread] INFO mulder.server.app: Resource throttle: wait waiting (cpu=100%>=90.0%, waited 50s)
2026-06-03 14:01:12,779 [MainThread] INFO mulder.server.app: Resource throttle: wait waiting (cpu=100%>=90.0%, waited 55s)
2026-06-03 14:01:17,787 [MainThread] INFO mulder.server.app: Resource throttle: wait waiting (cpu=100%>=90.0%, waited 60s)
2026-06-03 14:01:22,798 [MainThread] INFO mulder.server.app: Resource throttle: wait waiting (cpu=100%>=90.0%, waited 65s)
2026-06-03 14:01:29,052 [MainThread] INFO mulder.server.app: Resource throttle: wait waiting (cpu=100%>=90.0%, waited 70s)
2026-06-03 14:01:34,061 [MainThread] INFO mulder.server.app: Resource throttle: wait waiting (cpu=100%>=90.0%, waited 75s)
2026-06-03 14:01:39,067 [MainThread] INFO mulder.server.app: Resource throttle: wait waiting (cpu=100%>=90.0%, waited 80s)
2026-06-03 14:01:44,076 [MainThread] INFO mulder.server.app: Resource throttle: wait waiting (cpu=100%>=90.0%, waited 85s)
2026-06-03 14:01:49,082 [MainThread] INFO mulder.server.app: Resource throttle: wait waiting (cpu=100%>=90.0%, waited 90s)
2026-06-03 14:01:54,089 [MainThread] INFO mulder.server.app: Resource throttle: wait waiting (cpu=100%>=90.0%, waited 95s)
2026-06-03 14:01:59,097 [MainThread] INFO mulder.server.app: Resource throttle: wait waiting (cpu=100%>=90.0%, waited 100s)
2026-06-03 14:02:04,109 [MainThread] INFO mulder.server.app: Resource throttle: wait waiting (cpu=100%>=90.0%, waited 105s)
2026-06-03 14:02:09,116 [MainThread] INFO mulder.server.app: Resource throttle: wait waiting (cpu=100%>=90.0%, waited 110s)
2026-06-03 14:02:14,131 [MainThread] INFO mulder.server.app: Resource throttle: wait waiting (cpu=100%>=90.0%, waited 115s)
2026-06-03 14:02:19,139 [MainThread] INFO mulder.server.app: Resource throttle: wait waiting (cpu=100%>=90.0%, waited 120s)
2026-06-03 14:02:24,149 [MainThread] INFO mulder.server.app: Resource throttle: wait waiting (cpu=100%>=90.0%, waited 125s)
2026-06-03 14:02:29,156 [MainThread] INFO mulder.server.app: Resource throttle: wait waiting (cpu=100%>=90.0%, waited 130s)
2026-06-03 14:02:34,167 [MainThread] INFO mulder.server.app: Resource throttle: wait waiting (cpu=100%>=90.0%, waited 135s)
2026-06-03 14:02:39,175 [MainThread] INFO mulder.server.app: Resource throttle: wait waiting (cpu=100%>=90.0%, waited 140s)
2026-06-03 14:02:44,219 [MainThread] INFO mulder.server.app: Resource throttle: wait waiting (cpu=100%>=90.0%, waited 145s)
2026-06-03 14:02:49,227 [MainThread] INFO mulder.server.app: Resource throttle: wait waiting (cpu=100%>=90.0%, waited 150s)
2026-06-03 14:02:54,237 [MainThread] INFO mulder.server.app: Resource throttle: wait waiting (cpu=100%>=90.0%, waited 155s)
2026-06-03 14:02:59,243 [MainThread] INFO mulder.server.app: Resource throttle: wait waiting (cpu=100%>=90.0%, waited 160s)
2026-06-03 14:03:04,250 [MainThread] INFO mulder.server.app: Resource throttle: wait waiting (cpu=100%>=90.0%, waited 165s)
2026-06-03 14:03:09,258 [MainThread] INFO mulder.server.app: Resource throttle: wait waiting (cpu=100%>=90.0%, waited 170s)
2026-06-03 14:03:14,267 [MainThread] INFO mulder.server.app: Resource throttle: wait waiting (cpu=100%>=90.0%, waited 175s)
2026-06-03 14:03:19,273 [MainThread] INFO mulder.server.app: Resource throttle: wait waiting (cpu=100%>=90.0%, waited 180s)
2026-06-03 14:03:24,283 [MainThread] INFO mulder.server.app: Resource throttle: wait waiting (cpu=100%>=90.0%, waited 185s)
2026-06-03 14:03:29,289 [MainThread] INFO mulder.server.app: Resource throttle: wait waiting (cpu=100%>=90.0%, waited 190s)
2026-06-03 14:03:34,296 [MainThread] INFO mulder.server.app: Resource throttle: wait waiting (cpu=100%>=90.0%, waited 195s)
2026-06-03 14:03:35,933 [mulder-job_2] INFO mulder.server.jobs: Job job_8a5466bb (run_bulk_extractor) completed
2026-06-03 14:03:35,937 [mulder-job_2] INFO mulder.server.jobs: [JOB_COMPLETE] run_bulk_extractor|completed|
2026-06-03 14:03:39,313 [MainThread] INFO mulder.server.app: Resource throttle: wait waiting (cpu=100%>=90.0%, waited 200s)
2026-06-03 14:03:44,325 [MainThread] INFO mulder.server.app: Resource throttle: wait waiting (cpu=100%>=90.0%, waited 205s)
2026-06-03 14:03:49,333 [MainThread] INFO mulder.server.app: Resource throttle: wait waiting (cpu=100%>=90.0%, waited 210s)
2026-06-03 14:03:54,341 [MainThread] INFO mulder.server.app: Resource throttle: wait waiting (cpu=100%>=90.0%, waited 215s)
2026-06-03 14:03:59,352 [MainThread] INFO mulder.server.app: Resource throttle: wait waiting (cpu=100%>=90.0%, waited 220s)
2026-06-03 14:04:04,358 [MainThread] INFO mulder.server.app: Resource throttle: wait waiting (cpu=100%>=90.0%, waited 225s)
2026-06-03 14:04:09,365 [MainThread] INFO mulder.server.app: Resource throttle: wait waiting (cpu=100%>=90.0%, waited 230s)
2026-06-03 14:04:14,373 [MainThread] INFO mulder.server.app: Resource throttle: wait waiting (cpu=100%>=90.0%, waited 235s)
2026-06-03 14:04:19,384 [MainThread] INFO mulder.server.app: Resource throttle: wait waiting (cpu=100%>=90.0%, waited 240s)
2026-06-03 14:04:24,390 [MainThread] INFO mulder.server.app: Resource throttle: wait waiting (cpu=100%>=90.0%, waited 245s)
2026-06-03 14:04:29,399 [MainThread] INFO mulder.server.app: Resource throttle: wait waiting (cpu=100%>=90.0%, waited 250s)
2026-06-03 14:04:34,405 [MainThread] INFO mulder.server.app: Resource throttle: wait waiting (cpu=100%>=90.0%, waited 255s)
2026-06-03 14:04:39,417 [MainThread] INFO mulder.server.app: Resource throttle: wait waiting (cpu=100%>=90.0%, waited 260s)
2026-06-03 14:04:44,427 [MainThread] INFO mulder.server.app: Resource throttle: wait waiting (cpu=100%>=90.0%, waited 265s)
2026-06-03 14:04:49,434 [MainThread] INFO mulder.server.app: Resource throttle: wait waiting (cpu=100%>=90.0%, waited 270s)
2026-06-03 14:04:54,442 [MainThread] INFO mulder.server.app: Resource throttle: wait waiting (cpu=100%>=90.0%, waited 275s)
2026-06-03 14:04:59,454 [MainThread] INFO mulder.server.app: Resource throttle: wait waiting (cpu=100%>=90.0%, waited 280s)
2026-06-03 14:05:04,460 [MainThread] INFO mulder.server.app: Resource throttle: wait waiting (cpu=100%>=90.0%, waited 285s)
2026-06-03 14:05:09,468 [MainThread] INFO mulder.server.app: Resource throttle: wait waiting (cpu=100%>=90.0%, waited 290s)
2026-06-03 14:05:14,478 [MainThread] INFO mulder.server.app: Resource throttle: wait waiting (cpu=100%>=90.0%, waited 295s)
2026-06-03 14:05:25,075 [MainThread] INFO mcp.server.lowlevel.server: Processing request of type CallToolRequest
2026-06-03 14:05:25,087 [MainThread] INFO mulder.server.app: Resource throttle: get_completed_results waiting (cpu=99%>=90.0%, waited 0s)
2026-06-03 14:05:30,094 [MainThread] INFO mulder.server.app: Resource throttle: get_completed_results waiting (cpu=100%>=90.0%, waited 5s)
2026-06-03 14:05:35,104 [MainThread] INFO mulder.server.app: Resource throttle: get_completed_results waiting (cpu=100%>=90.0%, waited 10s)
2026-06-03 14:05:40,112 [MainThread] INFO mulder.server.app: Resource throttle: get_completed_results waiting (cpu=100%>=90.0%, waited 15s)
2026-06-03 14:05:45,123 [MainThread] INFO mulder.server.app: Resource throttle: get_completed_results waiting (cpu=96%>=90.0%, waited 20s)
2026-06-03 14:05:50,134 [MainThread] INFO mulder.server.app: Resource throttle: get_completed_results waiting (cpu=100%>=90.0%, waited 25s)
2026-06-03 14:05:55,146 [MainThread] INFO mulder.server.app: Resource throttle: get_completed_results waiting (cpu=100%>=90.0%, waited 30s)
2026-06-03 14:06:00,154 [MainThread] INFO mulder.server.app: Resource throttle: get_completed_results waiting (cpu=100%>=90.0%, waited 35s)
2026-06-03 14:06:05,163 [MainThread] INFO mulder.server.app: Resource throttle: get_completed_results waiting (cpu=100%>=90.0%, waited 40s)
2026-06-03 14:06:10,176 [MainThread] INFO mulder.server.app: Resource throttle: get_completed_results waiting (cpu=96%>=90.0%, waited 45s)
2026-06-03 14:06:15,195 [MainThread] INFO mulder.server.app: Resource throttle: get_completed_results waiting (cpu=100%>=90.0%, waited 50s)
2026-06-03 14:06:20,208 [MainThread] INFO mulder.server.app: Resource throttle: get_completed_results waiting (cpu=100%>=90.0%, waited 55s)
2026-06-03 14:06:25,218 [MainThread] INFO mulder.server.app: Resource throttle: get_completed_results waiting (cpu=100%>=90.0%, waited 60s)
2026-06-03 14:06:30,235 [MainThread] INFO mulder.server.app: Resource throttle: get_completed_results waiting (cpu=100%>=90.0%, waited 65s)
2026-06-03 14:06:35,243 [MainThread] INFO mulder.server.app: Resource throttle: get_completed_results waiting (cpu=100%>=90.0%, waited 70s)
2026-06-03 14:06:40,249 [MainThread] INFO mulder.server.app: Resource throttle: get_completed_results waiting (cpu=100%>=90.0%, waited 75s)
2026-06-03 14:06:45,258 [MainThread] INFO mulder.server.app: Resource throttle: get_completed_results waiting (cpu=100%>=90.0%, waited 80s)
2026-06-03 14:06:50,265 [MainThread] INFO mulder.server.app: Resource throttle: get_completed_results waiting (cpu=100%>=90.0%, waited 85s)
2026-06-03 14:06:55,277 [MainThread] INFO mulder.server.app: Resource throttle: get_completed_results waiting (cpu=100%>=90.0%, waited 90s)
2026-06-03 14:07:00,288 [MainThread] INFO mulder.server.app: Resource throttle: get_completed_results waiting (cpu=100%>=90.0%, waited 95s)
2026-06-03 14:07:05,300 [MainThread] INFO mulder.server.app: Resource throttle: get_completed_results waiting (cpu=100%>=90.0%, waited 100s)
2026-06-03 14:07:10,306 [MainThread] INFO mulder.server.app: Resource throttle: get_completed_results waiting (cpu=100%>=90.0%, waited 105s)
2026-06-03 14:07:15,314 [MainThread] INFO mulder.server.app: Resource throttle: get_completed_results waiting (cpu=100%>=90.0%, waited 110s)
2026-06-03 14:07:20,320 [MainThread] INFO mulder.server.app: Resource throttle: get_completed_results waiting (cpu=100%>=90.0%, waited 115s)
2026-06-03 14:07:25,331 [MainThread] INFO mulder.server.app: Resource throttle: get_completed_results waiting (cpu=100%>=90.0%, waited 120s)
2026-06-03 14:07:30,337 [MainThread] INFO mulder.server.app: Resource throttle: get_completed_results waiting (cpu=100%>=90.0%, waited 125s)
2026-06-03 14:07:35,346 [MainThread] INFO mulder.server.app: Resource throttle: get_completed_results waiting (cpu=100%>=90.0%, waited 130s)
2026-06-03 14:07:40,357 [MainThread] INFO mulder.server.app: Resource throttle: get_completed_results waiting (cpu=100%>=90.0%, waited 135s)
2026-06-03 14:07:45,368 [MainThread] INFO mulder.server.app: Resource throttle: get_completed_results waiting (cpu=100%>=90.0%, waited 140s)
2026-06-03 14:07:50,377 [MainThread] INFO mulder.server.app: Resource throttle: get_completed_results waiting (cpu=100%>=90.0%, waited 145s)
2026-06-03 14:07:55,383 [MainThread] INFO mulder.server.app: Resource throttle: get_completed_results waiting (cpu=100%>=90.0%, waited 150s)
2026-06-03 14:08:00,390 [MainThread] INFO mulder.server.app: Resource throttle: get_completed_results waiting (cpu=100%>=90.0%, waited 155s)
2026-06-03 14:08:05,400 [MainThread] INFO mulder.server.app: Resource throttle: get_completed_results waiting (cpu=100%>=90.0%, waited 160s)
2026-06-03 14:08:10,406 [MainThread] INFO mulder.server.app: Resource throttle: get_completed_results waiting (cpu=100%>=90.0%, waited 165s)
2026-06-03 14:08:15,417 [MainThread] INFO mulder.server.app: Resource throttle: get_completed_results waiting (cpu=100%>=90.0%, waited 170s)
2026-06-03 14:08:20,423 [MainThread] INFO mulder.server.app: Resource throttle: get_completed_results waiting (cpu=100%>=90.0%, waited 175s)
2026-06-03 14:08:25,431 [MainThread] INFO mulder.server.app: Resource throttle: get_completed_results waiting (cpu=100%>=90.0%, waited 180s)
2026-06-03 14:08:30,438 [MainThread] INFO mulder.server.app: Resource throttle: get_completed_results waiting (cpu=100%>=90.0%, waited 185s)
2026-06-03 14:08:35,449 [MainThread] INFO mulder.server.app: Resource throttle: get_completed_results waiting (cpu=100%>=90.0%, waited 190s)
2026-06-03 14:08:40,455 [MainThread] INFO mulder.server.app: Resource throttle: get_completed_results waiting (cpu=99%>=90.0%, waited 195s)
2026-06-03 14:08:58,536 [MainThread] INFO mcp.server.lowlevel.server: Processing request of type CallToolRequest
2026-06-03 14:08:58,578 [mulder-job_4] INFO mulder.server.app: Resource throttle: run_hayabusa waiting (cpu=100%>=90.0%, waited 0s)
2026-06-03 14:08:58,579 [mulder-job_1] INFO mulder.server.app: Resource throttle: run_evtx_parser waiting (cpu=98%>=90.0%, waited 0s)
2026-06-03 14:08:58,580 [mulder-job_3] INFO mulder.server.app: Resource throttle: run_chainsaw waiting (cpu=98%>=90.0%, waited 0s)
2026-06-03 14:08:58,580 [mulder-job_0] INFO mulder.server.app: Resource throttle: run_registry_parser waiting (cpu=98%>=90.0%, waited 0s)
2026-06-03 14:08:58,581 [mulder-job_2] INFO mulder.server.app: Resource throttle: run_prefetch_parser waiting (cpu=98%>=90.0%, waited 0s)
2026-06-03 14:08:58,581 [AnyIO worker thread] INFO mulder.server.jobs: Submitted batch bg_593f1790 with 9 jobs: ['run_evtx_parser', 'run_hayabusa', 'run_chainsaw', 'run_registry_parser', 'run_prefetch_parser', 'run_amcache_parser', 'run_shimcache_parser', 'run_mft_parser', 'yara_scan_files']
2026-06-03 14:08:59,094 [mulder-job_6] WARNING mulder.extractors.disk: ewfmount failed on /evidence/win2008R2-controller-10.3.58.4/win2008R2-controller-c-drive/win2008R2-controller-c-drive.E01: Command '['ewfmount', '/evidence/win2008R2-controller-10.3.58.4/win2008R2-controller-c-drive/win2008R2-controller-c-drive.E01', '/tmp/mulder_mount_9ysq8rfi/_ewf']' returned non-zero exit status 1. No sub system to mount EWF format.

2026-06-03 14:08:59,700 [mulder-job_6] WARNING mulder.extractors.disk: guestmount failed on E01 /evidence/win2008R2-controller-10.3.58.4/win2008R2-controller-c-drive/win2008R2-controller-c-drive.E01: Command '['guestmount', '-a', '/evidence/win2008R2-controller-10.3.58.4/win2008R2-controller-c-drive/win2008R2-controller-c-drive.E01', '-i', '--ro', '/tmp/mulder_mount_9ysq8rfi']' returned non-zero exit status 1.
2026-06-03 14:08:59,701 [mulder-job_6] ERROR mulder.extractors.disk: Could not mount E01 /evidence/win2008R2-controller-10.3.58.4/win2008R2-controller-c-drive/win2008R2-controller-c-drive.E01 (tried ewfmount+mount and guestmount)
2026-06-03 14:09:00,539 [mulder-job_5] WARNING mulder.server.jobs: Job job_1246dfef (run_amcache_parser) returned error: Mount failed and Amcache.hve not found via TSK extraction
2026-06-03 14:09:00,542 [mulder-job_5] INFO mulder.server.jobs: [JOB_COMPLETE] run_amcache_parser|failed|Mount failed and Amcache.hve not found via TSK extraction
2026-06-03 14:09:03,434 [MainThread] INFO mcp.server.lowlevel.server: Processing request of type CallToolRequest
2026-06-03 14:09:03,438 [MainThread] INFO mulder.server.app: Resource throttle: wait waiting (cpu=92%>=90.0%, waited 0s)
2026-06-03 14:09:03,583 [mulder-job_4] INFO mulder.server.app: Resource throttle: run_hayabusa waiting (cpu=92%>=90.0%, waited 5s)
2026-06-03 14:09:03,585 [mulder-job_1] INFO mulder.server.app: Resource throttle: run_evtx_parser waiting (cpu=92%>=90.0%, waited 5s)
2026-06-03 14:09:03,586 [mulder-job_3] INFO mulder.server.app: Resource throttle: run_chainsaw waiting (cpu=92%>=90.0%, waited 5s)
2026-06-03 14:09:03,587 [mulder-job_0] INFO mulder.server.app: Resource throttle: run_registry_parser waiting (cpu=92%>=90.0%, waited 5s)
2026-06-03 14:09:03,590 [mulder-job_2] INFO mulder.server.app: Resource throttle: run_prefetch_parser waiting (cpu=92%>=90.0%, waited 5s)
2026-06-03 14:09:08,604 [mulder-job_4] INFO mulder.server.tools.hayabusa: Hayabusa: no prior EVTX extraction found; extracting inline from /evidence/win2008R2-controller-10.3.58.4/win2008R2-controller-c-drive/win2008R2-controller-c-drive.E01
2026-06-03 14:09:08,731 [mulder-job_2] WARNING mulder.extractors.disk: ewfmount failed on /evidence/win2008R2-controller-10.3.58.4/win2008R2-controller-c-drive/win2008R2-controller-c-drive.E01: Command '['ewfmount', '/evidence/win2008R2-controller-10.3.58.4/win2008R2-controller-c-drive/win2008R2-controller-c-drive.E01', '/tmp/mulder_mount_dhljkc1_/_ewf']' returned non-zero exit status 1. No sub system to mount EWF format.

2026-06-03 14:09:09,618 [mulder-job_2] WARNING mulder.extractors.disk: guestmount failed on E01 /evidence/win2008R2-controller-10.3.58.4/win2008R2-controller-c-drive/win2008R2-controller-c-drive.E01: Command '['guestmount', '-a', '/evidence/win2008R2-controller-10.3.58.4/win2008R2-controller-c-drive/win2008R2-controller-c-drive.E01', '-i', '--ro', '/tmp/mulder_mount_dhljkc1_']' returned non-zero exit status 1.
2026-06-03 14:09:09,645 [mulder-job_2] ERROR mulder.extractors.disk: Could not mount E01 /evidence/win2008R2-controller-10.3.58.4/win2008R2-controller-c-drive/win2008R2-controller-c-drive.E01 (tried ewfmount+mount and guestmount)
2026-06-03 14:09:24,713 [mulder-job_4] INFO mulder.server.tools.hayabusa: Hayabusa: extracted 251 EVTX files from /evidence/win2008R2-controller-10.3.58.4/win2008R2-controller-c-drive/win2008R2-controller-c-drive.E01
2026-06-03 14:09:24,735 [mulder-job_4] INFO mulder.server.jobs: Job job_f2a1ac18 (run_hayabusa) completed
2026-06-03 14:09:24,735 [mulder-job_4] INFO mulder.server.jobs: [JOB_COMPLETE] run_hayabusa|completed|
2026-06-03 14:09:30,241 [mulder-job_2] WARNING mulder.server.jobs: Job job_dcf5d05e (run_prefetch_parser) returned error: PECmd.dll produced no CSV output
2026-06-03 14:09:30,242 [mulder-job_2] INFO mulder.server.jobs: [JOB_COMPLETE] run_prefetch_parser|failed|PECmd.dll produced no CSV output
2026-06-03 14:09:35,928 [mulder-job_3] INFO mulder.server.jobs: Job job_78a42461 (run_chainsaw) completed
2026-06-03 14:09:35,929 [mulder-job_3] INFO mulder.server.jobs: [JOB_COMPLETE] run_chainsaw|completed|
2026-06-03 14:09:35,983 [mulder-job_6] INFO mulder.server.jobs: Job job_e587d585 (run_shimcache_parser) completed
2026-06-03 14:09:35,984 [mulder-job_6] INFO mulder.server.jobs: [JOB_COMPLETE] run_shimcache_parser|completed|
2026-06-03 14:09:56,743 [mulder-job_1] INFO mulder.server.jobs: Job job_c111eff8 (run_evtx_parser) completed
2026-06-03 14:09:56,747 [mulder-job_1] INFO mulder.server.jobs: [JOB_COMPLETE] run_evtx_parser|completed|
2026-06-03 14:09:58,798 [mulder-job_7] INFO mulder.server.jobs: Job job_0c07b590 (run_mft_parser) completed
2026-06-03 14:09:58,799 [mulder-job_7] INFO mulder.server.jobs: [JOB_COMPLETE] run_mft_parser|completed|
2026-06-03 14:10:49,658 [mulder-job_0] INFO mulder.server.jobs: Job job_ca01664f (run_registry_parser) completed
2026-06-03 14:10:49,661 [mulder-job_0] INFO mulder.server.jobs: [JOB_COMPLETE] run_registry_parser|completed|
2026-06-03 14:11:33,599 [mulder-job_5] INFO mulder.server.jobs: Job job_b49bedfa (yara_scan_files) completed
2026-06-03 14:11:33,602 [mulder-job_5] INFO mulder.server.jobs: [JOB_COMPLETE] yara_scan_files|completed|
2026-06-03 14:11:39,099 [MainThread] INFO mcp.server.lowlevel.server: Processing request of type CallToolRequest
2026-06-03 14:11:47,029 [MainThread] INFO mcp.server.lowlevel.server: Processing request of type CallToolRequest
2026-06-03 14:11:47,041 [AnyIO worker thread] INFO mulder.server.jobs: Submitted batch bg_fc0d8917 with 2 jobs: ['run_prefetch_parser', 'run_amcache_parser']
2026-06-03 14:11:47,705 [mulder-job_4] WARNING mulder.extractors.disk: ewfmount failed on /evidence/win2008R2-controller-10.3.58.4/win2008R2-controller-c-drive/win2008R2-controller-c-drive.E01: Command '['ewfmount', '/evidence/win2008R2-controller-10.3.58.4/win2008R2-controller-c-drive/win2008R2-controller-c-drive.E01', '/tmp/mulder_mount_77hbmwgj/_ewf']' returned non-zero exit status 1. No sub system to mount EWF format.

2026-06-03 14:11:47,983 [mulder-job_4] WARNING mulder.extractors.disk: guestmount failed on E01 /evidence/win2008R2-controller-10.3.58.4/win2008R2-controller-c-drive/win2008R2-controller-c-drive.E01: Command '['guestmount', '-a', '/evidence/win2008R2-controller-10.3.58.4/win2008R2-controller-c-drive/win2008R2-controller-c-drive.E01', '-i', '--ro', '/tmp/mulder_mount_77hbmwgj']' returned non-zero exit status 1.
2026-06-03 14:11:47,985 [mulder-job_4] ERROR mulder.extractors.disk: Could not mount E01 /evidence/win2008R2-controller-10.3.58.4/win2008R2-controller-c-drive/win2008R2-controller-c-drive.E01 (tried ewfmount+mount and guestmount)
2026-06-03 14:11:51,919 [MainThread] INFO mcp.server.lowlevel.server: Processing request of type CallToolRequest
2026-06-03 14:11:52,482 [mulder-job_2] WARNING mulder.server.jobs: Job job_b58c4c0a (run_amcache_parser) returned error: Mount failed and Amcache.hve not found via TSK extraction
2026-06-03 14:11:52,483 [mulder-job_2] INFO mulder.server.jobs: [JOB_COMPLETE] run_amcache_parser|failed|Mount failed and Amcache.hve not found via TSK extraction
2026-06-03 14:12:00,670 [mulder-job_4] WARNING mulder.server.jobs: Job job_24d14eb6 (run_prefetch_parser) returned error: PECmd.dll produced no CSV output
2026-06-03 14:12:00,671 [mulder-job_4] INFO mulder.server.jobs: [JOB_COMPLETE] run_prefetch_parser|failed|PECmd.dll produced no CSV output
2026-06-03 14:12:23,562 [MainThread] INFO mulder.server.app: Mulder MCP server ready (db_dir=/home/mulder/.mulder/cases)
2026-06-03 14:12:23,582 [MainThread] INFO mcp.server.lowlevel.server: Processing request of type ListToolsRequest
2026-06-03 14:12:23,584 [MainThread] INFO mcp.server.lowlevel.server: Processing request of type ListPromptsRequest
2026-06-03 14:12:23,585 [MainThread] INFO mcp.server.lowlevel.server: Processing request of type ListResourcesRequest
2026-06-03 14:12:28,688 [MainThread] INFO mcp.server.lowlevel.server: Processing request of type CallToolRequest
2026-06-03 14:12:28,689 [AnyIO worker thread] INFO mulder.server.app: Opening case database for 'SRL-2015' ...
2026-06-03 14:12:28,717 [AnyIO worker thread] INFO mulder.server.app: Server context ready for case 'SRL-2015'
2026-06-03 14:12:33,940 [MainThread] INFO mcp.server.lowlevel.server: Processing request of type CallToolRequest
2026-06-03 14:12:40,716 [MainThread] INFO mulder.server.app: Mulder MCP server ready (db_dir=/home/mulder/.mulder/cases)
2026-06-03 14:12:40,736 [MainThread] INFO mcp.server.lowlevel.server: Processing request of type ListToolsRequest
2026-06-03 14:12:40,738 [MainThread] INFO mcp.server.lowlevel.server: Processing request of type ListPromptsRequest
2026-06-03 14:12:40,739 [MainThread] INFO mcp.server.lowlevel.server: Processing request of type ListResourcesRequest
2026-06-03 14:12:46,742 [MainThread] INFO mcp.server.lowlevel.server: Processing request of type CallToolRequest
2026-06-03 14:12:50,640 [MainThread] INFO mcp.server.lowlevel.server: Processing request of type CallToolRequest
2026-06-03 14:12:54,722 [MainThread] INFO mcp.server.lowlevel.server: Processing request of type CallToolRequest
2026-06-03 14:12:54,723 [AnyIO worker thread] INFO mulder.server.app: Opening case database for 'SRL-2015' ...
2026-06-03 14:12:54,740 [AnyIO worker thread] INFO mulder.server.app: Server context ready for case 'SRL-2015'
2026-06-03 14:12:58,552 [MainThread] INFO mcp.server.lowlevel.server: Processing request of type CallToolRequest
2026-06-03 14:12:58,568 [MainThread] INFO mcp.server.lowlevel.server: Processing request of type CallToolRequest
2026-06-03 14:13:04,407 [mulder-job_3] INFO mulder.server.jobs: Job job_3ab8c497 (run_bulk_extractor) completed
2026-06-03 14:13:04,409 [mulder-job_3] INFO mulder.server.jobs: [JOB_COMPLETE] run_bulk_extractor|completed|
2026-06-03 14:13:07,464 [MainThread] INFO mcp.server.lowlevel.server: Processing request of type CallToolRequest
2026-06-03 14:13:09,835 [MainThread] INFO mcp.server.lowlevel.server: Processing request of type CallToolRequest
2026-06-03 14:13:12,900 [MainThread] INFO mcp.server.lowlevel.server: Processing request of type CallToolRequest
2026-06-03 14:13:14,283 [MainThread] INFO mcp.server.lowlevel.server: Processing request of type CallToolRequest
2026-06-03 14:13:15,415 [MainThread] INFO mcp.server.lowlevel.server: Processing request of type CallToolRequest
2026-06-03 14:13:16,877 [MainThread] INFO mcp.server.lowlevel.server: Processing request of type CallToolRequest
2026-06-03 14:13:16,896 [AnyIO worker thread] INFO mulder.server.tools.yara: Updated YARA rules: signature-base
2026-06-03 14:13:19,367 [AnyIO worker thread] INFO mulder.server.tools.yara: YARA rule validation: 731/744 files valid (individual)
2026-06-03 14:13:32,144 [MainThread] INFO mcp.server.lowlevel.server: Processing request of type CallToolRequest
2026-06-03 14:13:32,630 [MainThread] INFO mcp.server.lowlevel.server: Processing request of type CallToolRequest
2026-06-03 14:13:32,997 [MainThread] INFO mcp.server.lowlevel.server: Processing request of type CallToolRequest
2026-06-03 14:13:33,013 [MainThread] INFO mcp.server.lowlevel.server: Processing request of type CallToolRequest
2026-06-03 14:13:45,371 [MainThread] INFO mcp.server.lowlevel.server: Processing request of type CallToolRequest
2026-06-03 14:13:48,100 [MainThread] INFO mcp.server.lowlevel.server: Processing request of type CallToolRequest
2026-06-03 14:13:52,219 [MainThread] INFO mcp.server.lowlevel.server: Processing request of type CallToolRequest
2026-06-03 14:13:53,553 [MainThread] INFO mcp.server.lowlevel.server: Processing request of type CallToolRequest
2026-06-03 14:14:02,801 [MainThread] INFO mcp.server.lowlevel.server: Processing request of type CallToolRequest
2026-06-03 14:14:02,981 [MainThread] INFO mcp.server.lowlevel.server: Processing request of type CallToolRequest
2026-06-03 14:14:03,449 [MainThread] INFO mcp.server.lowlevel.server: Processing request of type CallToolRequest
2026-06-03 14:14:04,181 [MainThread] INFO mcp.server.lowlevel.server: Processing request of type CallToolRequest
2026-06-03 14:14:21,274 [MainThread] INFO mcp.server.lowlevel.server: Processing request of type CallToolRequest
2026-06-03 14:14:21,735 [MainThread] INFO mcp.server.lowlevel.server: Processing request of type CallToolRequest
2026-06-03 14:14:22,496 [MainThread] INFO mcp.server.lowlevel.server: Processing request of type CallToolRequest
2026-06-03 14:14:38,075 [MainThread] INFO mcp.server.lowlevel.server: Processing request of type CallToolRequest
2026-06-03 14:14:38,119 [AnyIO worker thread] INFO mulder.server.jobs: Submitted batch bg_d3428aae with 8 jobs: ['run_evtx_parser', 'run_hayabusa', 'run_chainsaw', 'run_registry_parser', 'run_prefetch_parser', 'run_amcache_parser', 'run_shimcache_parser', 'run_mft_parser']
2026-06-03 14:14:38,186 [mulder-job_0] INFO mulder.server.jobs: Job job_ec39e939 (run_hayabusa) completed
2026-06-03 14:14:38,187 [mulder-job_0] INFO mulder.server.jobs: [JOB_COMPLETE] run_hayabusa|completed|
2026-06-03 14:14:38,189 [mulder-job_2] INFO mulder.server.jobs: Job job_259b38d2 (run_chainsaw) completed
2026-06-03 14:14:38,190 [mulder-job_2] INFO mulder.server.jobs: [JOB_COMPLETE] run_chainsaw|completed|
2026-06-03 14:14:38,418 [mulder-job_5] WARNING mulder.extractors.disk: ewfmount failed on /evidence/win7-32-nromanoff-10.3.58.5/win7-32-nromanoff-c-drive/win7-32-nromanoff-c-drive.E01: Command '['ewfmount', '/evidence/win7-32-nromanoff-10.3.58.5/win7-32-nromanoff-c-drive/win7-32-nromanoff-c-drive.E01', '/tmp/mulder_mount_paozj1tp/_ewf']' returned non-zero exit status 1. No sub system to mount EWF format.

2026-06-03 14:14:38,618 [mulder-job_5] WARNING mulder.extractors.disk: guestmount failed on E01 /evidence/win7-32-nromanoff-10.3.58.5/win7-32-nromanoff-c-drive/win7-32-nromanoff-c-drive.E01: Command '['guestmount', '-a', '/evidence/win7-32-nromanoff-10.3.58.5/win7-32-nromanoff-c-drive/win7-32-nromanoff-c-drive.E01', '-i', '--ro', '/tmp/mulder_mount_paozj1tp']' returned non-zero exit status 1.
2026-06-03 14:14:38,620 [mulder-job_5] ERROR mulder.extractors.disk: Could not mount E01 /evidence/win7-32-nromanoff-10.3.58.5/win7-32-nromanoff-c-drive/win7-32-nromanoff-c-drive.E01 (tried ewfmount+mount and guestmount)
2026-06-03 14:14:40,473 [mulder-job_5] WARNING mulder.server.jobs: Job job_8fe8acbf (run_amcache_parser) returned error: Mount failed and Amcache.hve not found via TSK extraction
2026-06-03 14:14:40,490 [mulder-job_5] INFO mulder.server.jobs: [JOB_COMPLETE] run_amcache_parser|failed|Mount failed and Amcache.hve not found via TSK extraction
2026-06-03 14:14:41,725 [MainThread] INFO mcp.server.lowlevel.server: Processing request of type CallToolRequest
2026-06-03 14:14:42,009 [MainThread] INFO mcp.server.lowlevel.server: Processing request of type CallToolRequest
2026-06-03 14:14:42,510 [MainThread] INFO mcp.server.lowlevel.server: Processing request of type CallToolRequest
2026-06-03 14:14:43,083 [MainThread] INFO mcp.server.lowlevel.server: Processing request of type CallToolRequest
2026-06-03 14:14:50,492 [mulder-job_4] WARNING mulder.server.jobs: Job job_f501f6c8 (run_prefetch_parser) returned error: PECmd.dll produced no CSV output
2026-06-03 14:14:50,494 [mulder-job_4] INFO mulder.server.jobs: [JOB_COMPLETE] run_prefetch_parser|failed|PECmd.dll produced no CSV output
2026-06-03 14:14:51,595 [mulder-job_6] WARNING mulder.server.jobs: Job job_2d07d245 (run_shimcache_parser) returned error: AppCompatCacheParser.dll produced no CSV output
2026-06-03 14:14:51,596 [mulder-job_6] INFO mulder.server.jobs: [JOB_COMPLETE] run_shimcache_parser|failed|AppCompatCacheParser.dll produced no CSV output
2026-06-03 14:15:02,091 [mulder-job_7] INFO mulder.server.jobs: Job job_45399495 (run_mft_parser) completed
2026-06-03 14:15:02,092 [mulder-job_7] INFO mulder.server.jobs: [JOB_COMPLETE] run_mft_parser|completed|
2026-06-03 14:15:02,105 [mulder-job_1] INFO mulder.server.jobs: Job job_538f0535 (run_evtx_parser) completed
2026-06-03 14:15:02,106 [mulder-job_1] INFO mulder.server.jobs: [JOB_COMPLETE] run_evtx_parser|completed|
2026-06-03 14:15:03,769 [MainThread] INFO mcp.server.lowlevel.server: Processing request of type CallToolRequest
2026-06-03 14:15:05,203 [MainThread] INFO mcp.server.lowlevel.server: Processing request of type CallToolRequest
2026-06-03 14:15:06,433 [MainThread] INFO mcp.server.lowlevel.server: Processing request of type CallToolRequest
2026-06-03 14:15:21,122 [MainThread] INFO mcp.server.lowlevel.server: Processing request of type CallToolRequest
2026-06-03 14:15:21,796 [MainThread] INFO mcp.server.lowlevel.server: Processing request of type CallToolRequest
2026-06-03 14:15:21,851 [MainThread] INFO mcp.server.lowlevel.server: Processing request of type CallToolRequest
2026-06-03 14:15:32,896 [mulder-job_3] INFO mulder.server.jobs: Job job_82ee53f5 (run_registry_parser) completed
2026-06-03 14:15:32,897 [mulder-job_3] INFO mulder.server.jobs: [JOB_COMPLETE] run_registry_parser|completed|
2026-06-03 14:15:39,673 [MainThread] INFO mcp.server.lowlevel.server: Processing request of type CallToolRequest
2026-06-03 14:15:42,260 [MainThread] INFO mcp.server.lowlevel.server: Processing request of type CallToolRequest
2026-06-03 14:15:42,263 [AnyIO worker thread] INFO mulder.server.jobs: Submitted batch bg_320a7bd7 with 4 jobs: ['run_prefetch_parser', 'run_amcache_parser', 'run_shimcache_parser', 'yara_scan_files']
2026-06-03 14:15:42,324 [mulder-job_2] WARNING mulder.extractors.disk: ewfmount failed on /evidence/win7-32-nromanoff-10.3.58.5/win7-32-nromanoff-c-drive/win7-32-nromanoff-c-drive.E01: Command '['ewfmount', '/evidence/win7-32-nromanoff-10.3.58.5/win7-32-nromanoff-c-drive/win7-32-nromanoff-c-drive.E01', '/tmp/mulder_mount_9bp4ljg4/_ewf']' returned non-zero exit status 1. No sub system to mount EWF format.

2026-06-03 14:15:42,491 [mulder-job_2] WARNING mulder.extractors.disk: guestmount failed on E01 /evidence/win7-32-nromanoff-10.3.58.5/win7-32-nromanoff-c-drive/win7-32-nromanoff-c-drive.E01: Command '['guestmount', '-a', '/evidence/win7-32-nromanoff-10.3.58.5/win7-32-nromanoff-c-drive/win7-32-nromanoff-c-drive.E01', '-i', '--ro', '/tmp/mulder_mount_9bp4ljg4']' returned non-zero exit status 1.
2026-06-03 14:15:42,492 [mulder-job_2] ERROR mulder.extractors.disk: Could not mount E01 /evidence/win7-32-nromanoff-10.3.58.5/win7-32-nromanoff-c-drive/win7-32-nromanoff-c-drive.E01 (tried ewfmount+mount and guestmount)
2026-06-03 14:15:43,719 [mulder-job_2] WARNING mulder.server.jobs: Job job_0efef7de (run_amcache_parser) returned error: Mount failed and Amcache.hve not found via TSK extraction
2026-06-03 14:15:43,730 [mulder-job_2] INFO mulder.server.jobs: [JOB_COMPLETE] run_amcache_parser|failed|Mount failed and Amcache.hve not found via TSK extraction
2026-06-03 14:15:47,530 [MainThread] INFO mcp.server.lowlevel.server: Processing request of type CallToolRequest
2026-06-03 14:15:47,554 [MainThread] INFO mcp.server.lowlevel.server: Processing request of type CallToolRequest
2026-06-03 14:15:47,647 [MainThread] INFO mcp.server.lowlevel.server: Processing request of type CallToolRequest
2026-06-03 14:15:48,102 [MainThread] INFO mcp.server.lowlevel.server: Processing request of type CallToolRequest
2026-06-03 14:15:54,484 [mulder-job_0] WARNING mulder.server.jobs: Job job_75e31071 (run_prefetch_parser) returned error: PECmd.dll produced no CSV output
2026-06-03 14:15:54,486 [mulder-job_0] INFO mulder.server.jobs: [JOB_COMPLETE] run_prefetch_parser|failed|PECmd.dll produced no CSV output
2026-06-03 14:15:54,877 [MainThread] INFO mcp.server.lowlevel.server: Processing request of type CallToolRequest
2026-06-03 14:15:55,393 [MainThread] INFO mcp.server.lowlevel.server: Processing request of type CallToolRequest
2026-06-03 14:15:55,989 [mulder-job_5] WARNING mulder.server.jobs: Job job_fe54a83d (run_shimcache_parser) returned error: AppCompatCacheParser.dll produced no CSV output
2026-06-03 14:15:55,990 [mulder-job_5] INFO mulder.server.jobs: [JOB_COMPLETE] run_shimcache_parser|failed|AppCompatCacheParser.dll produced no CSV output
2026-06-03 14:15:56,211 [MainThread] INFO mcp.server.lowlevel.server: Processing request of type CallToolRequest
2026-06-03 14:16:03,534 [MainThread] INFO mcp.server.lowlevel.server: Processing request of type CallToolRequest
2026-06-03 14:16:04,531 [MainThread] INFO mcp.server.lowlevel.server: Processing request of type CallToolRequest
2026-06-03 14:16:32,112 [MainThread] INFO mcp.server.lowlevel.server: Processing request of type CallToolRequest
2026-06-03 14:16:46,420 [MainThread] INFO mcp.server.lowlevel.server: Processing request of type CallToolRequest
2026-06-03 14:17:02,653 [MainThread] INFO mcp.server.lowlevel.server: Processing request of type CallToolRequest
2026-06-03 14:17:10,294 [mulder-job_4] INFO mulder.server.jobs: Job job_9cd946ec (yara_scan_files) completed
2026-06-03 14:17:10,297 [mulder-job_4] INFO mulder.server.jobs: [JOB_COMPLETE] yara_scan_files|completed|
2026-06-03 14:17:19,218 [MainThread] INFO mcp.server.lowlevel.server: Processing request of type CallToolRequest
2026-06-03 14:17:24,940 [MainThread] INFO mcp.server.lowlevel.server: Processing request of type CallToolRequest
2026-06-03 14:17:35,807 [MainThread] INFO mcp.server.lowlevel.server: Processing request of type CallToolRequest
2026-06-03 14:17:44,342 [MainThread] INFO mulder.server.app: Mulder MCP server ready (db_dir=/home/mulder/.mulder/cases)
2026-06-03 14:17:44,365 [MainThread] INFO mcp.server.lowlevel.server: Processing request of type ListToolsRequest
2026-06-03 14:17:44,368 [MainThread] INFO mcp.server.lowlevel.server: Processing request of type ListPromptsRequest
2026-06-03 14:17:44,369 [MainThread] INFO mcp.server.lowlevel.server: Processing request of type ListResourcesRequest
2026-06-03 14:17:48,077 [MainThread] INFO mcp.server.lowlevel.server: Processing request of type CallToolRequest
2026-06-03 14:17:50,215 [MainThread] INFO mcp.server.lowlevel.server: Processing request of type CallToolRequest
2026-06-03 14:17:50,235 [MainThread] INFO mcp.server.lowlevel.server: Processing request of type CallToolRequest
2026-06-03 14:17:54,162 [MainThread] INFO mcp.server.lowlevel.server: Processing request of type CallToolRequest
2026-06-03 14:17:58,333 [MainThread] INFO mcp.server.lowlevel.server: Processing request of type CallToolRequest
2026-06-03 14:17:58,336 [AnyIO worker thread] INFO mulder.server.app: Opening case database for 'SRL-2015' ...
2026-06-03 14:17:58,347 [AnyIO worker thread] INFO mulder.server.app: Server context ready for case 'SRL-2015'
2026-06-03 14:18:03,204 [MainThread] INFO mcp.server.lowlevel.server: Processing request of type CallToolRequest
2026-06-03 14:18:03,931 [MainThread] INFO mcp.server.lowlevel.server: Processing request of type CallToolRequest
2026-06-03 14:18:04,177 [MainThread] INFO mcp.server.lowlevel.server: Processing request of type CallToolRequest
2026-06-03 14:18:04,193 [MainThread] INFO mcp.server.lowlevel.server: Processing request of type CallToolRequest
2026-06-03 14:18:26,652 [MainThread] INFO mcp.server.lowlevel.server: Processing request of type CallToolRequest
2026-06-03 14:18:38,788 [MainThread] INFO mcp.server.lowlevel.server: Processing request of type CallToolRequest
2026-06-03 14:18:38,849 [MainThread] INFO mcp.server.lowlevel.server: Processing request of type CallToolRequest
2026-06-03 14:18:48,424 [MainThread] INFO mulder.server.app: Mulder MCP server ready (db_dir=/home/mulder/.mulder/cases)
2026-06-03 14:18:48,444 [MainThread] INFO mcp.server.lowlevel.server: Processing request of type ListToolsRequest
2026-06-03 14:18:48,446 [MainThread] INFO mcp.server.lowlevel.server: Processing request of type ListPromptsRequest
2026-06-03 14:18:48,447 [MainThread] INFO mcp.server.lowlevel.server: Processing request of type ListResourcesRequest
2026-06-03 14:18:49,649 [MainThread] INFO mcp.server.lowlevel.server: Processing request of type CallToolRequest
2026-06-03 14:18:58,132 [MainThread] INFO mcp.server.lowlevel.server: Processing request of type CallToolRequest
2026-06-03 14:19:00,401 [MainThread] INFO mcp.server.lowlevel.server: Processing request of type CallToolRequest
2026-06-03 14:19:04,525 [MainThread] INFO mcp.server.lowlevel.server: Processing request of type CallToolRequest
2026-06-03 14:19:04,527 [AnyIO worker thread] WARNING mulder.server.tools.case: Overriding requested case_id 'win7-64-nfury' with MULDER_CASE_ID='SRL-2015'
2026-06-03 14:19:04,655 [AnyIO worker thread] INFO mulder.server.app: Server context ready for case 'SRL-2015'
2026-06-03 14:19:14,029 [MainThread] INFO mcp.server.lowlevel.server: Processing request of type CallToolRequest
2026-06-03 14:19:14,919 [MainThread] INFO mcp.server.lowlevel.server: Processing request of type CallToolRequest
2026-06-03 14:19:15,362 [MainThread] INFO mcp.server.lowlevel.server: Processing request of type CallToolRequest
2026-06-03 14:19:16,068 [MainThread] INFO mcp.server.lowlevel.server: Processing request of type CallToolRequest
2026-06-03 14:19:16,070 [AnyIO worker thread] INFO mulder.server.app: Opening case database for 'SRL-2015' ...
2026-06-03 14:19:16,080 [AnyIO worker thread] INFO mulder.server.app: Server context ready for case 'SRL-2015'
2026-06-03 14:19:23,710 [MainThread] INFO mcp.server.lowlevel.server: Processing request of type CallToolRequest
2026-06-03 14:19:34,207 [MainThread] INFO mcp.server.lowlevel.server: Processing request of type CallToolRequest
2026-06-03 14:19:35,170 [MainThread] INFO mcp.server.lowlevel.server: Processing request of type CallToolRequest
2026-06-03 14:19:35,521 [MainThread] INFO mcp.server.lowlevel.server: Processing request of type CallToolRequest
2026-06-03 14:19:48,722 [MainThread] INFO mulder.server.app: Mulder MCP server ready (db_dir=/home/mulder/.mulder/cases)
2026-06-03 14:19:48,741 [MainThread] INFO mcp.server.lowlevel.server: Processing request of type ListToolsRequest
2026-06-03 14:19:48,743 [MainThread] INFO mcp.server.lowlevel.server: Processing request of type ListPromptsRequest
2026-06-03 14:19:48,744 [MainThread] INFO mcp.server.lowlevel.server: Processing request of type ListResourcesRequest
2026-06-03 14:19:56,736 [MainThread] INFO mcp.server.lowlevel.server: Processing request of type CallToolRequest
2026-06-03 14:19:57,974 [MainThread] INFO mcp.server.lowlevel.server: Processing request of type CallToolRequest
2026-06-03 14:19:57,999 [AnyIO worker thread] WARNING mulder.db: FTS5 COUNT failed for query 'nromanoff\\AppData\\Local\\Temp OR Users\\nromanoff\\AppData OR Temp', returning 0
Traceback (most recent call last):
  File "/usr/local/lib/python3.12/dist-packages/sqlalchemy/engine/base.py", line 1969, in _exec_single_context
    self.dialect.do_execute(
  File "/usr/local/lib/python3.12/dist-packages/sqlalchemy/engine/default.py", line 952, in do_execute
    cursor.execute(statement, parameters)
sqlite3.OperationalError: fts5: syntax error near "\"

The above exception was the direct cause of the following exception:

Traceback (most recent call last):
  File "/app/src/mulder/db.py", line 699, in count_search_windows
    result = conn.execute(stmt, {"q": safe_query}).scalar()
             ^^^^^^^^^^^^^^^^^^^^^^^^^^^^^^^^^^^^^
  File "/usr/local/lib/python3.12/dist-packages/sqlalchemy/engine/base.py", line 1421, in execute
    return meth(
           ^^^^^
  File "/usr/local/lib/python3.12/dist-packages/sqlalchemy/sql/elements.py", line 526, in _execute_on_connection
    return connection._execute_clauseelement(
           ^^^^^^^^^^^^^^^^^^^^^^^^^^^^^^^^^^
  File "/usr/local/lib/python3.12/dist-packages/sqlalchemy/engine/base.py", line 1643, in _execute_clauseelement
    ret = self._execute_context(
          ^^^^^^^^^^^^^^^^^^^^^^
  File "/usr/local/lib/python3.12/dist-packages/sqlalchemy/engine/base.py", line 1848, in _execute_context
    return self._exec_single_context(
           ^^^^^^^^^^^^^^^^^^^^^^^^^^
  File "/usr/local/lib/python3.12/dist-packages/sqlalchemy/engine/base.py", line 1988, in _exec_single_context
    self._handle_dbapi_exception(
  File "/usr/local/lib/python3.12/dist-packages/sqlalchemy/engine/base.py", line 2365, in _handle_dbapi_exception
    raise sqlalchemy_exception.with_traceback(exc_info[2]) from e
  File "/usr/local/lib/python3.12/dist-packages/sqlalchemy/engine/base.py", line 1969, in _exec_single_context
    self.dialect.do_execute(
  File "/usr/local/lib/python3.12/dist-packages/sqlalchemy/engine/default.py", line 952, in do_execute
    cursor.execute(statement, parameters)
sqlalchemy.exc.OperationalError: (sqlite3.OperationalError) fts5: syntax error near "\"
[SQL: SELECT count(*) AS count_1 
FROM windows JOIN sources ON windows.source_id = sources.source_id 
WHERE windows.window_id IN (SELECT rowid 
FROM windows_fts 
WHERE windows_fts MATCH ?) AND (sources.source_name = ? OR sources.source_name LIKE ?)]
[parameters: ('nromanoff\\AppData\\Local\\Temp OR Users\\nromanoff\\AppData OR Temp', 'tsk.filelist', 'tsk.filelist.%')]
(Background on this error at: https://sqlalche.me/e/20/e3q8)
2026-06-03 14:19:58,422 [AnyIO worker thread] WARNING mulder.db: FTS5 MATCH failed for query 'nromanoff\\AppData\\Local\\Temp OR Users\\nromanoff\\AppData OR Temp', returning empty
Traceback (most recent call last):
  File "/usr/local/lib/python3.12/dist-packages/sqlalchemy/engine/base.py", line 1969, in _exec_single_context
    self.dialect.do_execute(
  File "/usr/local/lib/python3.12/dist-packages/sqlalchemy/engine/default.py", line 952, in do_execute
    cursor.execute(statement, parameters)
sqlite3.OperationalError: fts5: syntax error near "\"

The above exception was the direct cause of the following exception:

Traceback (most recent call last):
  File "/app/src/mulder/db.py", line 615, in search_windows
    rows = conn.execute(stmt, {"q": safe_query}).fetchall()
           ^^^^^^^^^^^^^^^^^^^^^^^^^^^^^^^^^^^^^
  File "/usr/local/lib/python3.12/dist-packages/sqlalchemy/engine/base.py", line 1421, in execute
    return meth(
           ^^^^^
  File "/usr/local/lib/python3.12/dist-packages/sqlalchemy/sql/elements.py", line 526, in _execute_on_connection
    return connection._execute_clauseelement(
           ^^^^^^^^^^^^^^^^^^^^^^^^^^^^^^^^^^
  File "/usr/local/lib/python3.12/dist-packages/sqlalchemy/engine/base.py", line 1643, in _execute_clauseelement
    ret = self._execute_context(
          ^^^^^^^^^^^^^^^^^^^^^^
  File "/usr/local/lib/python3.12/dist-packages/sqlalchemy/engine/base.py", line 1848, in _execute_context
    return self._exec_single_context(
           ^^^^^^^^^^^^^^^^^^^^^^^^^^
  File "/usr/local/lib/python3.12/dist-packages/sqlalchemy/engine/base.py", line 1988, in _exec_single_context
    self._handle_dbapi_exception(
  File "/usr/local/lib/python3.12/dist-packages/sqlalchemy/engine/base.py", line 2365, in _handle_dbapi_exception
    raise sqlalchemy_exception.with_traceback(exc_info[2]) from e
  File "/usr/local/lib/python3.12/dist-packages/sqlalchemy/engine/base.py", line 1969, in _exec_single_context
    self.dialect.do_execute(
  File "/usr/local/lib/python3.12/dist-packages/sqlalchemy/engine/default.py", line 952, in do_execute
    cursor.execute(statement, parameters)
sqlalchemy.exc.OperationalError: (sqlite3.OperationalError) fts5: syntax error near "\"
[SQL: SELECT windows.window_id, windows.source_id, windows.line_start, windows.line_end, windows.event_time, windows.raw_text, sources.source_name 
FROM windows JOIN sources ON windows.source_id = sources.source_id 
WHERE windows.window_id IN (SELECT rowid 
FROM windows_fts 
WHERE windows_fts MATCH ?) AND (sources.source_name = ? OR sources.source_name LIKE ?) ORDER BY windows.event_time ASC NULLS LAST
 LIMIT ? OFFSET ?]
[parameters: ('nromanoff\\AppData\\Local\\Temp OR Users\\nromanoff\\AppData OR Temp', 'tsk.filelist', 'tsk.filelist.%', 20, 0)]
(Background on this error at: https://sqlalche.me/e/20/e3q8)
2026-06-03 14:19:58,857 [MainThread] INFO mcp.server.lowlevel.server: Processing request of type CallToolRequest
2026-06-03 14:19:59,872 [MainThread] INFO mcp.server.lowlevel.server: Processing request of type CallToolRequest
2026-06-03 14:20:01,649 [MainThread] INFO mcp.server.lowlevel.server: Processing request of type CallToolRequest
2026-06-03 14:20:01,698 [AnyIO worker thread] INFO mulder.server.app: Server context ready for case 'SRL-2015'
2026-06-03 14:20:02,421 [MainThread] INFO mcp.server.lowlevel.server: Processing request of type CallToolRequest
2026-06-03 14:20:12,390 [MainThread] INFO mcp.server.lowlevel.server: Processing request of type CallToolRequest
2026-06-03 14:20:12,411 [AnyIO worker thread] INFO mulder.server.jobs: Submitted batch bg_66af308c with 5 jobs: ['run_volatility_batch', 'run_mmls', 'run_fls', 'run_bulk_extractor', 'yara_scan_memory']
2026-06-03 14:20:12,424 [mulder-job_4] INFO mulder.server.tools.yara: Updated YARA rules: signature-base
2026-06-03 14:20:12,646 [mulder-job_1] INFO mulder.server.tools.extract.tsk: mmls failed on /evidence/win7-64-nfury-10.3.58.6/win7-64-nfury-c-drive/win7-64-nfury-c-drive.E01: no_partition_table
2026-06-03 14:20:12,671 [mulder-job_1] WARNING mulder.server.jobs: Job job_8a63efe0 (run_mmls) returned error: mmls found no partition table (exit 1). This image is likely a partition dump or single-filesystem image rather than a full disk.
2026-06-03 14:20:12,674 [mulder-job_1] INFO mulder.server.jobs: [JOB_COMPLETE] run_mmls|failed|mmls found no partition table (exit 1). This image is likely a partition dump or single-filesystem image rather than a full disk.
2026-06-03 14:20:12,791 [mulder-job_0] INFO mulder.server.tools.extract.volatility: Volatility batch: context built for '/evidence/win7-64-nfury-10.3.58.6/win7-64-nfury-memory/win7-64-nfury-memory-raw.001', running 13 plugins (timeout=600s)
2026-06-03 14:20:12,794 [ThreadPoolExecutor-0_0] INFO volatility3.framework.automagic: Running automagic: SymbolCacheMagic
2026-06-03 14:20:12,813 [ThreadPoolExecutor-0_0] INFO volatility3.framework.automagic: Running automagic: ConstructionMagic
2026-06-03 14:20:12,826 [ThreadPoolExecutor-0_0] INFO volatility3.framework.automagic: Running automagic: LayerStacker
2026-06-03 14:20:12,848 [ThreadPoolExecutor-0_0] INFO volatility3.framework.automagic.linux: No Linux banners found - if this is a linux plugin, please check your symbol files location
2026-06-03 14:20:12,850 [ThreadPoolExecutor-0_0] INFO volatility3.framework.automagic.linux: No Linux banners found - if this is a linux plugin, please check your symbol files location
2026-06-03 14:20:12,852 [ThreadPoolExecutor-0_0] INFO volatility3.framework.automagic.mac: No Mac banners found - if this is a mac plugin, please check your symbol files location
2026-06-03 14:20:12,873 [MainThread] INFO mcp.server.lowlevel.server: Processing request of type CallToolRequest
2026-06-03 14:20:12,941 [ThreadPoolExecutor-0_0] INFO volatility3.framework.automagic: Running automagic: WinSwapLayers
2026-06-03 14:20:12,945 [ThreadPoolExecutor-0_0] INFO volatility3.framework.automagic: Running automagic: KernelPDBScanner
2026-06-03 14:20:13,225 [ThreadPoolExecutor-0_0] INFO volatility3.framework.symbols.windows.pdbconv: Download PDB file...
2026-06-03 14:20:17,819 [MainThread] INFO mcp.server.lowlevel.server: Processing request of type CallToolRequest
2026-06-03 14:20:21,857 [mulder-job_4] INFO mulder.server.tools.yara: YARA rule validation: 731/744 files valid (individual)
2026-06-03 14:20:24,931 [ThreadPoolExecutor-0_0] INFO volatility3.framework.automagic: Running automagic: SymbolFinder
2026-06-03 14:20:24,937 [ThreadPoolExecutor-0_0] INFO volatility3.framework.automagic: Running automagic: LinuxSymbolFinder
2026-06-03 14:20:24,940 [ThreadPoolExecutor-0_0] INFO volatility3.framework.automagic: Running automagic: MacSymbolFinder
2026-06-03 14:20:24,944 [ThreadPoolExecutor-0_0] INFO volatility3.framework.automagic: Running automagic: KernelModule
2026-06-03 14:20:25,681 [mulder-job_0] INFO mulder.server.tools.extract.volatility: Volatility batch: pslist -> indexed
2026-06-03 14:20:25,684 [ThreadPoolExecutor-1_0] INFO volatility3.framework.automagic: Running automagic: SymbolCacheMagic
2026-06-03 14:20:25,729 [ThreadPoolExecutor-1_0] INFO volatility3.framework.automagic: Running automagic: ConstructionMagic
2026-06-03 14:20:25,741 [ThreadPoolExecutor-1_0] INFO volatility3.framework.automagic: Running automagic: LayerStacker
2026-06-03 14:20:25,742 [ThreadPoolExecutor-1_0] INFO volatility3.framework.automagic: Running automagic: WinSwapLayers
2026-06-03 14:20:25,746 [ThreadPoolExecutor-1_0] INFO volatility3.framework.automagic: Running automagic: KernelPDBScanner
2026-06-03 14:20:25,910 [ThreadPoolExecutor-1_0] INFO volatility3.framework.symbols.windows.pdbconv: Download PDB file...
2026-06-03 14:20:26,396 [MainThread] INFO mcp.server.lowlevel.server: Processing request of type CallToolRequest
2026-06-03 14:20:27,285 [MainThread] INFO mcp.server.lowlevel.server: Processing request of type CallToolRequest
2026-06-03 14:20:27,288 [MainThread] INFO mulder.server.app: Resource throttle: search waiting (cpu=100%>=90.0%, waited 0s)
2026-06-03 14:20:32,294 [MainThread] INFO mulder.server.app: Resource throttle: search waiting (cpu=100%>=90.0%, waited 5s)
2026-06-03 14:20:36,754 [ThreadPoolExecutor-1_0] INFO volatility3.framework.automagic: Running automagic: SymbolFinder
2026-06-03 14:20:36,756 [ThreadPoolExecutor-1_0] INFO volatility3.framework.automagic: Running automagic: LinuxSymbolFinder
2026-06-03 14:20:36,756 [ThreadPoolExecutor-1_0] INFO volatility3.framework.automagic: Running automagic: MacSymbolFinder
2026-06-03 14:20:36,757 [ThreadPoolExecutor-1_0] INFO volatility3.framework.automagic: Running automagic: KernelModule
2026-06-03 14:20:37,076 [mulder-job_0] INFO mulder.server.tools.extract.volatility: Volatility batch: pstree -> indexed
2026-06-03 14:20:37,079 [ThreadPoolExecutor-2_0] INFO volatility3.framework.automagic: Running automagic: SymbolCacheMagic
2026-06-03 14:20:37,115 [ThreadPoolExecutor-2_0] INFO volatility3.framework.automagic: Running automagic: ConstructionMagic
2026-06-03 14:20:37,118 [ThreadPoolExecutor-2_0] INFO volatility3.framework.automagic: Running automagic: LayerStacker
2026-06-03 14:20:37,122 [ThreadPoolExecutor-2_0] INFO volatility3.framework.automagic: Running automagic: WinSwapLayers
2026-06-03 14:20:37,123 [ThreadPoolExecutor-2_0] INFO volatility3.framework.automagic: Running automagic: KernelPDBScanner
2026-06-03 14:20:37,213 [ThreadPoolExecutor-2_0] INFO volatility3.framework.symbols.windows.pdbconv: Download PDB file...
2026-06-03 14:20:37,301 [MainThread] INFO mulder.server.app: Resource throttle: search waiting (cpu=100%>=90.0%, waited 10s)
2026-06-03 14:20:42,308 [MainThread] INFO mulder.server.app: Resource throttle: search waiting (cpu=100%>=90.0%, waited 15s)
2026-06-03 14:20:47,317 [MainThread] INFO mulder.server.app: Resource throttle: search waiting (cpu=100%>=90.0%, waited 20s)
2026-06-03 14:20:49,467 [ThreadPoolExecutor-2_0] INFO volatility3.framework.automagic: Running automagic: SymbolFinder
2026-06-03 14:20:49,469 [ThreadPoolExecutor-2_0] INFO volatility3.framework.automagic: Running automagic: LinuxSymbolFinder
2026-06-03 14:20:49,470 [ThreadPoolExecutor-2_0] INFO volatility3.framework.automagic: Running automagic: MacSymbolFinder
2026-06-03 14:20:49,470 [ThreadPoolExecutor-2_0] INFO volatility3.framework.automagic: Running automagic: KernelModule
2026-06-03 14:20:52,325 [MainThread] INFO mulder.server.app: Resource throttle: search waiting (cpu=100%>=90.0%, waited 25s)
2026-06-03 14:20:54,827 [mulder-job_0] INFO mulder.server.tools.extract.volatility: Volatility batch: cmdline -> indexed
2026-06-03 14:20:54,830 [ThreadPoolExecutor-3_0] INFO volatility3.framework.automagic: Running automagic: SymbolCacheMagic
2026-06-03 14:20:54,865 [ThreadPoolExecutor-3_0] INFO volatility3.framework.automagic: Running automagic: ConstructionMagic
2026-06-03 14:20:54,883 [ThreadPoolExecutor-3_0] INFO volatility3.framework.automagic: Running automagic: LayerStacker
2026-06-03 14:20:54,886 [ThreadPoolExecutor-3_0] INFO volatility3.framework.automagic: Running automagic: WinSwapLayers
2026-06-03 14:20:54,890 [ThreadPoolExecutor-3_0] INFO volatility3.framework.automagic: Running automagic: KernelPDBScanner
2026-06-03 14:20:55,016 [ThreadPoolExecutor-3_0] INFO volatility3.framework.symbols.windows.pdbconv: Download PDB file...
2026-06-03 14:20:55,350 [mulder-job_2] INFO mulder.server.jobs: Job job_1fc44a31 (run_fls) completed
2026-06-03 14:20:55,353 [mulder-job_2] INFO mulder.server.jobs: [JOB_COMPLETE] run_fls|completed|
2026-06-03 14:20:57,335 [MainThread] INFO mulder.server.app: Resource throttle: search waiting (cpu=100%>=90.0%, waited 30s)
2026-06-03 14:21:02,346 [MainThread] INFO mulder.server.app: Resource throttle: search waiting (cpu=100%>=90.0%, waited 35s)
2026-06-03 14:21:07,352 [MainThread] INFO mulder.server.app: Resource throttle: search waiting (cpu=100%>=90.0%, waited 40s)
2026-06-03 14:21:07,715 [ThreadPoolExecutor-3_0] INFO volatility3.framework.automagic: Running automagic: SymbolFinder
2026-06-03 14:21:07,718 [ThreadPoolExecutor-3_0] INFO volatility3.framework.automagic: Running automagic: LinuxSymbolFinder
2026-06-03 14:21:07,718 [ThreadPoolExecutor-3_0] INFO volatility3.framework.automagic: Running automagic: MacSymbolFinder
2026-06-03 14:21:07,722 [ThreadPoolExecutor-3_0] INFO volatility3.framework.automagic: Running automagic: KernelModule
2026-06-03 14:21:12,364 [MainThread] INFO mulder.server.app: Resource throttle: search waiting (cpu=100%>=90.0%, waited 45s)
2026-06-03 14:21:17,372 [MainThread] INFO mulder.server.app: Resource throttle: search waiting (cpu=100%>=90.0%, waited 50s)
2026-06-03 14:21:22,381 [MainThread] INFO mulder.server.app: Resource throttle: search waiting (cpu=100%>=90.0%, waited 55s)
2026-06-03 14:21:27,392 [MainThread] INFO mulder.server.app: Resource throttle: search waiting (cpu=100%>=90.0%, waited 60s)
2026-06-03 14:21:32,405 [MainThread] INFO mulder.server.app: Resource throttle: search waiting (cpu=100%>=90.0%, waited 65s)
2026-06-03 14:21:34,074 [mulder-job_0] INFO mulder.server.tools.extract.volatility: Volatility batch: netscan -> indexed
2026-06-03 14:21:34,083 [ThreadPoolExecutor-4_0] INFO volatility3.framework.automagic: Running automagic: SymbolCacheMagic
2026-06-03 14:21:34,136 [ThreadPoolExecutor-4_0] INFO volatility3.framework.automagic: Running automagic: ConstructionMagic
2026-06-03 14:21:34,144 [ThreadPoolExecutor-4_0] INFO volatility3.framework.automagic: Running automagic: LayerStacker
2026-06-03 14:21:34,149 [ThreadPoolExecutor-4_0] INFO volatility3.framework.automagic: Running automagic: WinSwapLayers
2026-06-03 14:21:34,149 [ThreadPoolExecutor-4_0] INFO volatility3.framework.automagic: Running automagic: KernelPDBScanner
2026-06-03 14:21:34,282 [ThreadPoolExecutor-4_0] INFO volatility3.framework.symbols.windows.pdbconv: Download PDB file...
2026-06-03 14:21:37,413 [MainThread] INFO mulder.server.app: Resource throttle: search waiting (cpu=100%>=90.0%, waited 70s)
2026-06-03 14:21:42,422 [MainThread] INFO mulder.server.app: Resource throttle: search waiting (cpu=100%>=90.0%, waited 75s)
2026-06-03 14:21:47,436 [MainThread] INFO mulder.server.app: Resource throttle: search waiting (cpu=100%>=90.0%, waited 80s)
2026-06-03 14:21:48,378 [ThreadPoolExecutor-4_0] INFO volatility3.framework.automagic: Running automagic: SymbolFinder
2026-06-03 14:21:48,379 [ThreadPoolExecutor-4_0] INFO volatility3.framework.automagic: Running automagic: LinuxSymbolFinder
2026-06-03 14:21:48,380 [ThreadPoolExecutor-4_0] INFO volatility3.framework.automagic: Running automagic: MacSymbolFinder
2026-06-03 14:21:48,380 [ThreadPoolExecutor-4_0] INFO volatility3.framework.automagic: Running automagic: KernelModule
2026-06-03 14:21:52,442 [MainThread] INFO mulder.server.app: Resource throttle: search waiting (cpu=100%>=90.0%, waited 85s)
2026-06-03 14:21:57,275 [mulder-job_0] INFO mulder.server.tools.extract.volatility: Volatility batch: malfind -> indexed
2026-06-03 14:21:57,277 [ThreadPoolExecutor-5_0] INFO volatility3.framework.automagic: Running automagic: SymbolCacheMagic
2026-06-03 14:21:57,312 [ThreadPoolExecutor-5_0] INFO volatility3.framework.automagic: Running automagic: ConstructionMagic
2026-06-03 14:21:57,321 [ThreadPoolExecutor-5_0] INFO volatility3.framework.automagic: Running automagic: LayerStacker
2026-06-03 14:21:57,325 [ThreadPoolExecutor-5_0] INFO volatility3.framework.automagic: Running automagic: WinSwapLayers
2026-06-03 14:21:57,326 [ThreadPoolExecutor-5_0] INFO volatility3.framework.automagic: Running automagic: KernelPDBScanner
2026-06-03 14:21:57,433 [ThreadPoolExecutor-5_0] INFO volatility3.framework.symbols.windows.pdbconv: Download PDB file...
2026-06-03 14:21:57,454 [MainThread] INFO mulder.server.app: Resource throttle: search waiting (cpu=100%>=90.0%, waited 90s)
2026-06-03 14:22:02,462 [MainThread] INFO mulder.server.app: Resource throttle: search waiting (cpu=100%>=90.0%, waited 95s)
2026-06-03 14:22:06,784 [mulder-job_4] INFO mulder.server.jobs: Job job_102d5d21 (yara_scan_memory) completed
2026-06-03 14:22:06,786 [mulder-job_4] INFO mulder.server.jobs: [JOB_COMPLETE] yara_scan_memory|completed|
2026-06-03 14:22:07,468 [MainThread] INFO mulder.server.app: Resource throttle: search waiting (cpu=100%>=90.0%, waited 100s)
2026-06-03 14:22:10,333 [ThreadPoolExecutor-5_0] INFO volatility3.framework.automagic: Running automagic: SymbolFinder
2026-06-03 14:22:10,334 [ThreadPoolExecutor-5_0] INFO volatility3.framework.automagic: Running automagic: LinuxSymbolFinder
2026-06-03 14:22:10,334 [ThreadPoolExecutor-5_0] INFO volatility3.framework.automagic: Running automagic: MacSymbolFinder
2026-06-03 14:22:10,335 [ThreadPoolExecutor-5_0] INFO volatility3.framework.automagic: Running automagic: KernelModule
2026-06-03 14:22:12,476 [MainThread] INFO mulder.server.app: Resource throttle: search waiting (cpu=100%>=90.0%, waited 105s)
2026-06-03 14:22:17,484 [MainThread] INFO mulder.server.app: Resource throttle: search waiting (cpu=100%>=90.0%, waited 110s)
2026-06-03 14:22:22,490 [MainThread] INFO mulder.server.app: Resource throttle: search waiting (cpu=100%>=90.0%, waited 115s)
2026-06-03 14:22:26,011 [mulder-job_0] INFO mulder.server.tools.extract.volatility: Volatility batch: psscan -> indexed
2026-06-03 14:22:26,014 [ThreadPoolExecutor-6_0] INFO volatility3.framework.automagic: Running automagic: SymbolCacheMagic
2026-06-03 14:22:26,034 [ThreadPoolExecutor-6_0] INFO volatility3.framework.automagic: Running automagic: ConstructionMagic
2026-06-03 14:22:26,049 [ThreadPoolExecutor-6_0] INFO volatility3.framework.automagic: Running automagic: LayerStacker
2026-06-03 14:22:26,050 [ThreadPoolExecutor-6_0] INFO volatility3.framework.automagic: Running automagic: WinSwapLayers
2026-06-03 14:22:26,054 [ThreadPoolExecutor-6_0] INFO volatility3.framework.automagic: Running automagic: KernelPDBScanner
2026-06-03 14:22:26,146 [ThreadPoolExecutor-6_0] INFO volatility3.framework.symbols.windows.pdbconv: Download PDB file...
2026-06-03 14:22:27,505 [MainThread] INFO mulder.server.app: Resource throttle: search waiting (cpu=100%>=90.0%, waited 120s)
2026-06-03 14:22:32,511 [MainThread] INFO mulder.server.app: Resource throttle: search waiting (cpu=100%>=90.0%, waited 125s)
2026-06-03 14:22:37,521 [MainThread] INFO mulder.server.app: Resource throttle: search waiting (cpu=100%>=90.0%, waited 130s)
2026-06-03 14:22:39,606 [ThreadPoolExecutor-6_0] INFO volatility3.framework.automagic: Running automagic: SymbolFinder
2026-06-03 14:22:39,608 [ThreadPoolExecutor-6_0] INFO volatility3.framework.automagic: Running automagic: LinuxSymbolFinder
2026-06-03 14:22:39,609 [ThreadPoolExecutor-6_0] INFO volatility3.framework.automagic: Running automagic: MacSymbolFinder
2026-06-03 14:22:39,613 [ThreadPoolExecutor-6_0] INFO volatility3.framework.automagic: Running automagic: KernelModule
2026-06-03 14:22:42,529 [MainThread] INFO mulder.server.app: Resource throttle: search waiting (cpu=100%>=90.0%, waited 135s)
2026-06-03 14:22:43,164 [mulder-job_0] INFO mulder.server.tools.extract.volatility: Volatility batch: dlllist -> indexed
2026-06-03 14:22:43,169 [ThreadPoolExecutor-7_0] INFO volatility3.framework.automagic: Running automagic: SymbolCacheMagic
2026-06-03 14:22:43,203 [ThreadPoolExecutor-7_0] INFO volatility3.framework.automagic: Running automagic: ConstructionMagic
2026-06-03 14:22:43,213 [ThreadPoolExecutor-7_0] INFO volatility3.framework.automagic: Running automagic: LayerStacker
2026-06-03 14:22:43,218 [ThreadPoolExecutor-7_0] INFO volatility3.framework.automagic: Running automagic: WinSwapLayers
2026-06-03 14:22:43,218 [ThreadPoolExecutor-7_0] INFO volatility3.framework.automagic: Running automagic: KernelPDBScanner
2026-06-03 14:22:43,352 [ThreadPoolExecutor-7_0] INFO volatility3.framework.symbols.windows.pdbconv: Download PDB file...
2026-06-03 14:22:47,538 [MainThread] INFO mulder.server.app: Resource throttle: search waiting (cpu=100%>=90.0%, waited 140s)
2026-06-03 14:22:52,547 [MainThread] INFO mulder.server.app: Resource throttle: search waiting (cpu=100%>=90.0%, waited 145s)
2026-06-03 14:22:55,847 [ThreadPoolExecutor-7_0] INFO volatility3.framework.automagic: Running automagic: SymbolFinder
2026-06-03 14:22:55,853 [ThreadPoolExecutor-7_0] INFO volatility3.framework.automagic: Running automagic: LinuxSymbolFinder
2026-06-03 14:22:55,853 [ThreadPoolExecutor-7_0] INFO volatility3.framework.automagic: Running automagic: MacSymbolFinder
2026-06-03 14:22:55,854 [ThreadPoolExecutor-7_0] INFO volatility3.framework.automagic: Running automagic: KernelModule
2026-06-03 14:22:57,554 [MainThread] INFO mulder.server.app: Resource throttle: search waiting (cpu=100%>=90.0%, waited 150s)
2026-06-03 14:23:02,561 [MainThread] INFO mulder.server.app: Resource throttle: search waiting (cpu=100%>=90.0%, waited 155s)
2026-06-03 14:23:04,077 [mulder-job_0] INFO mulder.server.tools.extract.volatility: Volatility batch: svcscan -> indexed
2026-06-03 14:23:04,079 [ThreadPoolExecutor-8_0] INFO volatility3.framework.automagic: Running automagic: SymbolCacheMagic
2026-06-03 14:23:04,120 [ThreadPoolExecutor-8_0] INFO volatility3.framework.automagic: Running automagic: ConstructionMagic
2026-06-03 14:23:04,132 [ThreadPoolExecutor-8_0] INFO volatility3.framework.automagic: Running automagic: LayerStacker
2026-06-03 14:23:04,133 [ThreadPoolExecutor-8_0] INFO volatility3.framework.automagic: Running automagic: WinSwapLayers
2026-06-03 14:23:04,134 [ThreadPoolExecutor-8_0] INFO volatility3.framework.automagic: Running automagic: KernelPDBScanner
2026-06-03 14:23:04,244 [ThreadPoolExecutor-8_0] INFO volatility3.framework.symbols.windows.pdbconv: Download PDB file...
2026-06-03 14:23:06,973 [ThreadPoolExecutor-8_0] INFO volatility3.framework.automagic: Running automagic: SymbolFinder
2026-06-03 14:23:06,977 [ThreadPoolExecutor-8_0] INFO volatility3.framework.automagic: Running automagic: LinuxSymbolFinder
2026-06-03 14:23:06,978 [ThreadPoolExecutor-8_0] INFO volatility3.framework.automagic: Running automagic: MacSymbolFinder
2026-06-03 14:23:06,978 [ThreadPoolExecutor-8_0] INFO volatility3.framework.automagic: Running automagic: KernelModule
2026-06-03 14:23:06,979 [ThreadPoolExecutor-8_0] WARNING volatility3.framework.plugins: Automagic exception occurred: sqlite3.ProgrammingError: SQLite objects created in a thread can only be used in that same thread. The object was created in thread id 281473651769600 and this is thread id 281472896332032.
2026-06-03 14:23:06,983 [ThreadPoolExecutor-8_0] WARNING volatility3.framework.plugins: Automagic exception occurred: AttributeError: Unable to find _PrimitiveObject__new_value for type <class 'volatility3.framework.objects.String'>
2026-06-03 14:23:06,984 [mulder-job_0] INFO mulder.server.tools.extract.volatility: Volatility batch: envars -> error
2026-06-03 14:23:06,985 [ThreadPoolExecutor-9_0] INFO volatility3.framework.automagic: Running automagic: SymbolCacheMagic
2026-06-03 14:23:07,004 [ThreadPoolExecutor-9_0] INFO volatility3.framework.automagic: Running automagic: ConstructionMagic
2026-06-03 14:23:07,012 [ThreadPoolExecutor-9_0] INFO volatility3.framework.automagic: Running automagic: LayerStacker
2026-06-03 14:23:07,013 [ThreadPoolExecutor-9_0] INFO volatility3.framework.automagic: Running automagic: WinSwapLayers
2026-06-03 14:23:07,017 [ThreadPoolExecutor-9_0] INFO volatility3.framework.automagic: Running automagic: KernelPDBScanner
2026-06-03 14:23:07,105 [ThreadPoolExecutor-9_0] INFO volatility3.framework.symbols.windows.pdbconv: Download PDB file...
2026-06-03 14:23:07,570 [MainThread] INFO mulder.server.app: Resource throttle: search waiting (cpu=100%>=90.0%, waited 160s)
2026-06-03 14:23:09,982 [ThreadPoolExecutor-9_0] INFO volatility3.framework.automagic: Running automagic: SymbolFinder
2026-06-03 14:23:09,989 [ThreadPoolExecutor-9_0] INFO volatility3.framework.automagic: Running automagic: LinuxSymbolFinder
2026-06-03 14:23:09,989 [ThreadPoolExecutor-9_0] INFO volatility3.framework.automagic: Running automagic: MacSymbolFinder
2026-06-03 14:23:09,990 [ThreadPoolExecutor-9_0] INFO volatility3.framework.automagic: Running automagic: KernelModule
2026-06-03 14:23:09,991 [ThreadPoolExecutor-9_0] WARNING volatility3.framework.plugins: Automagic exception occurred: sqlite3.ProgrammingError: SQLite objects created in a thread can only be used in that same thread. The object was created in thread id 281473651769600 and this is thread id 281472896332032.
2026-06-03 14:23:09,993 [ThreadPoolExecutor-9_0] WARNING volatility3.framework.plugins: Automagic exception occurred: AttributeError: Unable to find _PrimitiveObject__new_value for type <class 'volatility3.framework.objects.String'>
2026-06-03 14:23:09,997 [mulder-job_0] INFO mulder.server.tools.extract.volatility: Volatility batch: filescan -> error
2026-06-03 14:23:09,999 [ThreadPoolExecutor-10_0] INFO volatility3.framework.automagic: Running automagic: SymbolCacheMagic
2026-06-03 14:23:10,033 [ThreadPoolExecutor-10_0] INFO volatility3.framework.automagic: Running automagic: ConstructionMagic
2026-06-03 14:23:10,041 [ThreadPoolExecutor-10_0] INFO volatility3.framework.automagic: Running automagic: LayerStacker
2026-06-03 14:23:10,043 [ThreadPoolExecutor-10_0] INFO volatility3.framework.automagic: Running automagic: WinSwapLayers
2026-06-03 14:23:10,047 [ThreadPoolExecutor-10_0] INFO volatility3.framework.automagic: Running automagic: KernelPDBScanner
2026-06-03 14:23:10,135 [ThreadPoolExecutor-10_0] INFO volatility3.framework.symbols.windows.pdbconv: Download PDB file...
2026-06-03 14:23:12,479 [ThreadPoolExecutor-10_0] INFO volatility3.framework.automagic: Running automagic: SymbolFinder
2026-06-03 14:23:12,482 [ThreadPoolExecutor-10_0] INFO volatility3.framework.automagic: Running automagic: LinuxSymbolFinder
2026-06-03 14:23:12,486 [ThreadPoolExecutor-10_0] INFO volatility3.framework.automagic: Running automagic: MacSymbolFinder
2026-06-03 14:23:12,487 [ThreadPoolExecutor-10_0] INFO volatility3.framework.automagic: Running automagic: KernelModule
2026-06-03 14:23:12,487 [ThreadPoolExecutor-10_0] WARNING volatility3.framework.plugins: Automagic exception occurred: sqlite3.ProgrammingError: SQLite objects created in a thread can only be used in that same thread. The object was created in thread id 281473651769600 and this is thread id 281472896332032.
2026-06-03 14:23:12,488 [ThreadPoolExecutor-10_0] WARNING volatility3.framework.plugins: Automagic exception occurred: AttributeError: Unable to find _PrimitiveObject__new_value for type <class 'volatility3.framework.objects.String'>
2026-06-03 14:23:12,492 [mulder-job_0] INFO mulder.server.tools.extract.volatility: Volatility batch: modscan -> error
2026-06-03 14:23:12,493 [ThreadPoolExecutor-11_0] INFO volatility3.framework.automagic: Running automagic: SymbolCacheMagic
2026-06-03 14:23:12,530 [ThreadPoolExecutor-11_0] INFO volatility3.framework.automagic: Running automagic: ConstructionMagic
2026-06-03 14:23:12,535 [ThreadPoolExecutor-11_0] INFO volatility3.framework.automagic: Running automagic: LayerStacker
2026-06-03 14:23:12,542 [ThreadPoolExecutor-11_0] INFO volatility3.framework.automagic: Running automagic: WinSwapLayers
2026-06-03 14:23:12,543 [ThreadPoolExecutor-11_0] INFO volatility3.framework.automagic: Running automagic: KernelPDBScanner
2026-06-03 14:23:12,579 [MainThread] INFO mulder.server.app: Resource throttle: search waiting (cpu=100%>=90.0%, waited 165s)
2026-06-03 14:23:12,625 [ThreadPoolExecutor-11_0] INFO volatility3.framework.symbols.windows.pdbconv: Download PDB file...
2026-06-03 14:23:15,086 [ThreadPoolExecutor-11_0] INFO volatility3.framework.automagic: Running automagic: SymbolFinder
2026-06-03 14:23:15,087 [ThreadPoolExecutor-11_0] INFO volatility3.framework.automagic: Running automagic: LinuxSymbolFinder
2026-06-03 14:23:15,088 [ThreadPoolExecutor-11_0] INFO volatility3.framework.automagic: Running automagic: MacSymbolFinder
2026-06-03 14:23:15,088 [ThreadPoolExecutor-11_0] INFO volatility3.framework.automagic: Running automagic: KernelModule
2026-06-03 14:23:15,089 [ThreadPoolExecutor-11_0] WARNING volatility3.framework.plugins: Automagic exception occurred: sqlite3.ProgrammingError: SQLite objects created in a thread can only be used in that same thread. The object was created in thread id 281473651769600 and this is thread id 281472896332032.
2026-06-03 14:23:15,090 [ThreadPoolExecutor-11_0] WARNING volatility3.framework.plugins: Automagic exception occurred: AttributeError: Unable to find _PrimitiveObject__new_value for type <class 'volatility3.framework.objects.String'>
2026-06-03 14:23:15,091 [mulder-job_0] INFO mulder.server.tools.extract.volatility: Volatility batch: modules -> error
2026-06-03 14:23:15,096 [mulder-job_0] INFO mulder.server.jobs: Job job_e1e62bb5 (run_volatility_batch) completed
2026-06-03 14:23:15,097 [mulder-job_0] INFO mulder.server.jobs: [JOB_COMPLETE] run_volatility_batch|completed|
2026-06-03 14:23:17,585 [MainThread] INFO mulder.server.app: Resource throttle: search waiting (cpu=100%>=90.0%, waited 170s)
2026-06-03 14:23:22,593 [MainThread] INFO mulder.server.app: Resource throttle: search waiting (cpu=100%>=90.0%, waited 175s)
2026-06-03 14:23:27,603 [MainThread] INFO mulder.server.app: Resource throttle: search waiting (cpu=100%>=90.0%, waited 180s)
2026-06-03 14:23:32,614 [MainThread] INFO mulder.server.app: Resource throttle: search waiting (cpu=100%>=90.0%, waited 185s)
2026-06-03 14:23:37,620 [MainThread] INFO mulder.server.app: Resource throttle: search waiting (cpu=100%>=90.0%, waited 190s)
2026-06-03 14:23:42,628 [MainThread] INFO mulder.server.app: Resource throttle: search waiting (cpu=100%>=90.0%, waited 195s)
2026-06-03 14:23:47,636 [MainThread] INFO mulder.server.app: Resource throttle: search waiting (cpu=100%>=90.0%, waited 200s)
2026-06-03 14:23:52,644 [MainThread] INFO mulder.server.app: Resource throttle: search waiting (cpu=100%>=90.0%, waited 205s)
2026-06-03 14:23:57,652 [MainThread] INFO mulder.server.app: Resource throttle: search waiting (cpu=100%>=90.0%, waited 210s)
2026-06-03 14:24:02,660 [MainThread] INFO mulder.server.app: Resource throttle: search waiting (cpu=100%>=90.0%, waited 215s)
2026-06-03 14:24:07,668 [MainThread] INFO mulder.server.app: Resource throttle: search waiting (cpu=100%>=90.0%, waited 220s)
2026-06-03 14:24:12,677 [MainThread] INFO mulder.server.app: Resource throttle: search waiting (cpu=100%>=90.0%, waited 225s)
2026-06-03 14:24:17,683 [MainThread] INFO mulder.server.app: Resource throttle: search waiting (cpu=100%>=90.0%, waited 230s)
2026-06-03 14:24:22,690 [MainThread] INFO mulder.server.app: Resource throttle: search waiting (cpu=100%>=90.0%, waited 235s)
2026-06-03 14:24:27,696 [MainThread] INFO mulder.server.app: Resource throttle: search waiting (cpu=100%>=90.0%, waited 240s)
2026-06-03 14:24:32,702 [MainThread] INFO mulder.server.app: Resource throttle: search waiting (cpu=100%>=90.0%, waited 245s)
2026-06-03 14:24:37,710 [MainThread] INFO mulder.server.app: Resource throttle: search waiting (cpu=100%>=90.0%, waited 250s)
2026-06-03 14:24:42,718 [MainThread] INFO mulder.server.app: Resource throttle: search waiting (cpu=100%>=90.0%, waited 255s)
2026-06-03 14:24:47,726 [MainThread] INFO mulder.server.app: Resource throttle: search waiting (cpu=100%>=90.0%, waited 260s)
2026-06-03 14:24:52,738 [MainThread] INFO mulder.server.app: Resource throttle: search waiting (cpu=100%>=90.0%, waited 265s)
2026-06-03 14:24:57,744 [MainThread] INFO mulder.server.app: Resource throttle: search waiting (cpu=100%>=90.0%, waited 270s)
2026-06-03 14:25:02,752 [MainThread] INFO mulder.server.app: Resource throttle: search waiting (cpu=100%>=90.0%, waited 275s)
2026-06-03 14:25:07,761 [MainThread] INFO mulder.server.app: Resource throttle: search waiting (cpu=100%>=90.0%, waited 280s)
2026-06-03 14:25:12,769 [MainThread] INFO mulder.server.app: Resource throttle: search waiting (cpu=100%>=90.0%, waited 285s)
2026-06-03 14:25:17,776 [MainThread] INFO mulder.server.app: Resource throttle: search waiting (cpu=100%>=90.0%, waited 290s)
2026-06-03 14:25:22,788 [MainThread] INFO mulder.server.app: Resource throttle: search waiting (cpu=100%>=90.0%, waited 295s)
2026-06-03 14:25:27,936 [MainThread] INFO mcp.server.lowlevel.server: Processing request of type CallToolRequest
2026-06-03 14:25:27,940 [MainThread] INFO mulder.server.app: Resource throttle: search waiting (cpu=100%>=90.0%, waited 0s)
2026-06-03 14:25:32,945 [MainThread] INFO mulder.server.app: Resource throttle: search waiting (cpu=100%>=90.0%, waited 5s)
2026-06-03 14:25:37,957 [MainThread] INFO mulder.server.app: Resource throttle: search waiting (cpu=100%>=90.0%, waited 10s)
2026-06-03 14:25:42,966 [MainThread] INFO mulder.server.app: Resource throttle: search waiting (cpu=100%>=90.0%, waited 15s)
2026-06-03 14:25:47,974 [MainThread] INFO mulder.server.app: Resource throttle: search waiting (cpu=100%>=90.0%, waited 20s)
2026-06-03 14:25:52,987 [MainThread] INFO mulder.server.app: Resource throttle: search waiting (cpu=100%>=90.0%, waited 25s)
2026-06-03 14:25:57,993 [MainThread] INFO mulder.server.app: Resource throttle: search waiting (cpu=100%>=90.0%, waited 30s)
2026-06-03 14:26:03,001 [MainThread] INFO mulder.server.app: Resource throttle: search waiting (cpu=100%>=90.0%, waited 35s)
2026-06-03 14:26:08,011 [MainThread] INFO mulder.server.app: Resource throttle: search waiting (cpu=100%>=90.0%, waited 40s)
2026-06-03 14:26:13,017 [MainThread] INFO mulder.server.app: Resource throttle: search waiting (cpu=100%>=90.0%, waited 45s)
2026-06-03 14:26:18,025 [MainThread] INFO mulder.server.app: Resource throttle: search waiting (cpu=100%>=90.0%, waited 50s)
2026-06-03 14:26:23,037 [MainThread] INFO mulder.server.app: Resource throttle: search waiting (cpu=100%>=90.0%, waited 55s)
2026-06-03 14:26:28,044 [MainThread] INFO mulder.server.app: Resource throttle: search waiting (cpu=100%>=90.0%, waited 60s)
2026-06-03 14:26:33,054 [MainThread] INFO mulder.server.app: Resource throttle: search waiting (cpu=100%>=90.0%, waited 65s)
2026-06-03 14:26:38,062 [MainThread] INFO mulder.server.app: Resource throttle: search waiting (cpu=100%>=90.0%, waited 70s)
2026-06-03 14:26:43,071 [MainThread] INFO mulder.server.app: Resource throttle: search waiting (cpu=100%>=90.0%, waited 75s)
2026-06-03 14:26:48,079 [MainThread] INFO mulder.server.app: Resource throttle: search waiting (cpu=100%>=90.0%, waited 80s)
2026-06-03 14:26:53,085 [MainThread] INFO mulder.server.app: Resource throttle: search waiting (cpu=100%>=90.0%, waited 85s)
2026-06-03 14:26:58,092 [MainThread] INFO mulder.server.app: Resource throttle: search waiting (cpu=100%>=90.0%, waited 90s)
2026-06-03 14:27:03,100 [MainThread] INFO mulder.server.app: Resource throttle: search waiting (cpu=100%>=90.0%, waited 95s)
2026-06-03 14:27:08,112 [MainThread] INFO mulder.server.app: Resource throttle: search waiting (cpu=100%>=90.0%, waited 100s)
2026-06-03 14:27:13,118 [MainThread] INFO mulder.server.app: Resource throttle: search waiting (cpu=100%>=90.0%, waited 105s)
2026-06-03 14:27:18,129 [MainThread] INFO mulder.server.app: Resource throttle: search waiting (cpu=100%>=90.0%, waited 110s)
2026-06-03 14:27:23,135 [MainThread] INFO mulder.server.app: Resource throttle: search waiting (cpu=100%>=90.0%, waited 115s)
2026-06-03 14:27:28,143 [MainThread] INFO mulder.server.app: Resource throttle: search waiting (cpu=100%>=90.0%, waited 120s)
2026-06-03 14:27:33,150 [MainThread] INFO mulder.server.app: Resource throttle: search waiting (cpu=100%>=90.0%, waited 125s)
2026-06-03 14:27:38,159 [MainThread] INFO mulder.server.app: Resource throttle: search waiting (cpu=100%>=90.0%, waited 130s)
2026-06-03 14:27:43,166 [MainThread] INFO mulder.server.app: Resource throttle: search waiting (cpu=100%>=90.0%, waited 135s)
2026-06-03 14:27:48,176 [MainThread] INFO mulder.server.app: Resource throttle: search waiting (cpu=100%>=90.0%, waited 140s)
2026-06-03 14:27:53,183 [MainThread] INFO mulder.server.app: Resource throttle: search waiting (cpu=100%>=90.0%, waited 145s)
2026-06-03 14:27:58,189 [MainThread] INFO mulder.server.app: Resource throttle: search waiting (cpu=100%>=90.0%, waited 150s)
2026-06-03 14:28:03,197 [MainThread] INFO mulder.server.app: Resource throttle: search waiting (cpu=100%>=90.0%, waited 155s)
2026-06-03 14:28:08,208 [MainThread] INFO mulder.server.app: Resource throttle: search waiting (cpu=100%>=90.0%, waited 160s)
2026-06-03 14:28:13,214 [MainThread] INFO mulder.server.app: Resource throttle: search waiting (cpu=100%>=90.0%, waited 165s)
2026-06-03 14:28:18,220 [MainThread] INFO mulder.server.app: Resource throttle: search waiting (cpu=100%>=90.0%, waited 170s)
2026-06-03 14:28:23,228 [MainThread] INFO mulder.server.app: Resource throttle: search waiting (cpu=100%>=90.0%, waited 175s)
2026-06-03 14:28:28,234 [MainThread] INFO mulder.server.app: Resource throttle: search waiting (cpu=100%>=90.0%, waited 180s)
2026-06-03 14:28:33,242 [MainThread] INFO mulder.server.app: Resource throttle: search waiting (cpu=100%>=90.0%, waited 185s)
2026-06-03 14:28:38,252 [MainThread] INFO mulder.server.app: Resource throttle: search waiting (cpu=100%>=90.0%, waited 190s)
2026-06-03 14:28:57,226 [MainThread] INFO mcp.server.lowlevel.server: Processing request of type CallToolRequest
2026-06-03 14:29:05,938 [MainThread] INFO mcp.server.lowlevel.server: Processing request of type CallToolRequest
2026-06-03 14:29:06,471 [MainThread] INFO mcp.server.lowlevel.server: Processing request of type CallToolRequest
2026-06-03 14:29:06,507 [MainThread] INFO mcp.server.lowlevel.server: Processing request of type CallToolRequest
2026-06-03 14:29:28,975 [MainThread] INFO mcp.server.lowlevel.server: Processing request of type CallToolRequest
2026-06-03 14:29:29,415 [MainThread] INFO mcp.server.lowlevel.server: Processing request of type CallToolRequest
2026-06-03 14:29:30,308 [MainThread] INFO mcp.server.lowlevel.server: Processing request of type CallToolRequest
2026-06-03 14:29:30,796 [MainThread] INFO mcp.server.lowlevel.server: Processing request of type CallToolRequest
2026-06-03 14:29:48,096 [MainThread] INFO mcp.server.lowlevel.server: Processing request of type CallToolRequest
2026-06-03 14:29:48,927 [MainThread] INFO mcp.server.lowlevel.server: Processing request of type CallToolRequest
2026-06-03 14:29:49,419 [MainThread] INFO mcp.server.lowlevel.server: Processing request of type CallToolRequest
2026-06-03 14:29:49,959 [MainThread] INFO mcp.server.lowlevel.server: Processing request of type CallToolRequest
2026-06-03 14:30:17,840 [MainThread] INFO mcp.server.lowlevel.server: Warning: FutureWarning: This API (volatility3.plugins.windows.malware.malfind.Malfind.run) will be removed in the first release after 2026-06-07. This plugin has been renamed, please call volatility3.plugins.windows.malware.malfind.Malfind rather than volatility3.plugins.windows.malfind.Malfind.
2026-06-03 14:30:17,842 [MainThread] INFO mcp.server.lowlevel.server: Warning: FutureWarning: This plugin (volatility3.plugins.windows.malfind.Malfind) has been renamed and will be removed in the first release after 2026-06-07. Please ensure all method calls to this plugin are replaced with calls to volatility3.plugins.windows.malware.malfind.Malfind
2026-06-03 14:30:24,989 [MainThread] INFO mcp.server.lowlevel.server: Processing request of type CallToolRequest
2026-06-03 14:30:25,716 [MainThread] INFO mcp.server.lowlevel.server: Processing request of type CallToolRequest
2026-06-03 14:30:26,634 [MainThread] INFO mcp.server.lowlevel.server: Processing request of type CallToolRequest
2026-06-03 14:30:26,916 [MainThread] INFO mcp.server.lowlevel.server: Processing request of type CallToolRequest
2026-06-03 14:30:43,578 [MainThread] INFO mcp.server.lowlevel.server: Processing request of type CallToolRequest
2026-06-03 14:30:43,611 [MainThread] INFO mcp.server.lowlevel.server: Processing request of type CallToolRequest
2026-06-03 14:30:44,700 [MainThread] INFO mcp.server.lowlevel.server: Processing request of type CallToolRequest
2026-06-03 14:30:49,819 [mulder-job_3] INFO mulder.server.jobs: Job job_aa0f36dc (run_bulk_extractor) completed
2026-06-03 14:30:49,821 [mulder-job_3] INFO mulder.server.jobs: [JOB_COMPLETE] run_bulk_extractor|completed|
2026-06-03 14:30:54,926 [MainThread] INFO mcp.server.lowlevel.server: Processing request of type CallToolRequest
2026-06-03 14:31:07,914 [MainThread] INFO mcp.server.lowlevel.server: Processing request of type CallToolRequest
2026-06-03 14:31:07,969 [AnyIO worker thread] INFO mulder.server.jobs: Submitted batch bg_d16422e6 with 9 jobs: ['run_evtx_parser', 'run_hayabusa', 'run_chainsaw', 'run_registry_parser', 'run_prefetch_parser', 'run_amcache_parser', 'run_shimcache_parser', 'run_mft_parser', 'yara_scan_files']
2026-06-03 14:31:08,016 [mulder-job_2] INFO mulder.server.tools.hayabusa: Hayabusa: no prior EVTX extraction found; extracting inline from /evidence/win7-64-nfury-10.3.58.6/win7-64-nfury-c-drive/win7-64-nfury-c-drive.E01
2026-06-03 14:31:08,060 [mulder-job_5] INFO mulder.server.jobs: Job job_c2580797 (run_chainsaw) completed
2026-06-03 14:31:08,061 [mulder-job_5] INFO mulder.server.jobs: [JOB_COMPLETE] run_chainsaw|completed|
2026-06-03 14:31:08,764 [mulder-job_4] WARNING mulder.extractors.disk: ewfmount failed on /evidence/win7-64-nfury-10.3.58.6/win7-64-nfury-c-drive/win7-64-nfury-c-drive.E01: Command '['ewfmount', '/evidence/win7-64-nfury-10.3.58.6/win7-64-nfury-c-drive/win7-64-nfury-c-drive.E01', '/tmp/mulder_mount_fde7t93z/_ewf']' returned non-zero exit status 1. No sub system to mount EWF format.

2026-06-03 14:31:08,984 [mulder-job_4] WARNING mulder.extractors.disk: guestmount failed on E01 /evidence/win7-64-nfury-10.3.58.6/win7-64-nfury-c-drive/win7-64-nfury-c-drive.E01: Command '['guestmount', '-a', '/evidence/win7-64-nfury-10.3.58.6/win7-64-nfury-c-drive/win7-64-nfury-c-drive.E01', '-i', '--ro', '/tmp/mulder_mount_fde7t93z']' returned non-zero exit status 1.
2026-06-03 14:31:09,403 [mulder-job_4] ERROR mulder.extractors.disk: Could not mount E01 /evidence/win7-64-nfury-10.3.58.6/win7-64-nfury-c-drive/win7-64-nfury-c-drive.E01 (tried ewfmount+mount and guestmount)
2026-06-03 14:31:12,463 [mulder-job_3] WARNING mulder.server.jobs: Job job_644ef379 (run_amcache_parser) returned error: Mount failed and Amcache.hve not found via TSK extraction
2026-06-03 14:31:12,464 [mulder-job_3] INFO mulder.server.jobs: [JOB_COMPLETE] run_amcache_parser|failed|Mount failed and Amcache.hve not found via TSK extraction
2026-06-03 14:31:12,516 [MainThread] INFO mcp.server.lowlevel.server: Processing request of type CallToolRequest
2026-06-03 14:31:23,619 [MainThread] INFO mcp.server.lowlevel.server: Processing request of type CallToolRequest
2026-06-03 14:31:25,317 [mulder-job_0] WARNING mulder.server.jobs: Job job_5530e6a3 (run_prefetch_parser) returned error: PECmd.dll produced no CSV output
2026-06-03 14:31:25,318 [mulder-job_0] INFO mulder.server.jobs: [JOB_COMPLETE] run_prefetch_parser|failed|PECmd.dll produced no CSV output
2026-06-03 14:31:32,885 [mulder-job_6] WARNING mulder.server.jobs: Job job_d5f49d67 (run_shimcache_parser) returned error: AppCompatCacheParser.dll produced no CSV output
2026-06-03 14:31:32,886 [mulder-job_6] INFO mulder.server.jobs: [JOB_COMPLETE] run_shimcache_parser|failed|AppCompatCacheParser.dll produced no CSV output
2026-06-03 14:31:38,172 [mulder-job_2] INFO mulder.server.tools.hayabusa: Hayabusa: extracted 414 EVTX files from /evidence/win7-64-nfury-10.3.58.6/win7-64-nfury-c-drive/win7-64-nfury-c-drive.E01
2026-06-03 14:31:38,181 [mulder-job_2] INFO mulder.server.jobs: Job job_79b0ada8 (run_hayabusa) completed
2026-06-03 14:31:38,182 [mulder-job_2] INFO mulder.server.jobs: [JOB_COMPLETE] run_hayabusa|completed|
2026-06-03 14:31:45,993 [MainThread] INFO mcp.server.lowlevel.server: Processing request of type CallToolRequest
2026-06-03 14:31:54,866 [mulder-job_1] INFO mulder.server.jobs: Job job_6f7a0476 (run_evtx_parser) completed
2026-06-03 14:31:54,867 [mulder-job_1] INFO mulder.server.jobs: [JOB_COMPLETE] run_evtx_parser|completed|
2026-06-03 14:32:00,415 [mulder-job_7] INFO mulder.server.jobs: Job job_8a2aae84 (run_mft_parser) completed
2026-06-03 14:32:00,417 [mulder-job_7] INFO mulder.server.jobs: [JOB_COMPLETE] run_mft_parser|completed|
2026-06-03 14:32:10,545 [MainThread] INFO mcp.server.lowlevel.server: Processing request of type CallToolRequest
2026-06-03 14:32:30,256 [MainThread] INFO mcp.server.lowlevel.server: Processing request of type CallToolRequest
2026-06-03 14:32:39,929 [mulder-job_4] INFO mulder.server.jobs: Job job_22fa7558 (run_registry_parser) completed
2026-06-03 14:32:39,934 [mulder-job_4] INFO mulder.server.jobs: [JOB_COMPLETE] run_registry_parser|completed|
2026-06-03 14:32:46,919 [MainThread] INFO mcp.server.lowlevel.server: Processing request of type CallToolRequest
2026-06-03 14:32:53,304 [MainThread] INFO mcp.server.lowlevel.server: Processing request of type CallToolRequest
2026-06-03 14:32:53,584 [MainThread] INFO mcp.server.lowlevel.server: Processing request of type CallToolRequest
2026-06-03 14:33:10,836 [mulder-job_5] INFO mulder.server.jobs: Job job_7afcf709 (yara_scan_files) completed
2026-06-03 14:33:10,839 [mulder-job_5] INFO mulder.server.jobs: [JOB_COMPLETE] yara_scan_files|completed|
2026-06-03 14:33:17,686 [MainThread] INFO mcp.server.lowlevel.server: Processing request of type CallToolRequest
2026-06-03 14:33:26,211 [MainThread] INFO mcp.server.lowlevel.server: Processing request of type CallToolRequest
2026-06-03 14:33:26,214 [AnyIO worker thread] INFO mulder.server.jobs: Submitted batch bg_b3d0e46c with 3 jobs: ['run_prefetch_parser', 'run_amcache_parser', 'run_shimcache_parser']
2026-06-03 14:33:26,711 [mulder-job_3] WARNING mulder.extractors.disk: ewfmount failed on /evidence/win7-64-nfury-10.3.58.6/win7-64-nfury-c-drive/win7-64-nfury-c-drive.E01: Command '['ewfmount', '/evidence/win7-64-nfury-10.3.58.6/win7-64-nfury-c-drive/win7-64-nfury-c-drive.E01', '/tmp/mulder_mount_a08wi_gc/_ewf']' returned non-zero exit status 1. No sub system to mount EWF format.

2026-06-03 14:33:26,910 [mulder-job_3] WARNING mulder.extractors.disk: guestmount failed on E01 /evidence/win7-64-nfury-10.3.58.6/win7-64-nfury-c-drive/win7-64-nfury-c-drive.E01: Command '['guestmount', '-a', '/evidence/win7-64-nfury-10.3.58.6/win7-64-nfury-c-drive/win7-64-nfury-c-drive.E01', '-i', '--ro', '/tmp/mulder_mount_a08wi_gc']' returned non-zero exit status 1.
2026-06-03 14:33:26,911 [mulder-job_3] ERROR mulder.extractors.disk: Could not mount E01 /evidence/win7-64-nfury-10.3.58.6/win7-64-nfury-c-drive/win7-64-nfury-c-drive.E01 (tried ewfmount+mount and guestmount)
2026-06-03 14:33:28,794 [mulder-job_0] WARNING mulder.server.jobs: Job job_ceb0d754 (run_amcache_parser) returned error: Mount failed and Amcache.hve not found via TSK extraction
2026-06-03 14:33:28,795 [mulder-job_0] INFO mulder.server.jobs: [JOB_COMPLETE] run_amcache_parser|failed|Mount failed and Amcache.hve not found via TSK extraction
2026-06-03 14:33:29,601 [MainThread] INFO mcp.server.lowlevel.server: Processing request of type CallToolRequest
2026-06-03 14:33:31,004 [MainThread] INFO mcp.server.lowlevel.server: Processing request of type CallToolRequest
2026-06-03 14:33:37,826 [mulder-job_3] WARNING mulder.server.jobs: Job job_3b709b0d (run_prefetch_parser) returned error: PECmd.dll produced no CSV output
2026-06-03 14:33:37,827 [mulder-job_3] INFO mulder.server.jobs: [JOB_COMPLETE] run_prefetch_parser|failed|PECmd.dll produced no CSV output
2026-06-03 14:33:43,004 [mulder-job_6] WARNING mulder.server.jobs: Job job_fe6f6bea (run_shimcache_parser) returned error: AppCompatCacheParser.dll produced no CSV output
2026-06-03 14:33:43,005 [mulder-job_6] INFO mulder.server.jobs: [JOB_COMPLETE] run_shimcache_parser|failed|AppCompatCacheParser.dll produced no CSV output
2026-06-03 14:34:01,316 [MainThread] INFO mulder.server.app: Mulder MCP server ready (db_dir=/home/mulder/.mulder/cases)
2026-06-03 14:34:01,336 [MainThread] INFO mcp.server.lowlevel.server: Processing request of type ListToolsRequest
2026-06-03 14:34:01,339 [MainThread] INFO mcp.server.lowlevel.server: Processing request of type ListPromptsRequest
2026-06-03 14:34:01,340 [MainThread] INFO mcp.server.lowlevel.server: Processing request of type ListResourcesRequest
2026-06-03 14:34:06,247 [MainThread] INFO mcp.server.lowlevel.server: Processing request of type CallToolRequest
2026-06-03 14:34:06,250 [AnyIO worker thread] INFO mulder.server.app: Opening case database for 'SRL-2015' ...
2026-06-03 14:34:06,284 [AnyIO worker thread] INFO mulder.server.app: Server context ready for case 'SRL-2015'
2026-06-03 14:34:12,659 [MainThread] INFO mulder.server.app: Mulder MCP server ready (db_dir=/home/mulder/.mulder/cases)
2026-06-03 14:34:12,678 [MainThread] INFO mcp.server.lowlevel.server: Processing request of type ListToolsRequest
2026-06-03 14:34:12,681 [MainThread] INFO mcp.server.lowlevel.server: Processing request of type ListPromptsRequest
2026-06-03 14:34:12,681 [MainThread] INFO mcp.server.lowlevel.server: Processing request of type ListResourcesRequest
2026-06-03 14:34:13,307 [MainThread] INFO mcp.server.lowlevel.server: Processing request of type CallToolRequest
2026-06-03 14:34:20,379 [MainThread] INFO mulder.server.app: Mulder MCP server ready (db_dir=/home/mulder/.mulder/cases)
2026-06-03 14:34:20,397 [MainThread] INFO mcp.server.lowlevel.server: Processing request of type ListToolsRequest
2026-06-03 14:34:20,400 [MainThread] INFO mcp.server.lowlevel.server: Processing request of type ListPromptsRequest
2026-06-03 14:34:20,401 [MainThread] INFO mcp.server.lowlevel.server: Processing request of type ListResourcesRequest
2026-06-03 14:34:27,256 [MainThread] INFO mcp.server.lowlevel.server: Processing request of type CallToolRequest
2026-06-03 14:34:28,990 [MainThread] INFO mcp.server.lowlevel.server: Processing request of type CallToolRequest
2026-06-03 14:34:31,122 [MainThread] INFO mcp.server.lowlevel.server: Processing request of type CallToolRequest
2026-06-03 14:34:32,947 [MainThread] INFO mcp.server.lowlevel.server: Processing request of type CallToolRequest
2026-06-03 14:34:37,721 [MainThread] INFO mcp.server.lowlevel.server: Processing request of type CallToolRequest
2026-06-03 14:34:37,725 [AnyIO worker thread] INFO mulder.server.app: Opening case database for 'SRL-2015' ...
2026-06-03 14:34:37,737 [AnyIO worker thread] INFO mulder.server.app: Server context ready for case 'SRL-2015'
2026-06-03 14:34:37,926 [MainThread] INFO mcp.server.lowlevel.server: Processing request of type CallToolRequest
2026-06-03 14:34:37,928 [AnyIO worker thread] INFO mulder.server.app: Opening case database for 'SRL-2015' ...
2026-06-03 14:34:37,935 [AnyIO worker thread] INFO mulder.server.app: Server context ready for case 'SRL-2015'
2026-06-03 14:34:43,047 [MainThread] INFO mcp.server.lowlevel.server: Processing request of type CallToolRequest
2026-06-03 14:34:43,089 [MainThread] INFO mcp.server.lowlevel.server: Processing request of type CallToolRequest
2026-06-03 14:34:54,280 [MainThread] INFO mcp.server.lowlevel.server: Processing request of type CallToolRequest
2026-06-03 14:35:06,434 [MainThread] INFO mulder.server.app: Mulder MCP server ready (db_dir=/home/mulder/.mulder/cases)
2026-06-03 14:35:06,453 [MainThread] INFO mcp.server.lowlevel.server: Processing request of type ListToolsRequest
2026-06-03 14:35:06,456 [MainThread] INFO mcp.server.lowlevel.server: Processing request of type ListPromptsRequest
2026-06-03 14:35:06,457 [MainThread] INFO mcp.server.lowlevel.server: Processing request of type ListResourcesRequest
2026-06-03 14:35:10,844 [MainThread] INFO mcp.server.lowlevel.server: Processing request of type CallToolRequest
2026-06-03 14:35:11,781 [MainThread] INFO mcp.server.lowlevel.server: Processing request of type CallToolRequest
2026-06-03 14:35:13,159 [MainThread] INFO mcp.server.lowlevel.server: Processing request of type CallToolRequest
2026-06-03 14:35:13,161 [AnyIO worker thread] INFO mulder.server.app: Opening case database for 'SRL-2015' ...
2026-06-03 14:35:13,187 [AnyIO worker thread] INFO mulder.server.app: Server context ready for case 'SRL-2015'
2026-06-03 14:35:22,950 [MainThread] INFO mcp.server.lowlevel.server: Processing request of type CallToolRequest
2026-06-03 14:35:34,051 [MainThread] INFO mcp.server.lowlevel.server: Processing request of type CallToolRequest
2026-06-03 14:35:34,360 [MainThread] INFO mcp.server.lowlevel.server: Processing request of type CallToolRequest
2026-06-03 14:35:42,316 [MainThread] INFO mcp.server.lowlevel.server: Processing request of type CallToolRequest
2026-06-03 14:35:44,926 [MainThread] INFO mcp.server.lowlevel.server: Processing request of type CallToolRequest
2026-06-03 14:35:47,272 [MainThread] INFO mcp.server.lowlevel.server: Processing request of type CallToolRequest
2026-06-03 14:35:47,298 [AnyIO worker thread] INFO mulder.server.jobs: Submitted batch bg_f4639875 with 2 jobs: ['run_volatility_batch', 'run_volatility_batch']
2026-06-03 14:35:47,299 [mulder-job_0] INFO mulder.server.app: Resource throttle: run_volatility_batch waiting (cpu=100%>=90.0%, waited 0s)
2026-06-03 14:35:47,652 [mulder-job_1] INFO mulder.server.tools.extract.volatility: Volatility batch: context built for '/evidence/win7-32-nromanoff-10.3.58.5/win7-32-nromanoff-memory/baseline-memory/Win7SP1x86-baseline.img', running 5 plugins (timeout=600s)
2026-06-03 14:35:47,655 [ThreadPoolExecutor-0_0] INFO volatility3.framework.automagic: Running automagic: SymbolCacheMagic
2026-06-03 14:35:47,672 [ThreadPoolExecutor-0_0] INFO volatility3.framework.automagic: Running automagic: ConstructionMagic
2026-06-03 14:35:47,684 [ThreadPoolExecutor-0_0] INFO volatility3.framework.automagic: Running automagic: LayerStacker
2026-06-03 14:35:47,690 [ThreadPoolExecutor-0_0] INFO volatility3.framework.automagic.linux: No Linux banners found - if this is a linux plugin, please check your symbol files location
2026-06-03 14:35:47,690 [ThreadPoolExecutor-0_0] INFO volatility3.framework.automagic.linux: No Linux banners found - if this is a linux plugin, please check your symbol files location
2026-06-03 14:35:47,691 [ThreadPoolExecutor-0_0] INFO volatility3.framework.automagic.mac: No Mac banners found - if this is a mac plugin, please check your symbol files location
2026-06-03 14:35:48,667 [ThreadPoolExecutor-0_0] INFO volatility3.framework.automagic: Running automagic: WinSwapLayers
2026-06-03 14:35:48,668 [ThreadPoolExecutor-0_0] INFO volatility3.framework.automagic: Running automagic: KernelPDBScanner
2026-06-03 14:35:48,670 [ThreadPoolExecutor-0_0] INFO volatility3.framework.automagic.pdbscan: No suitable kernels found during pdbscan
2026-06-03 14:35:48,670 [ThreadPoolExecutor-0_0] INFO volatility3.framework.automagic: Running automagic: SymbolFinder
2026-06-03 14:35:48,671 [ThreadPoolExecutor-0_0] INFO volatility3.framework.automagic: Running automagic: LinuxSymbolFinder
2026-06-03 14:35:48,672 [ThreadPoolExecutor-0_0] INFO volatility3.framework.automagic: Running automagic: MacSymbolFinder
2026-06-03 14:35:48,673 [ThreadPoolExecutor-0_0] INFO volatility3.framework.automagic: Running automagic: KernelModule
2026-06-03 14:35:48,673 [ThreadPoolExecutor-0_0] WARNING volatility3.framework.plugins: Automagic exception occurred: sqlite3.ProgrammingError: SQLite objects created in a thread can only be used in that same thread. The object was created in thread id 281473327497472 and this is thread id 281473096610048.
2026-06-03 14:35:48,674 [mulder-job_1] INFO mulder.server.tools.extract.volatility: Volatility batch: pslist -> error
2026-06-03 14:35:48,675 [ThreadPoolExecutor-1_0] INFO volatility3.framework.automagic: Running automagic: SymbolCacheMagic
2026-06-03 14:35:48,691 [ThreadPoolExecutor-1_0] INFO volatility3.framework.automagic: Running automagic: ConstructionMagic
2026-06-03 14:35:48,695 [ThreadPoolExecutor-1_0] INFO volatility3.framework.automagic: Running automagic: LayerStacker
2026-06-03 14:35:48,700 [ThreadPoolExecutor-1_0] INFO volatility3.framework.automagic.linux: No Linux banners found - if this is a linux plugin, please check your symbol files location
2026-06-03 14:35:48,700 [ThreadPoolExecutor-1_0] INFO volatility3.framework.automagic.linux: No Linux banners found - if this is a linux plugin, please check your symbol files location
2026-06-03 14:35:48,701 [ThreadPoolExecutor-1_0] INFO volatility3.framework.automagic.mac: No Mac banners found - if this is a mac plugin, please check your symbol files location
2026-06-03 14:35:49,658 [ThreadPoolExecutor-1_0] INFO volatility3.framework.automagic: Running automagic: WinSwapLayers
2026-06-03 14:35:49,659 [ThreadPoolExecutor-1_0] INFO volatility3.framework.automagic: Running automagic: KernelPDBScanner
2026-06-03 14:35:49,660 [ThreadPoolExecutor-1_0] INFO volatility3.framework.automagic.pdbscan: No suitable kernels found during pdbscan
2026-06-03 14:35:49,660 [ThreadPoolExecutor-1_0] INFO volatility3.framework.automagic: Running automagic: SymbolFinder
2026-06-03 14:35:49,661 [ThreadPoolExecutor-1_0] INFO volatility3.framework.automagic: Running automagic: LinuxSymbolFinder
2026-06-03 14:35:49,661 [ThreadPoolExecutor-1_0] INFO volatility3.framework.automagic: Running automagic: MacSymbolFinder
2026-06-03 14:35:49,662 [ThreadPoolExecutor-1_0] INFO volatility3.framework.automagic: Running automagic: KernelModule
2026-06-03 14:35:49,663 [ThreadPoolExecutor-1_0] WARNING volatility3.framework.plugins: Automagic exception occurred: sqlite3.ProgrammingError: SQLite objects created in a thread can only be used in that same thread. The object was created in thread id 281473327497472 and this is thread id 281473096610048.
2026-06-03 14:35:49,664 [mulder-job_1] INFO mulder.server.tools.extract.volatility: Volatility batch: pstree -> error
2026-06-03 14:35:49,664 [ThreadPoolExecutor-2_0] INFO volatility3.framework.automagic: Running automagic: SymbolCacheMagic
2026-06-03 14:35:49,681 [ThreadPoolExecutor-2_0] INFO volatility3.framework.automagic: Running automagic: ConstructionMagic
2026-06-03 14:35:49,685 [ThreadPoolExecutor-2_0] INFO volatility3.framework.automagic: Running automagic: LayerStacker
2026-06-03 14:35:49,690 [ThreadPoolExecutor-2_0] INFO volatility3.framework.automagic.linux: No Linux banners found - if this is a linux plugin, please check your symbol files location
2026-06-03 14:35:49,690 [ThreadPoolExecutor-2_0] INFO volatility3.framework.automagic.linux: No Linux banners found - if this is a linux plugin, please check your symbol files location
2026-06-03 14:35:49,691 [ThreadPoolExecutor-2_0] INFO volatility3.framework.automagic.mac: No Mac banners found - if this is a mac plugin, please check your symbol files location
2026-06-03 14:35:50,654 [ThreadPoolExecutor-2_0] INFO volatility3.framework.automagic: Running automagic: WinSwapLayers
2026-06-03 14:35:50,655 [ThreadPoolExecutor-2_0] INFO volatility3.framework.automagic: Running automagic: KernelPDBScanner
2026-06-03 14:35:50,656 [ThreadPoolExecutor-2_0] INFO volatility3.framework.automagic.pdbscan: No suitable kernels found during pdbscan
2026-06-03 14:35:50,657 [ThreadPoolExecutor-2_0] INFO volatility3.framework.automagic: Running automagic: SymbolFinder
2026-06-03 14:35:50,657 [ThreadPoolExecutor-2_0] INFO volatility3.framework.automagic: Running automagic: LinuxSymbolFinder
2026-06-03 14:35:50,658 [ThreadPoolExecutor-2_0] INFO volatility3.framework.automagic: Running automagic: MacSymbolFinder
2026-06-03 14:35:50,659 [ThreadPoolExecutor-2_0] INFO volatility3.framework.automagic: Running automagic: KernelModule
2026-06-03 14:35:50,660 [ThreadPoolExecutor-2_0] WARNING volatility3.framework.plugins: Automagic exception occurred: sqlite3.ProgrammingError: SQLite objects created in a thread can only be used in that same thread. The object was created in thread id 281473327497472 and this is thread id 281473096610048.
2026-06-03 14:35:50,661 [mulder-job_1] INFO mulder.server.tools.extract.volatility: Volatility batch: cmdline -> error
2026-06-03 14:35:50,662 [ThreadPoolExecutor-3_0] INFO volatility3.framework.automagic: Running automagic: SymbolCacheMagic
2026-06-03 14:35:50,678 [ThreadPoolExecutor-3_0] INFO volatility3.framework.automagic: Running automagic: ConstructionMagic
2026-06-03 14:35:50,683 [ThreadPoolExecutor-3_0] INFO volatility3.framework.automagic: Running automagic: LayerStacker
2026-06-03 14:35:50,689 [ThreadPoolExecutor-3_0] INFO volatility3.framework.automagic.linux: No Linux banners found - if this is a linux plugin, please check your symbol files location
2026-06-03 14:35:50,690 [ThreadPoolExecutor-3_0] INFO volatility3.framework.automagic.linux: No Linux banners found - if this is a linux plugin, please check your symbol files location
2026-06-03 14:35:50,691 [ThreadPoolExecutor-3_0] INFO volatility3.framework.automagic.mac: No Mac banners found - if this is a mac plugin, please check your symbol files location
2026-06-03 14:35:51,657 [ThreadPoolExecutor-3_0] INFO volatility3.framework.automagic: Running automagic: WinSwapLayers
2026-06-03 14:35:51,658 [ThreadPoolExecutor-3_0] INFO volatility3.framework.automagic: Running automagic: KernelPDBScanner
2026-06-03 14:35:51,659 [ThreadPoolExecutor-3_0] INFO volatility3.framework.automagic.pdbscan: No suitable kernels found during pdbscan
2026-06-03 14:35:51,661 [ThreadPoolExecutor-3_0] INFO volatility3.framework.automagic: Running automagic: SymbolFinder
2026-06-03 14:35:51,661 [ThreadPoolExecutor-3_0] INFO volatility3.framework.automagic: Running automagic: LinuxSymbolFinder
2026-06-03 14:35:51,662 [ThreadPoolExecutor-3_0] INFO volatility3.framework.automagic: Running automagic: MacSymbolFinder
2026-06-03 14:35:51,663 [ThreadPoolExecutor-3_0] INFO volatility3.framework.automagic: Running automagic: KernelModule
2026-06-03 14:35:51,663 [ThreadPoolExecutor-3_0] WARNING volatility3.framework.plugins: Automagic exception occurred: sqlite3.ProgrammingError: SQLite objects created in a thread can only be used in that same thread. The object was created in thread id 281473327497472 and this is thread id 281473096610048.
2026-06-03 14:35:51,664 [mulder-job_1] INFO mulder.server.tools.extract.volatility: Volatility batch: netscan -> error
2026-06-03 14:35:51,665 [ThreadPoolExecutor-4_0] INFO volatility3.framework.automagic: Running automagic: SymbolCacheMagic
2026-06-03 14:35:51,682 [ThreadPoolExecutor-4_0] INFO volatility3.framework.automagic: Running automagic: ConstructionMagic
2026-06-03 14:35:51,687 [ThreadPoolExecutor-4_0] INFO volatility3.framework.automagic: Running automagic: LayerStacker
2026-06-03 14:35:51,694 [ThreadPoolExecutor-4_0] INFO volatility3.framework.automagic.linux: No Linux banners found - if this is a linux plugin, please check your symbol files location
2026-06-03 14:35:51,695 [ThreadPoolExecutor-4_0] INFO volatility3.framework.automagic.linux: No Linux banners found - if this is a linux plugin, please check your symbol files location
2026-06-03 14:35:51,696 [ThreadPoolExecutor-4_0] INFO volatility3.framework.automagic.mac: No Mac banners found - if this is a mac plugin, please check your symbol files location
2026-06-03 14:35:52,638 [MainThread] INFO mcp.server.lowlevel.server: Processing request of type CallToolRequest
2026-06-03 14:35:52,689 [ThreadPoolExecutor-4_0] INFO volatility3.framework.automagic: Running automagic: WinSwapLayers
2026-06-03 14:35:52,690 [ThreadPoolExecutor-4_0] INFO volatility3.framework.automagic: Running automagic: KernelPDBScanner
2026-06-03 14:35:52,691 [ThreadPoolExecutor-4_0] INFO volatility3.framework.automagic.pdbscan: No suitable kernels found during pdbscan
2026-06-03 14:35:52,692 [ThreadPoolExecutor-4_0] INFO volatility3.framework.automagic: Running automagic: SymbolFinder
2026-06-03 14:35:52,693 [ThreadPoolExecutor-4_0] INFO volatility3.framework.automagic: Running automagic: LinuxSymbolFinder
2026-06-03 14:35:52,694 [ThreadPoolExecutor-4_0] INFO volatility3.framework.automagic: Running automagic: MacSymbolFinder
2026-06-03 14:35:52,694 [ThreadPoolExecutor-4_0] INFO volatility3.framework.automagic: Running automagic: KernelModule
2026-06-03 14:35:52,695 [ThreadPoolExecutor-4_0] WARNING volatility3.framework.plugins: Automagic exception occurred: sqlite3.ProgrammingError: SQLite objects created in a thread can only be used in that same thread. The object was created in thread id 281473327497472 and this is thread id 281473096610048.
2026-06-03 14:35:52,696 [mulder-job_1] INFO mulder.server.tools.extract.volatility: Volatility batch: svcscan -> error
2026-06-03 14:35:52,698 [mulder-job_0] INFO mulder.server.tools.extract.volatility: Volatility batch: context built for '/evidence/win7-32-nromanoff-10.3.58.5/win7-32-nromanoff-memory/win7-32-nromanoff-memory-raw.001', running 13 plugins (timeout=600s)
2026-06-03 14:35:52,699 [ThreadPoolExecutor-5_0] INFO volatility3.framework.automagic: Running automagic: SymbolCacheMagic
2026-06-03 14:35:52,700 [mulder-job_1] INFO mulder.server.jobs: Job job_f273193c (run_volatility_batch) completed
2026-06-03 14:35:52,702 [mulder-job_1] INFO mulder.server.jobs: [JOB_COMPLETE] run_volatility_batch|completed|
2026-06-03 14:35:52,717 [ThreadPoolExecutor-5_0] INFO volatility3.framework.automagic: Running automagic: ConstructionMagic
2026-06-03 14:35:52,721 [ThreadPoolExecutor-5_0] INFO volatility3.framework.automagic: Running automagic: LayerStacker
2026-06-03 14:35:52,725 [ThreadPoolExecutor-5_0] INFO volatility3.framework.automagic.linux: No Linux banners found - if this is a linux plugin, please check your symbol files location
2026-06-03 14:35:52,726 [ThreadPoolExecutor-5_0] INFO volatility3.framework.automagic.linux: No Linux banners found - if this is a linux plugin, please check your symbol files location
2026-06-03 14:35:52,727 [ThreadPoolExecutor-5_0] INFO volatility3.framework.automagic.mac: No Mac banners found - if this is a mac plugin, please check your symbol files location
2026-06-03 14:35:53,685 [ThreadPoolExecutor-5_0] INFO volatility3.framework.automagic: Running automagic: WinSwapLayers
2026-06-03 14:35:53,686 [ThreadPoolExecutor-5_0] INFO volatility3.framework.automagic: Running automagic: KernelPDBScanner
2026-06-03 14:35:53,686 [ThreadPoolExecutor-5_0] INFO volatility3.framework.automagic.pdbscan: No suitable kernels found during pdbscan
2026-06-03 14:35:53,687 [ThreadPoolExecutor-5_0] INFO volatility3.framework.automagic: Running automagic: SymbolFinder
2026-06-03 14:35:53,687 [ThreadPoolExecutor-5_0] INFO volatility3.framework.automagic: Running automagic: LinuxSymbolFinder
2026-06-03 14:35:53,688 [ThreadPoolExecutor-5_0] INFO volatility3.framework.automagic: Running automagic: MacSymbolFinder
2026-06-03 14:35:53,688 [ThreadPoolExecutor-5_0] INFO volatility3.framework.automagic: Running automagic: KernelModule
2026-06-03 14:35:53,689 [ThreadPoolExecutor-5_0] WARNING volatility3.framework.plugins: Automagic exception occurred: sqlite3.ProgrammingError: SQLite objects created in a thread can only be used in that same thread. The object was created in thread id 281473340363008 and this is thread id 281473096610048.
2026-06-03 14:35:53,690 [mulder-job_0] INFO mulder.server.tools.extract.volatility: Volatility batch: pslist -> error
2026-06-03 14:35:53,690 [ThreadPoolExecutor-6_0] INFO volatility3.framework.automagic: Running automagic: SymbolCacheMagic
2026-06-03 14:35:53,706 [ThreadPoolExecutor-6_0] INFO volatility3.framework.automagic: Running automagic: ConstructionMagic
2026-06-03 14:35:53,709 [ThreadPoolExecutor-6_0] INFO volatility3.framework.automagic: Running automagic: LayerStacker
2026-06-03 14:35:53,712 [ThreadPoolExecutor-6_0] INFO volatility3.framework.automagic.linux: No Linux banners found - if this is a linux plugin, please check your symbol files location
2026-06-03 14:35:53,713 [ThreadPoolExecutor-6_0] INFO volatility3.framework.automagic.linux: No Linux banners found - if this is a linux plugin, please check your symbol files location
2026-06-03 14:35:53,714 [ThreadPoolExecutor-6_0] INFO volatility3.framework.automagic.mac: No Mac banners found - if this is a mac plugin, please check your symbol files location
2026-06-03 14:35:54,618 [ThreadPoolExecutor-6_0] INFO volatility3.framework.automagic: Running automagic: WinSwapLayers
2026-06-03 14:35:54,619 [ThreadPoolExecutor-6_0] INFO volatility3.framework.automagic: Running automagic: KernelPDBScanner
2026-06-03 14:35:54,620 [ThreadPoolExecutor-6_0] INFO volatility3.framework.automagic.pdbscan: No suitable kernels found during pdbscan
2026-06-03 14:35:54,620 [ThreadPoolExecutor-6_0] INFO volatility3.framework.automagic: Running automagic: SymbolFinder
2026-06-03 14:35:54,621 [ThreadPoolExecutor-6_0] INFO volatility3.framework.automagic: Running automagic: LinuxSymbolFinder
2026-06-03 14:35:54,621 [ThreadPoolExecutor-6_0] INFO volatility3.framework.automagic: Running automagic: MacSymbolFinder
2026-06-03 14:35:54,622 [ThreadPoolExecutor-6_0] INFO volatility3.framework.automagic: Running automagic: KernelModule
2026-06-03 14:35:54,622 [ThreadPoolExecutor-6_0] WARNING volatility3.framework.plugins: Automagic exception occurred: sqlite3.ProgrammingError: SQLite objects created in a thread can only be used in that same thread. The object was created in thread id 281473340363008 and this is thread id 281473096610048.
2026-06-03 14:35:54,623 [mulder-job_0] INFO mulder.server.tools.extract.volatility: Volatility batch: pstree -> error
2026-06-03 14:35:54,624 [ThreadPoolExecutor-7_0] INFO volatility3.framework.automagic: Running automagic: SymbolCacheMagic
2026-06-03 14:35:54,639 [ThreadPoolExecutor-7_0] INFO volatility3.framework.automagic: Running automagic: ConstructionMagic
2026-06-03 14:35:54,642 [ThreadPoolExecutor-7_0] INFO volatility3.framework.automagic: Running automagic: LayerStacker
2026-06-03 14:35:54,646 [ThreadPoolExecutor-7_0] INFO volatility3.framework.automagic.linux: No Linux banners found - if this is a linux plugin, please check your symbol files location
2026-06-03 14:35:54,646 [ThreadPoolExecutor-7_0] INFO volatility3.framework.automagic.linux: No Linux banners found - if this is a linux plugin, please check your symbol files location
2026-06-03 14:35:54,647 [ThreadPoolExecutor-7_0] INFO volatility3.framework.automagic.mac: No Mac banners found - if this is a mac plugin, please check your symbol files location
2026-06-03 14:35:55,561 [ThreadPoolExecutor-7_0] INFO volatility3.framework.automagic: Running automagic: WinSwapLayers
2026-06-03 14:35:55,562 [ThreadPoolExecutor-7_0] INFO volatility3.framework.automagic: Running automagic: KernelPDBScanner
2026-06-03 14:35:55,563 [ThreadPoolExecutor-7_0] INFO volatility3.framework.automagic.pdbscan: No suitable kernels found during pdbscan
2026-06-03 14:35:55,563 [ThreadPoolExecutor-7_0] INFO volatility3.framework.automagic: Running automagic: SymbolFinder
2026-06-03 14:35:55,564 [ThreadPoolExecutor-7_0] INFO volatility3.framework.automagic: Running automagic: LinuxSymbolFinder
2026-06-03 14:35:55,564 [ThreadPoolExecutor-7_0] INFO volatility3.framework.automagic: Running automagic: MacSymbolFinder
2026-06-03 14:35:55,565 [ThreadPoolExecutor-7_0] INFO volatility3.framework.automagic: Running automagic: KernelModule
2026-06-03 14:35:55,565 [ThreadPoolExecutor-7_0] WARNING volatility3.framework.plugins: Automagic exception occurred: sqlite3.ProgrammingError: SQLite objects created in a thread can only be used in that same thread. The object was created in thread id 281473340363008 and this is thread id 281473096610048.
2026-06-03 14:35:55,566 [mulder-job_0] INFO mulder.server.tools.extract.volatility: Volatility batch: cmdline -> error
2026-06-03 14:35:55,567 [ThreadPoolExecutor-8_0] INFO volatility3.framework.automagic: Running automagic: SymbolCacheMagic
2026-06-03 14:35:55,609 [ThreadPoolExecutor-8_0] INFO volatility3.framework.automagic: Running automagic: ConstructionMagic
2026-06-03 14:35:55,614 [ThreadPoolExecutor-8_0] INFO volatility3.framework.automagic: Running automagic: LayerStacker
2026-06-03 14:35:55,617 [ThreadPoolExecutor-8_0] INFO volatility3.framework.automagic.linux: No Linux banners found - if this is a linux plugin, please check your symbol files location
2026-06-03 14:35:55,618 [ThreadPoolExecutor-8_0] INFO volatility3.framework.automagic.linux: No Linux banners found - if this is a linux plugin, please check your symbol files location
2026-06-03 14:35:55,619 [ThreadPoolExecutor-8_0] INFO volatility3.framework.automagic.mac: No Mac banners found - if this is a mac plugin, please check your symbol files location
2026-06-03 14:35:56,522 [ThreadPoolExecutor-8_0] INFO volatility3.framework.automagic: Running automagic: WinSwapLayers
2026-06-03 14:35:56,523 [ThreadPoolExecutor-8_0] INFO volatility3.framework.automagic: Running automagic: KernelPDBScanner
2026-06-03 14:35:56,524 [ThreadPoolExecutor-8_0] INFO volatility3.framework.automagic.pdbscan: No suitable kernels found during pdbscan
2026-06-03 14:35:56,524 [ThreadPoolExecutor-8_0] INFO volatility3.framework.automagic: Running automagic: SymbolFinder
2026-06-03 14:35:56,525 [ThreadPoolExecutor-8_0] INFO volatility3.framework.automagic: Running automagic: LinuxSymbolFinder
2026-06-03 14:35:56,525 [ThreadPoolExecutor-8_0] INFO volatility3.framework.automagic: Running automagic: MacSymbolFinder
2026-06-03 14:35:56,526 [ThreadPoolExecutor-8_0] INFO volatility3.framework.automagic: Running automagic: KernelModule
2026-06-03 14:35:56,527 [ThreadPoolExecutor-8_0] WARNING volatility3.framework.plugins: Automagic exception occurred: sqlite3.ProgrammingError: SQLite objects created in a thread can only be used in that same thread. The object was created in thread id 281473340363008 and this is thread id 281473096610048.
2026-06-03 14:35:56,528 [mulder-job_0] INFO mulder.server.tools.extract.volatility: Volatility batch: netscan -> error
2026-06-03 14:35:56,528 [ThreadPoolExecutor-9_0] INFO volatility3.framework.automagic: Running automagic: SymbolCacheMagic
2026-06-03 14:35:56,544 [ThreadPoolExecutor-9_0] INFO volatility3.framework.automagic: Running automagic: ConstructionMagic
2026-06-03 14:35:56,548 [ThreadPoolExecutor-9_0] INFO volatility3.framework.automagic: Running automagic: LayerStacker
2026-06-03 14:35:56,551 [ThreadPoolExecutor-9_0] INFO volatility3.framework.automagic.linux: No Linux banners found - if this is a linux plugin, please check your symbol files location
2026-06-03 14:35:56,552 [ThreadPoolExecutor-9_0] INFO volatility3.framework.automagic.linux: No Linux banners found - if this is a linux plugin, please check your symbol files location
2026-06-03 14:35:56,553 [ThreadPoolExecutor-9_0] INFO volatility3.framework.automagic.mac: No Mac banners found - if this is a mac plugin, please check your symbol files location
2026-06-03 14:35:57,457 [ThreadPoolExecutor-9_0] INFO volatility3.framework.automagic: Running automagic: WinSwapLayers
2026-06-03 14:35:57,458 [ThreadPoolExecutor-9_0] INFO volatility3.framework.automagic: Running automagic: KernelPDBScanner
2026-06-03 14:35:57,458 [ThreadPoolExecutor-9_0] INFO volatility3.framework.automagic.pdbscan: No suitable kernels found during pdbscan
2026-06-03 14:35:57,459 [ThreadPoolExecutor-9_0] INFO volatility3.framework.automagic: Running automagic: SymbolFinder
2026-06-03 14:35:57,459 [ThreadPoolExecutor-9_0] INFO volatility3.framework.automagic: Running automagic: LinuxSymbolFinder
2026-06-03 14:35:57,460 [ThreadPoolExecutor-9_0] INFO volatility3.framework.automagic: Running automagic: MacSymbolFinder
2026-06-03 14:35:57,460 [ThreadPoolExecutor-9_0] INFO volatility3.framework.automagic: Running automagic: KernelModule
2026-06-03 14:35:57,461 [ThreadPoolExecutor-9_0] WARNING volatility3.framework.plugins: Automagic exception occurred: sqlite3.ProgrammingError: SQLite objects created in a thread can only be used in that same thread. The object was created in thread id 281473340363008 and this is thread id 281473096610048.
2026-06-03 14:35:57,462 [mulder-job_0] INFO mulder.server.tools.extract.volatility: Volatility batch: malfind -> error
2026-06-03 14:35:57,462 [ThreadPoolExecutor-10_0] INFO volatility3.framework.automagic: Running automagic: SymbolCacheMagic
2026-06-03 14:35:57,477 [ThreadPoolExecutor-10_0] INFO volatility3.framework.automagic: Running automagic: ConstructionMagic
2026-06-03 14:35:57,482 [ThreadPoolExecutor-10_0] INFO volatility3.framework.automagic: Running automagic: LayerStacker
2026-06-03 14:35:57,485 [ThreadPoolExecutor-10_0] INFO volatility3.framework.automagic.linux: No Linux banners found - if this is a linux plugin, please check your symbol files location
2026-06-03 14:35:57,486 [ThreadPoolExecutor-10_0] INFO volatility3.framework.automagic.linux: No Linux banners found - if this is a linux plugin, please check your symbol files location
2026-06-03 14:35:57,487 [ThreadPoolExecutor-10_0] INFO volatility3.framework.automagic.mac: No Mac banners found - if this is a mac plugin, please check your symbol files location
2026-06-03 14:35:58,394 [ThreadPoolExecutor-10_0] INFO volatility3.framework.automagic: Running automagic: WinSwapLayers
2026-06-03 14:35:58,395 [ThreadPoolExecutor-10_0] INFO volatility3.framework.automagic: Running automagic: KernelPDBScanner
2026-06-03 14:35:58,396 [ThreadPoolExecutor-10_0] INFO volatility3.framework.automagic.pdbscan: No suitable kernels found during pdbscan
2026-06-03 14:35:58,396 [ThreadPoolExecutor-10_0] INFO volatility3.framework.automagic: Running automagic: SymbolFinder
2026-06-03 14:35:58,397 [ThreadPoolExecutor-10_0] INFO volatility3.framework.automagic: Running automagic: LinuxSymbolFinder
2026-06-03 14:35:58,397 [ThreadPoolExecutor-10_0] INFO volatility3.framework.automagic: Running automagic: MacSymbolFinder
2026-06-03 14:35:58,398 [ThreadPoolExecutor-10_0] INFO volatility3.framework.automagic: Running automagic: KernelModule
2026-06-03 14:35:58,398 [ThreadPoolExecutor-10_0] WARNING volatility3.framework.plugins: Automagic exception occurred: sqlite3.ProgrammingError: SQLite objects created in a thread can only be used in that same thread. The object was created in thread id 281473340363008 and this is thread id 281473096610048.
2026-06-03 14:35:58,399 [mulder-job_0] INFO mulder.server.tools.extract.volatility: Volatility batch: psscan -> error
2026-06-03 14:35:58,400 [ThreadPoolExecutor-11_0] INFO volatility3.framework.automagic: Running automagic: SymbolCacheMagic
2026-06-03 14:35:58,417 [ThreadPoolExecutor-11_0] INFO volatility3.framework.automagic: Running automagic: ConstructionMagic
2026-06-03 14:35:58,423 [ThreadPoolExecutor-11_0] INFO volatility3.framework.automagic: Running automagic: LayerStacker
2026-06-03 14:35:58,427 [ThreadPoolExecutor-11_0] INFO volatility3.framework.automagic.linux: No Linux banners found - if this is a linux plugin, please check your symbol files location
2026-06-03 14:35:58,428 [ThreadPoolExecutor-11_0] INFO volatility3.framework.automagic.linux: No Linux banners found - if this is a linux plugin, please check your symbol files location
2026-06-03 14:35:58,429 [ThreadPoolExecutor-11_0] INFO volatility3.framework.automagic.mac: No Mac banners found - if this is a mac plugin, please check your symbol files location
2026-06-03 14:35:59,337 [ThreadPoolExecutor-11_0] INFO volatility3.framework.automagic: Running automagic: WinSwapLayers
2026-06-03 14:35:59,338 [ThreadPoolExecutor-11_0] INFO volatility3.framework.automagic: Running automagic: KernelPDBScanner
2026-06-03 14:35:59,339 [ThreadPoolExecutor-11_0] INFO volatility3.framework.automagic.pdbscan: No suitable kernels found during pdbscan
2026-06-03 14:35:59,339 [ThreadPoolExecutor-11_0] INFO volatility3.framework.automagic: Running automagic: SymbolFinder
2026-06-03 14:35:59,340 [ThreadPoolExecutor-11_0] INFO volatility3.framework.automagic: Running automagic: LinuxSymbolFinder
2026-06-03 14:35:59,340 [ThreadPoolExecutor-11_0] INFO volatility3.framework.automagic: Running automagic: MacSymbolFinder
2026-06-03 14:35:59,340 [ThreadPoolExecutor-11_0] INFO volatility3.framework.automagic: Running automagic: KernelModule
2026-06-03 14:35:59,341 [ThreadPoolExecutor-11_0] WARNING volatility3.framework.plugins: Automagic exception occurred: sqlite3.ProgrammingError: SQLite objects created in a thread can only be used in that same thread. The object was created in thread id 281473340363008 and this is thread id 281473096610048.
2026-06-03 14:35:59,342 [mulder-job_0] INFO mulder.server.tools.extract.volatility: Volatility batch: dlllist -> error
2026-06-03 14:35:59,343 [ThreadPoolExecutor-12_0] INFO volatility3.framework.automagic: Running automagic: SymbolCacheMagic
2026-06-03 14:35:59,359 [ThreadPoolExecutor-12_0] INFO volatility3.framework.automagic: Running automagic: ConstructionMagic
2026-06-03 14:35:59,363 [ThreadPoolExecutor-12_0] INFO volatility3.framework.automagic: Running automagic: LayerStacker
2026-06-03 14:35:59,367 [ThreadPoolExecutor-12_0] INFO volatility3.framework.automagic.linux: No Linux banners found - if this is a linux plugin, please check your symbol files location
2026-06-03 14:35:59,368 [ThreadPoolExecutor-12_0] INFO volatility3.framework.automagic.linux: No Linux banners found - if this is a linux plugin, please check your symbol files location
2026-06-03 14:35:59,368 [ThreadPoolExecutor-12_0] INFO volatility3.framework.automagic.mac: No Mac banners found - if this is a mac plugin, please check your symbol files location
2026-06-03 14:36:00,293 [ThreadPoolExecutor-12_0] INFO volatility3.framework.automagic: Running automagic: WinSwapLayers
2026-06-03 14:36:00,296 [ThreadPoolExecutor-12_0] INFO volatility3.framework.automagic: Running automagic: KernelPDBScanner
2026-06-03 14:36:00,297 [ThreadPoolExecutor-12_0] INFO volatility3.framework.automagic.pdbscan: No suitable kernels found during pdbscan
2026-06-03 14:36:00,298 [ThreadPoolExecutor-12_0] INFO volatility3.framework.automagic: Running automagic: SymbolFinder
2026-06-03 14:36:00,298 [ThreadPoolExecutor-12_0] INFO volatility3.framework.automagic: Running automagic: LinuxSymbolFinder
2026-06-03 14:36:00,298 [ThreadPoolExecutor-12_0] INFO volatility3.framework.automagic: Running automagic: MacSymbolFinder
2026-06-03 14:36:00,299 [ThreadPoolExecutor-12_0] INFO volatility3.framework.automagic: Running automagic: KernelModule
2026-06-03 14:36:00,300 [ThreadPoolExecutor-12_0] WARNING volatility3.framework.plugins: Automagic exception occurred: sqlite3.ProgrammingError: SQLite objects created in a thread can only be used in that same thread. The object was created in thread id 281473340363008 and this is thread id 281473096610048.
2026-06-03 14:36:00,300 [mulder-job_0] INFO mulder.server.tools.extract.volatility: Volatility batch: envars -> error
2026-06-03 14:36:00,301 [ThreadPoolExecutor-13_0] INFO volatility3.framework.automagic: Running automagic: SymbolCacheMagic
2026-06-03 14:36:00,317 [ThreadPoolExecutor-13_0] INFO volatility3.framework.automagic: Running automagic: ConstructionMagic
2026-06-03 14:36:00,321 [ThreadPoolExecutor-13_0] INFO volatility3.framework.automagic: Running automagic: LayerStacker
2026-06-03 14:36:00,325 [ThreadPoolExecutor-13_0] INFO volatility3.framework.automagic.linux: No Linux banners found - if this is a linux plugin, please check your symbol files location
2026-06-03 14:36:00,325 [ThreadPoolExecutor-13_0] INFO volatility3.framework.automagic.linux: No Linux banners found - if this is a linux plugin, please check your symbol files location
2026-06-03 14:36:00,326 [ThreadPoolExecutor-13_0] INFO volatility3.framework.automagic.mac: No Mac banners found - if this is a mac plugin, please check your symbol files location
2026-06-03 14:36:01,254 [ThreadPoolExecutor-13_0] INFO volatility3.framework.automagic: Running automagic: WinSwapLayers
2026-06-03 14:36:01,255 [ThreadPoolExecutor-13_0] INFO volatility3.framework.automagic: Running automagic: KernelPDBScanner
2026-06-03 14:36:01,256 [ThreadPoolExecutor-13_0] INFO volatility3.framework.automagic.pdbscan: No suitable kernels found during pdbscan
2026-06-03 14:36:01,257 [ThreadPoolExecutor-13_0] INFO volatility3.framework.automagic: Running automagic: SymbolFinder
2026-06-03 14:36:01,257 [ThreadPoolExecutor-13_0] INFO volatility3.framework.automagic: Running automagic: LinuxSymbolFinder
2026-06-03 14:36:01,258 [ThreadPoolExecutor-13_0] INFO volatility3.framework.automagic: Running automagic: MacSymbolFinder
2026-06-03 14:36:01,258 [ThreadPoolExecutor-13_0] INFO volatility3.framework.automagic: Running automagic: KernelModule
2026-06-03 14:36:01,259 [ThreadPoolExecutor-13_0] WARNING volatility3.framework.plugins: Automagic exception occurred: sqlite3.ProgrammingError: SQLite objects created in a thread can only be used in that same thread. The object was created in thread id 281473340363008 and this is thread id 281473096610048.
2026-06-03 14:36:01,260 [mulder-job_0] INFO mulder.server.tools.extract.volatility: Volatility batch: svcscan -> error
2026-06-03 14:36:01,260 [ThreadPoolExecutor-14_0] INFO volatility3.framework.automagic: Running automagic: SymbolCacheMagic
2026-06-03 14:36:01,276 [ThreadPoolExecutor-14_0] INFO volatility3.framework.automagic: Running automagic: ConstructionMagic
2026-06-03 14:36:01,279 [ThreadPoolExecutor-14_0] INFO volatility3.framework.automagic: Running automagic: LayerStacker
2026-06-03 14:36:01,284 [ThreadPoolExecutor-14_0] INFO volatility3.framework.automagic.linux: No Linux banners found - if this is a linux plugin, please check your symbol files location
2026-06-03 14:36:01,284 [ThreadPoolExecutor-14_0] INFO volatility3.framework.automagic.linux: No Linux banners found - if this is a linux plugin, please check your symbol files location
2026-06-03 14:36:01,285 [ThreadPoolExecutor-14_0] INFO volatility3.framework.automagic.mac: No Mac banners found - if this is a mac plugin, please check your symbol files location
2026-06-03 14:36:02,200 [ThreadPoolExecutor-14_0] INFO volatility3.framework.automagic: Running automagic: WinSwapLayers
2026-06-03 14:36:02,200 [ThreadPoolExecutor-14_0] INFO volatility3.framework.automagic: Running automagic: KernelPDBScanner
2026-06-03 14:36:02,201 [ThreadPoolExecutor-14_0] INFO volatility3.framework.automagic.pdbscan: No suitable kernels found during pdbscan
2026-06-03 14:36:02,202 [ThreadPoolExecutor-14_0] INFO volatility3.framework.automagic: Running automagic: SymbolFinder
2026-06-03 14:36:02,202 [ThreadPoolExecutor-14_0] INFO volatility3.framework.automagic: Running automagic: LinuxSymbolFinder
2026-06-03 14:36:02,203 [ThreadPoolExecutor-14_0] INFO volatility3.framework.automagic: Running automagic: MacSymbolFinder
2026-06-03 14:36:02,203 [ThreadPoolExecutor-14_0] INFO volatility3.framework.automagic: Running automagic: KernelModule
2026-06-03 14:36:02,204 [ThreadPoolExecutor-14_0] WARNING volatility3.framework.plugins: Automagic exception occurred: sqlite3.ProgrammingError: SQLite objects created in a thread can only be used in that same thread. The object was created in thread id 281473340363008 and this is thread id 281473096610048.
2026-06-03 14:36:02,205 [mulder-job_0] INFO mulder.server.tools.extract.volatility: Volatility batch: filescan -> error
2026-06-03 14:36:02,205 [ThreadPoolExecutor-15_0] INFO volatility3.framework.automagic: Running automagic: SymbolCacheMagic
2026-06-03 14:36:02,220 [ThreadPoolExecutor-15_0] INFO volatility3.framework.automagic: Running automagic: ConstructionMagic
2026-06-03 14:36:02,225 [ThreadPoolExecutor-15_0] INFO volatility3.framework.automagic: Running automagic: LayerStacker
2026-06-03 14:36:02,230 [ThreadPoolExecutor-15_0] INFO volatility3.framework.automagic.linux: No Linux banners found - if this is a linux plugin, please check your symbol files location
2026-06-03 14:36:02,231 [ThreadPoolExecutor-15_0] INFO volatility3.framework.automagic.linux: No Linux banners found - if this is a linux plugin, please check your symbol files location
2026-06-03 14:36:02,231 [ThreadPoolExecutor-15_0] INFO volatility3.framework.automagic.mac: No Mac banners found - if this is a mac plugin, please check your symbol files location
2026-06-03 14:36:03,146 [ThreadPoolExecutor-15_0] INFO volatility3.framework.automagic: Running automagic: WinSwapLayers
2026-06-03 14:36:03,147 [ThreadPoolExecutor-15_0] INFO volatility3.framework.automagic: Running automagic: KernelPDBScanner
2026-06-03 14:36:03,148 [ThreadPoolExecutor-15_0] INFO volatility3.framework.automagic.pdbscan: No suitable kernels found during pdbscan
2026-06-03 14:36:03,148 [ThreadPoolExecutor-15_0] INFO volatility3.framework.automagic: Running automagic: SymbolFinder
2026-06-03 14:36:03,148 [ThreadPoolExecutor-15_0] INFO volatility3.framework.automagic: Running automagic: LinuxSymbolFinder
2026-06-03 14:36:03,149 [ThreadPoolExecutor-15_0] INFO volatility3.framework.automagic: Running automagic: MacSymbolFinder
2026-06-03 14:36:03,149 [ThreadPoolExecutor-15_0] INFO volatility3.framework.automagic: Running automagic: KernelModule
2026-06-03 14:36:03,150 [ThreadPoolExecutor-15_0] WARNING volatility3.framework.plugins: Automagic exception occurred: sqlite3.ProgrammingError: SQLite objects created in a thread can only be used in that same thread. The object was created in thread id 281473340363008 and this is thread id 281473096610048.
2026-06-03 14:36:03,151 [mulder-job_0] INFO mulder.server.tools.extract.volatility: Volatility batch: modscan -> error
2026-06-03 14:36:03,152 [ThreadPoolExecutor-16_0] INFO volatility3.framework.automagic: Running automagic: SymbolCacheMagic
2026-06-03 14:36:03,167 [ThreadPoolExecutor-16_0] INFO volatility3.framework.automagic: Running automagic: ConstructionMagic
2026-06-03 14:36:03,171 [ThreadPoolExecutor-16_0] INFO volatility3.framework.automagic: Running automagic: LayerStacker
2026-06-03 14:36:03,175 [ThreadPoolExecutor-16_0] INFO volatility3.framework.automagic.linux: No Linux banners found - if this is a linux plugin, please check your symbol files location
2026-06-03 14:36:03,176 [ThreadPoolExecutor-16_0] INFO volatility3.framework.automagic.linux: No Linux banners found - if this is a linux plugin, please check your symbol files location
2026-06-03 14:36:03,177 [ThreadPoolExecutor-16_0] INFO volatility3.framework.automagic.mac: No Mac banners found - if this is a mac plugin, please check your symbol files location
2026-06-03 14:36:04,083 [ThreadPoolExecutor-16_0] INFO volatility3.framework.automagic: Running automagic: WinSwapLayers
2026-06-03 14:36:04,084 [ThreadPoolExecutor-16_0] INFO volatility3.framework.automagic: Running automagic: KernelPDBScanner
2026-06-03 14:36:04,084 [ThreadPoolExecutor-16_0] INFO volatility3.framework.automagic.pdbscan: No suitable kernels found during pdbscan
2026-06-03 14:36:04,085 [ThreadPoolExecutor-16_0] INFO volatility3.framework.automagic: Running automagic: SymbolFinder
2026-06-03 14:36:04,085 [ThreadPoolExecutor-16_0] INFO volatility3.framework.automagic: Running automagic: LinuxSymbolFinder
2026-06-03 14:36:04,086 [ThreadPoolExecutor-16_0] INFO volatility3.framework.automagic: Running automagic: MacSymbolFinder
2026-06-03 14:36:04,086 [ThreadPoolExecutor-16_0] INFO volatility3.framework.automagic: Running automagic: KernelModule
2026-06-03 14:36:04,087 [ThreadPoolExecutor-16_0] WARNING volatility3.framework.plugins: Automagic exception occurred: sqlite3.ProgrammingError: SQLite objects created in a thread can only be used in that same thread. The object was created in thread id 281473340363008 and this is thread id 281473096610048.
2026-06-03 14:36:04,088 [mulder-job_0] INFO mulder.server.tools.extract.volatility: Volatility batch: modules -> error
2026-06-03 14:36:04,091 [mulder-job_0] INFO mulder.server.jobs: Job job_3b9dfb3e (run_volatility_batch) completed
2026-06-03 14:36:04,091 [mulder-job_0] INFO mulder.server.jobs: [JOB_COMPLETE] run_volatility_batch|completed|
2026-06-03 14:36:09,520 [MainThread] INFO mcp.server.lowlevel.server: Processing request of type CallToolRequest
2026-06-03 14:36:09,526 [MainThread] INFO mcp.server.lowlevel.server: Processing request of type CallToolRequest
2026-06-03 14:36:09,537 [AnyIO worker thread] INFO mulder.server.tools.yara: Updated YARA rules: signature-base
2026-06-03 14:36:11,971 [AnyIO worker thread] INFO mulder.server.tools.yara: YARA rule validation: 731/744 files valid (individual)
2026-06-03 14:36:30,482 [MainThread] INFO mcp.server.lowlevel.server: Processing request of type CallToolRequest
2026-06-03 14:36:32,853 [MainThread] INFO mcp.server.lowlevel.server: Processing request of type CallToolRequest
2026-06-03 14:36:36,889 [MainThread] INFO mcp.server.lowlevel.server: Processing request of type CallToolRequest
2026-06-03 14:36:37,562 [MainThread] INFO mcp.server.lowlevel.server: Processing request of type CallToolRequest
2026-06-03 14:36:37,757 [MainThread] INFO mcp.server.lowlevel.server: Processing request of type CallToolRequest
2026-06-03 14:37:34,091 [MainThread] INFO mcp.server.lowlevel.server: Processing request of type CallToolRequest
2026-06-03 14:37:34,548 [MainThread] INFO mcp.server.lowlevel.server: Processing request of type CallToolRequest
2026-06-03 14:37:35,296 [MainThread] INFO mcp.server.lowlevel.server: Processing request of type CallToolRequest
2026-06-03 14:37:35,299 [AnyIO worker thread] INFO mulder.server.jobs: Submitted batch bg_ef162ccf with 1 jobs: ['run_prefetch_parser']
2026-06-03 14:37:35,570 [mulder-job_1] WARNING mulder.extractors.disk: ewfmount failed on /evidence/win7-32-nromanoff-10.3.58.5/win7-32-nromanoff-c-drive/win7-32-nromanoff-c-drive.E01: Command '['ewfmount', '/evidence/win7-32-nromanoff-10.3.58.5/win7-32-nromanoff-c-drive/win7-32-nromanoff-c-drive.E01', '/tmp/mulder_mount_a17r660k/_ewf']' returned non-zero exit status 1. No sub system to mount EWF format.

2026-06-03 14:37:35,775 [mulder-job_1] WARNING mulder.extractors.disk: guestmount failed on E01 /evidence/win7-32-nromanoff-10.3.58.5/win7-32-nromanoff-c-drive/win7-32-nromanoff-c-drive.E01: Command '['guestmount', '-a', '/evidence/win7-32-nromanoff-10.3.58.5/win7-32-nromanoff-c-drive/win7-32-nromanoff-c-drive.E01', '-i', '--ro', '/tmp/mulder_mount_a17r660k']' returned non-zero exit status 1.
2026-06-03 14:37:35,776 [mulder-job_1] ERROR mulder.extractors.disk: Could not mount E01 /evidence/win7-32-nromanoff-10.3.58.5/win7-32-nromanoff-c-drive/win7-32-nromanoff-c-drive.E01 (tried ewfmount+mount and guestmount)
2026-06-03 14:37:43,383 [mulder-job_1] WARNING mulder.server.jobs: Job job_121f6f28 (run_prefetch_parser) returned error: PECmd.dll produced no CSV output
2026-06-03 14:37:43,384 [mulder-job_1] INFO mulder.server.jobs: [JOB_COMPLETE] run_prefetch_parser|failed|PECmd.dll produced no CSV output
2026-06-03 14:38:02,420 [MainThread] INFO mcp.server.lowlevel.server: Processing request of type CallToolRequest
2026-06-03 14:38:02,750 [MainThread] INFO mcp.server.lowlevel.server: Processing request of type CallToolRequest
2026-06-03 14:38:11,825 [MainThread] INFO mcp.server.lowlevel.server: Processing request of type CallToolRequest
2026-06-03 14:38:11,829 [AnyIO worker thread] INFO mulder.server.jobs: Submitted batch bg_2b348900 with 1 jobs: ['run_prefetch_parser']
2026-06-03 14:38:11,891 [mulder-job_0] WARNING mulder.extractors.disk: ewfmount failed on /evidence/win7-32-nromanoff-10.3.58.5/win7-32-nromanoff-c-drive/win7-32-nromanoff-c-drive.E01: Command '['ewfmount', '/evidence/win7-32-nromanoff-10.3.58.5/win7-32-nromanoff-c-drive/win7-32-nromanoff-c-drive.E01', '/tmp/mulder_mount_9h3_49lg/_ewf']' returned non-zero exit status 1. No sub system to mount EWF format.

2026-06-03 14:38:11,968 [MainThread] INFO mcp.server.lowlevel.server: Processing request of type CallToolRequest
2026-06-03 14:38:12,056 [mulder-job_0] WARNING mulder.extractors.disk: guestmount failed on E01 /evidence/win7-32-nromanoff-10.3.58.5/win7-32-nromanoff-c-drive/win7-32-nromanoff-c-drive.E01: Command '['guestmount', '-a', '/evidence/win7-32-nromanoff-10.3.58.5/win7-32-nromanoff-c-drive/win7-32-nromanoff-c-drive.E01', '-i', '--ro', '/tmp/mulder_mount_9h3_49lg']' returned non-zero exit status 1.
2026-06-03 14:38:12,057 [mulder-job_0] ERROR mulder.extractors.disk: Could not mount E01 /evidence/win7-32-nromanoff-10.3.58.5/win7-32-nromanoff-c-drive/win7-32-nromanoff-c-drive.E01 (tried ewfmount+mount and guestmount)
2026-06-03 14:38:19,482 [mulder-job_0] WARNING mulder.server.jobs: Job job_a2eab535 (run_prefetch_parser) returned error: PECmd.dll produced no CSV output
2026-06-03 14:38:19,483 [mulder-job_0] INFO mulder.server.jobs: [JOB_COMPLETE] run_prefetch_parser|failed|PECmd.dll produced no CSV output
2026-06-03 14:38:26,034 [MainThread] INFO mcp.server.lowlevel.server: Processing request of type CallToolRequest
2026-06-03 14:38:26,152 [MainThread] INFO mcp.server.lowlevel.server: Processing request of type CallToolRequest
2026-06-03 14:38:31,411 [MainThread] INFO mcp.server.lowlevel.server: Processing request of type CallToolRequest
2026-06-03 14:38:34,405 [MainThread] INFO mcp.server.lowlevel.server: Processing request of type CallToolRequest
2026-06-03 14:38:34,954 [MainThread] INFO mcp.server.lowlevel.server: Processing request of type CallToolRequest
2026-06-03 14:38:36,104 [MainThread] INFO mcp.server.lowlevel.server: Processing request of type CallToolRequest
2026-06-03 14:38:42,824 [MainThread] INFO mcp.server.lowlevel.server: Processing request of type CallToolRequest
2026-06-03 14:38:42,834 [MainThread] INFO mcp.server.lowlevel.server: Processing request of type CallToolRequest
2026-06-03 14:38:58,707 [MainThread] INFO mcp.server.lowlevel.server: Processing request of type CallToolRequest
2026-06-03 14:38:59,133 [MainThread] INFO mcp.server.lowlevel.server: Processing request of type CallToolRequest
2026-06-03 14:39:00,468 [MainThread] INFO mcp.server.lowlevel.server: Processing request of type CallToolRequest
2026-06-03 14:39:00,792 [MainThread] INFO mcp.server.lowlevel.server: Processing request of type CallToolRequest
2026-06-03 14:39:10,372 [MainThread] INFO mulder.server.app: Mulder MCP server ready (db_dir=/home/mulder/.mulder/cases)
2026-06-03 14:39:10,393 [MainThread] INFO mcp.server.lowlevel.server: Processing request of type ListToolsRequest
2026-06-03 14:39:10,396 [MainThread] INFO mcp.server.lowlevel.server: Processing request of type ListPromptsRequest
2026-06-03 14:39:10,397 [MainThread] INFO mcp.server.lowlevel.server: Processing request of type ListResourcesRequest
2026-06-03 14:39:16,652 [MainThread] INFO mcp.server.lowlevel.server: Processing request of type CallToolRequest
2026-06-03 14:39:18,887 [MainThread] INFO mcp.server.lowlevel.server: Processing request of type CallToolRequest
2026-06-03 14:39:20,329 [MainThread] INFO mcp.server.lowlevel.server: Processing request of type CallToolRequest
2026-06-03 14:39:20,955 [MainThread] INFO mcp.server.lowlevel.server: Processing request of type CallToolRequest
2026-06-03 14:39:21,147 [MainThread] INFO mcp.server.lowlevel.server: Processing request of type CallToolRequest
2026-06-03 14:39:21,841 [MainThread] INFO mcp.server.lowlevel.server: Processing request of type CallToolRequest
2026-06-03 14:39:24,977 [MainThread] INFO mcp.server.lowlevel.server: Processing request of type CallToolRequest
2026-06-03 14:39:24,981 [AnyIO worker thread] INFO mulder.server.app: Opening case database for 'SRL-2015' ...
2026-06-03 14:39:24,992 [AnyIO worker thread] INFO mulder.server.app: Server context ready for case 'SRL-2015'
2026-06-03 14:39:33,097 [MainThread] INFO mcp.server.lowlevel.server: Processing request of type CallToolRequest
2026-06-03 14:39:33,355 [MainThread] INFO mcp.server.lowlevel.server: Processing request of type CallToolRequest
2026-06-03 14:39:33,369 [MainThread] INFO mcp.server.lowlevel.server: Processing request of type CallToolRequest
2026-06-03 14:40:04,668 [MainThread] INFO mcp.server.lowlevel.server: Processing request of type CallToolRequest
2026-06-03 14:40:08,157 [MainThread] INFO mcp.server.lowlevel.server: Processing request of type CallToolRequest
2026-06-03 14:40:09,001 [MainThread] INFO mcp.server.lowlevel.server: Processing request of type CallToolRequest
2026-06-03 14:40:09,884 [MainThread] INFO mcp.server.lowlevel.server: Processing request of type CallToolRequest
2026-06-03 14:40:09,907 [MainThread] INFO mcp.server.lowlevel.server: Processing request of type CallToolRequest
2026-06-03 14:40:19,784 [MainThread] INFO mcp.server.lowlevel.server: Processing request of type CallToolRequest
2026-06-03 14:40:32,795 [MainThread] INFO mcp.server.lowlevel.server: Processing request of type CallToolRequest
2026-06-03 14:40:33,684 [MainThread] INFO mcp.server.lowlevel.server: Processing request of type CallToolRequest
2026-06-03 14:40:34,794 [MainThread] INFO mcp.server.lowlevel.server: Processing request of type CallToolRequest
2026-06-03 14:40:44,344 [MainThread] INFO mcp.server.lowlevel.server: Processing request of type CallToolRequest
2026-06-03 14:40:50,376 [MainThread] INFO mcp.server.lowlevel.server: Processing request of type CallToolRequest
2026-06-03 14:40:50,894 [MainThread] INFO mcp.server.lowlevel.server: Processing request of type CallToolRequest
2026-06-03 14:40:51,720 [MainThread] INFO mcp.server.lowlevel.server: Processing request of type CallToolRequest
2026-06-03 14:40:51,771 [MainThread] INFO mcp.server.lowlevel.server: Processing request of type CallToolRequest
2026-06-03 14:40:54,270 [MainThread] INFO mcp.server.lowlevel.server: Processing request of type CallToolRequest
2026-06-03 14:40:55,193 [MainThread] INFO mcp.server.lowlevel.server: Processing request of type CallToolRequest
2026-06-03 14:41:06,744 [MainThread] INFO mcp.server.lowlevel.server: Processing request of type CallToolRequest
2026-06-03 14:41:06,854 [MainThread] INFO mcp.server.lowlevel.server: Processing request of type CallToolRequest
2026-06-03 14:41:07,081 [MainThread] INFO mcp.server.lowlevel.server: Processing request of type CallToolRequest
2026-06-03 14:41:17,874 [MainThread] INFO mcp.server.lowlevel.server: Processing request of type CallToolRequest
2026-06-03 14:41:18,796 [MainThread] INFO mcp.server.lowlevel.server: Processing request of type CallToolRequest
2026-06-03 14:41:19,724 [MainThread] INFO mcp.server.lowlevel.server: Processing request of type CallToolRequest
2026-06-03 14:41:27,636 [MainThread] INFO mcp.server.lowlevel.server: Processing request of type CallToolRequest
2026-06-03 14:41:28,071 [MainThread] INFO mcp.server.lowlevel.server: Processing request of type CallToolRequest
2026-06-03 14:41:52,830 [MainThread] INFO mcp.server.lowlevel.server: Processing request of type CallToolRequest
2026-06-03 14:41:53,639 [MainThread] INFO mcp.server.lowlevel.server: Processing request of type CallToolRequest
2026-06-03 14:41:59,683 [MainThread] INFO mcp.server.lowlevel.server: Processing request of type CallToolRequest
2026-06-03 14:42:03,224 [MainThread] INFO mcp.server.lowlevel.server: Processing request of type CallToolRequest
2026-06-03 14:42:06,113 [MainThread] INFO mcp.server.lowlevel.server: Processing request of type CallToolRequest
2026-06-03 14:42:06,974 [MainThread] INFO mcp.server.lowlevel.server: Processing request of type CallToolRequest
2026-06-03 14:42:07,851 [MainThread] INFO mcp.server.lowlevel.server: Processing request of type CallToolRequest
2026-06-03 14:42:35,692 [MainThread] INFO mcp.server.lowlevel.server: Processing request of type CallToolRequest
2026-06-03 14:42:36,613 [MainThread] INFO mcp.server.lowlevel.server: Processing request of type CallToolRequest
2026-06-03 14:42:37,351 [MainThread] INFO mcp.server.lowlevel.server: Processing request of type CallToolRequest
2026-06-03 14:42:43,102 [MainThread] INFO mcp.server.lowlevel.server: Processing request of type CallToolRequest
2026-06-03 14:42:43,798 [MainThread] INFO mcp.server.lowlevel.server: Processing request of type CallToolRequest
2026-06-03 14:42:58,177 [MainThread] INFO mcp.server.lowlevel.server: Processing request of type CallToolRequest
2026-06-03 14:43:00,629 [MainThread] INFO mcp.server.lowlevel.server: Processing request of type CallToolRequest
2026-06-03 14:43:06,319 [MainThread] INFO mcp.server.lowlevel.server: Processing request of type CallToolRequest
2026-06-03 14:43:21,908 [MainThread] INFO mcp.server.lowlevel.server: Processing request of type CallToolRequest
2026-06-03 14:43:24,320 [MainThread] INFO mcp.server.lowlevel.server: Processing request of type CallToolRequest
2026-06-03 14:43:24,395 [MainThread] INFO mcp.server.lowlevel.server: Processing request of type CallToolRequest
2026-06-03 14:43:30,190 [MainThread] INFO mcp.server.lowlevel.server: Processing request of type CallToolRequest
2026-06-03 14:43:41,770 [MainThread] INFO mcp.server.lowlevel.server: Processing request of type CallToolRequest
2026-06-03 14:43:52,535 [MainThread] INFO mcp.server.lowlevel.server: Processing request of type CallToolRequest
2026-06-03 14:44:23,286 [MainThread] INFO mcp.server.lowlevel.server: Processing request of type CallToolRequest
2026-06-03 14:44:23,331 [MainThread] INFO mcp.server.lowlevel.server: Processing request of type CallToolRequest
2026-06-03 14:44:23,630 [MainThread] INFO mcp.server.lowlevel.server: Processing request of type CallToolRequest
2026-06-03 14:44:23,635 [AnyIO worker thread] WARNING mulder.db: FTS5 COUNT failed for query 'dllhost\\\\svchost', returning 0
Traceback (most recent call last):
  File "/usr/local/lib/python3.12/dist-packages/sqlalchemy/engine/base.py", line 1969, in _exec_single_context
    self.dialect.do_execute(
  File "/usr/local/lib/python3.12/dist-packages/sqlalchemy/engine/default.py", line 952, in do_execute
    cursor.execute(statement, parameters)
sqlite3.OperationalError: fts5: syntax error near "\"

The above exception was the direct cause of the following exception:

Traceback (most recent call last):
  File "/app/src/mulder/db.py", line 699, in count_search_windows
    result = conn.execute(stmt, {"q": safe_query}).scalar()
             ^^^^^^^^^^^^^^^^^^^^^^^^^^^^^^^^^^^^^
  File "/usr/local/lib/python3.12/dist-packages/sqlalchemy/engine/base.py", line 1421, in execute
    return meth(
           ^^^^^
  File "/usr/local/lib/python3.12/dist-packages/sqlalchemy/sql/elements.py", line 526, in _execute_on_connection
    return connection._execute_clauseelement(
           ^^^^^^^^^^^^^^^^^^^^^^^^^^^^^^^^^^
  File "/usr/local/lib/python3.12/dist-packages/sqlalchemy/engine/base.py", line 1643, in _execute_clauseelement
    ret = self._execute_context(
          ^^^^^^^^^^^^^^^^^^^^^^
  File "/usr/local/lib/python3.12/dist-packages/sqlalchemy/engine/base.py", line 1848, in _execute_context
    return self._exec_single_context(
           ^^^^^^^^^^^^^^^^^^^^^^^^^^
  File "/usr/local/lib/python3.12/dist-packages/sqlalchemy/engine/base.py", line 1988, in _exec_single_context
    self._handle_dbapi_exception(
  File "/usr/local/lib/python3.12/dist-packages/sqlalchemy/engine/base.py", line 2365, in _handle_dbapi_exception
    raise sqlalchemy_exception.with_traceback(exc_info[2]) from e
  File "/usr/local/lib/python3.12/dist-packages/sqlalchemy/engine/base.py", line 1969, in _exec_single_context
    self.dialect.do_execute(
  File "/usr/local/lib/python3.12/dist-packages/sqlalchemy/engine/default.py", line 952, in do_execute
    cursor.execute(statement, parameters)
sqlalchemy.exc.OperationalError: (sqlite3.OperationalError) fts5: syntax error near "\"
[SQL: SELECT count(*) AS count_1 
FROM windows JOIN sources ON windows.source_id = sources.source_id 
WHERE windows.window_id IN (SELECT rowid 
FROM windows_fts 
WHERE windows_fts MATCH ?)]
[parameters: ('dllhost\\\\svchost',)]
(Background on this error at: https://sqlalche.me/e/20/e3q8)
2026-06-03 14:44:24,218 [AnyIO worker thread] WARNING mulder.db: FTS5 MATCH failed for query 'dllhost\\\\svchost', returning empty
Traceback (most recent call last):
  File "/usr/local/lib/python3.12/dist-packages/sqlalchemy/engine/base.py", line 1969, in _exec_single_context
    self.dialect.do_execute(
  File "/usr/local/lib/python3.12/dist-packages/sqlalchemy/engine/default.py", line 952, in do_execute
    cursor.execute(statement, parameters)
sqlite3.OperationalError: fts5: syntax error near "\"

The above exception was the direct cause of the following exception:

Traceback (most recent call last):
  File "/app/src/mulder/db.py", line 615, in search_windows
    rows = conn.execute(stmt, {"q": safe_query}).fetchall()
           ^^^^^^^^^^^^^^^^^^^^^^^^^^^^^^^^^^^^^
  File "/usr/local/lib/python3.12/dist-packages/sqlalchemy/engine/base.py", line 1421, in execute
    return meth(
           ^^^^^
  File "/usr/local/lib/python3.12/dist-packages/sqlalchemy/sql/elements.py", line 526, in _execute_on_connection
    return connection._execute_clauseelement(
           ^^^^^^^^^^^^^^^^^^^^^^^^^^^^^^^^^^
  File "/usr/local/lib/python3.12/dist-packages/sqlalchemy/engine/base.py", line 1643, in _execute_clauseelement
    ret = self._execute_context(
          ^^^^^^^^^^^^^^^^^^^^^^
  File "/usr/local/lib/python3.12/dist-packages/sqlalchemy/engine/base.py", line 1848, in _execute_context
    return self._exec_single_context(
           ^^^^^^^^^^^^^^^^^^^^^^^^^^
  File "/usr/local/lib/python3.12/dist-packages/sqlalchemy/engine/base.py", line 1988, in _exec_single_context
    self._handle_dbapi_exception(
  File "/usr/local/lib/python3.12/dist-packages/sqlalchemy/engine/base.py", line 2365, in _handle_dbapi_exception
    raise sqlalchemy_exception.with_traceback(exc_info[2]) from e
  File "/usr/local/lib/python3.12/dist-packages/sqlalchemy/engine/base.py", line 1969, in _exec_single_context
    self.dialect.do_execute(
  File "/usr/local/lib/python3.12/dist-packages/sqlalchemy/engine/default.py", line 952, in do_execute
    cursor.execute(statement, parameters)
sqlalchemy.exc.OperationalError: (sqlite3.OperationalError) fts5: syntax error near "\"
[SQL: SELECT windows.window_id, windows.source_id, windows.line_start, windows.line_end, windows.event_time, windows.raw_text, sources.source_name 
FROM windows JOIN sources ON windows.source_id = sources.source_id 
WHERE windows.window_id IN (SELECT rowid 
FROM windows_fts 
WHERE windows_fts MATCH ?) ORDER BY windows.event_time ASC NULLS LAST
 LIMIT ? OFFSET ?]
[parameters: ('dllhost\\\\svchost', 10, 0)]
(Background on this error at: https://sqlalche.me/e/20/e3q8)
2026-06-03 14:44:24,623 [MainThread] INFO mcp.server.lowlevel.server: Processing request of type CallToolRequest
2026-06-03 14:44:28,100 [MainThread] INFO mulder.server.app: Mulder MCP server ready (db_dir=/home/mulder/.mulder/cases)
2026-06-03 14:44:28,120 [MainThread] INFO mcp.server.lowlevel.server: Processing request of type ListToolsRequest
2026-06-03 14:44:28,123 [MainThread] INFO mcp.server.lowlevel.server: Processing request of type ListPromptsRequest
2026-06-03 14:44:28,125 [MainThread] INFO mcp.server.lowlevel.server: Processing request of type ListResourcesRequest
2026-06-03 14:44:44,666 [MainThread] INFO mcp.server.lowlevel.server: Processing request of type CallToolRequest
2026-06-03 14:44:45,650 [MainThread] INFO mcp.server.lowlevel.server: Processing request of type CallToolRequest
2026-06-03 14:44:45,762 [MainThread] INFO mcp.server.lowlevel.server: Processing request of type CallToolRequest
2026-06-03 14:45:06,852 [MainThread] INFO mcp.server.lowlevel.server: Processing request of type CallToolRequest
2026-06-03 14:45:11,267 [MainThread] INFO mcp.server.lowlevel.server: Processing request of type CallToolRequest
2026-06-03 14:45:11,270 [AnyIO worker thread] WARNING mulder.server.tools.case: Overriding requested case_id 'xp-tdungan' with MULDER_CASE_ID='SRL-2015'
2026-06-03 14:45:11,340 [AnyIO worker thread] INFO mulder.server.app: Server context ready for case 'SRL-2015'
2026-06-03 14:45:30,272 [MainThread] INFO mcp.server.lowlevel.server: Processing request of type CallToolRequest
2026-06-03 14:45:43,919 [MainThread] INFO mcp.server.lowlevel.server: Processing request of type CallToolRequest
2026-06-03 14:45:47,268 [MainThread] INFO mcp.server.lowlevel.server: Processing request of type CallToolRequest
2026-06-03 14:45:47,273 [AnyIO worker thread] INFO mulder.server.app: Opening case database for 'SRL-2015' ...
2026-06-03 14:45:47,286 [AnyIO worker thread] INFO mulder.server.app: Server context ready for case 'SRL-2015'
2026-06-03 14:46:02,244 [MainThread] INFO mcp.server.lowlevel.server: Processing request of type CallToolRequest
2026-06-03 14:46:20,197 [MainThread] INFO mcp.server.lowlevel.server: Processing request of type CallToolRequest
2026-06-03 14:46:35,887 [MainThread] INFO mcp.server.lowlevel.server: Processing request of type CallToolRequest
2026-06-03 14:46:51,863 [MainThread] INFO mcp.server.lowlevel.server: Processing request of type CallToolRequest
2026-06-03 14:47:06,546 [MainThread] INFO mcp.server.lowlevel.server: Processing request of type CallToolRequest
2026-06-03 14:47:13,383 [MainThread] INFO mcp.server.lowlevel.server: Processing request of type CallToolRequest
2026-06-03 14:47:14,308 [MainThread] INFO mcp.server.lowlevel.server: Processing request of type CallToolRequest
2026-06-03 14:47:26,006 [MainThread] INFO mulder.server.app: Mulder MCP server ready (db_dir=/home/mulder/.mulder/cases)
2026-06-03 14:47:26,029 [MainThread] INFO mcp.server.lowlevel.server: Processing request of type ListToolsRequest
2026-06-03 14:47:26,032 [MainThread] INFO mcp.server.lowlevel.server: Processing request of type ListPromptsRequest
2026-06-03 14:47:26,033 [MainThread] INFO mcp.server.lowlevel.server: Processing request of type ListResourcesRequest
2026-06-03 14:47:35,989 [MainThread] INFO mcp.server.lowlevel.server: Processing request of type CallToolRequest
2026-06-03 14:47:40,248 [MainThread] INFO mcp.server.lowlevel.server: Processing request of type CallToolRequest
2026-06-03 14:47:40,254 [AnyIO worker thread] INFO mulder.server.app: Opening case database for 'SRL-2015' ...
2026-06-03 14:47:40,275 [AnyIO worker thread] INFO mulder.server.app: Server context ready for case 'SRL-2015'
2026-06-03 14:47:46,514 [MainThread] INFO mcp.server.lowlevel.server: Processing request of type CallToolRequest
2026-06-03 14:47:55,758 [MainThread] INFO mcp.server.lowlevel.server: Processing request of type CallToolRequest
2026-06-03 14:47:55,770 [MainThread] INFO mcp.server.lowlevel.server: Processing request of type CallToolRequest
2026-06-03 14:47:55,782 [AnyIO worker thread] INFO mulder.server.tools.extract.tsk: mmls failed on /evidence/xp-tdungan-c-drive.E01: ewf_unsupported
2026-06-03 14:47:55,791 [MainThread] INFO mcp.server.lowlevel.server: Processing request of type CallToolRequest
2026-06-03 14:47:55,831 [MainThread] INFO mcp.server.lowlevel.server: Processing request of type CallToolRequest
2026-06-03 14:47:58,172 [MainThread] INFO mcp.server.lowlevel.server: Processing request of type CallToolRequest
2026-06-03 14:48:05,521 [MainThread] INFO mcp.server.lowlevel.server: Processing request of type CallToolRequest
2026-06-03 14:48:05,533 [MainThread] INFO mcp.server.lowlevel.server: Processing request of type CallToolRequest
2026-06-03 14:48:05,695 [MainThread] INFO mcp.server.lowlevel.server: Processing request of type CallToolRequest
2026-06-03 14:48:06,679 [MainThread] INFO mcp.server.lowlevel.server: Processing request of type CallToolRequest
2026-06-03 14:48:13,796 [MainThread] INFO mcp.server.lowlevel.server: Processing request of type CallToolRequest
2026-06-03 14:48:17,912 [MainThread] INFO mcp.server.lowlevel.server: Processing request of type CallToolRequest
2026-06-03 14:48:18,460 [MainThread] INFO mcp.server.lowlevel.server: Processing request of type CallToolRequest
2026-06-03 14:48:29,758 [MainThread] INFO mcp.server.lowlevel.server: Processing request of type CallToolRequest
2026-06-03 14:48:30,324 [MainThread] INFO mcp.server.lowlevel.server: Processing request of type CallToolRequest
2026-06-03 14:48:36,923 [MainThread] INFO mcp.server.lowlevel.server: Processing request of type CallToolRequest
2026-06-03 14:48:37,054 [MainThread] INFO mcp.server.lowlevel.server: Processing request of type CallToolRequest
2026-06-03 14:48:40,100 [MainThread] INFO mcp.server.lowlevel.server: Processing request of type CallToolRequest
2026-06-03 14:48:40,130 [AnyIO worker thread] INFO mulder.server.jobs: Submitted batch bg_1b4d6ab6 with 4 jobs: ['run_volatility_batch', 'run_volatility_batch', 'run_fls', 'run_bulk_extractor']
2026-06-03 14:48:40,542 [mulder-job_0] INFO mulder.server.tools.extract.volatility: Volatility batch: context built for '/evidence/xp-tdungan-10.3.58.7/xp-tdungan-memory/xp-tdungan-memory-raw.001', running 14 plugins (timeout=600s)
2026-06-03 14:48:40,542 [mulder-job_1] INFO mulder.server.tools.extract.volatility: Volatility batch: context built for '/evidence/xp-tdungan-10.3.58.7/xp-tdungan-memory/baseline-memory/XPSP3x86-baseline.img', running 6 plugins (timeout=600s)
2026-06-03 14:48:40,545 [ThreadPoolExecutor-0_0] INFO volatility3.framework.automagic: Running automagic: SymbolCacheMagic
2026-06-03 14:48:40,547 [ThreadPoolExecutor-1_0] INFO volatility3.framework.automagic: Running automagic: SymbolCacheMagic
2026-06-03 14:48:40,570 [ThreadPoolExecutor-0_0] INFO volatility3.framework.automagic: Running automagic: ConstructionMagic
2026-06-03 14:48:40,585 [ThreadPoolExecutor-1_0] INFO volatility3.framework.automagic: Running automagic: ConstructionMagic
2026-06-03 14:48:40,606 [ThreadPoolExecutor-1_0] INFO volatility3.framework.automagic: Running automagic: LayerStacker
2026-06-03 14:48:40,606 [ThreadPoolExecutor-0_0] INFO volatility3.framework.automagic: Running automagic: LayerStacker
2026-06-03 14:48:40,619 [ThreadPoolExecutor-1_0] INFO volatility3.framework.automagic.linux: No Linux banners found - if this is a linux plugin, please check your symbol files location
2026-06-03 14:48:40,622 [ThreadPoolExecutor-1_0] INFO volatility3.framework.automagic.linux: No Linux banners found - if this is a linux plugin, please check your symbol files location
2026-06-03 14:48:40,625 [ThreadPoolExecutor-1_0] INFO volatility3.framework.automagic.mac: No Mac banners found - if this is a mac plugin, please check your symbol files location
2026-06-03 14:48:40,637 [ThreadPoolExecutor-0_0] INFO volatility3.framework.automagic.linux: No Linux banners found - if this is a linux plugin, please check your symbol files location
2026-06-03 14:48:40,644 [ThreadPoolExecutor-0_0] INFO volatility3.framework.automagic.linux: No Linux banners found - if this is a linux plugin, please check your symbol files location
2026-06-03 14:48:40,647 [ThreadPoolExecutor-0_0] INFO volatility3.framework.automagic.mac: No Mac banners found - if this is a mac plugin, please check your symbol files location
2026-06-03 14:48:42,675 [ThreadPoolExecutor-1_0] INFO volatility3.framework.automagic: Running automagic: WinSwapLayers
2026-06-03 14:48:42,676 [ThreadPoolExecutor-0_0] INFO volatility3.framework.automagic: Running automagic: WinSwapLayers
2026-06-03 14:48:42,678 [ThreadPoolExecutor-1_0] INFO volatility3.framework.automagic: Running automagic: KernelPDBScanner
2026-06-03 14:48:42,680 [ThreadPoolExecutor-0_0] INFO volatility3.framework.automagic: Running automagic: KernelPDBScanner
2026-06-03 14:48:42,751 [ThreadPoolExecutor-1_0] INFO volatility3.framework.symbols.windows.pdbconv: Download PDB file...
2026-06-03 14:48:42,756 [ThreadPoolExecutor-0_0] INFO volatility3.framework.symbols.windows.pdbconv: Download PDB file...
2026-06-03 14:48:43,617 [ThreadPoolExecutor-1_0] INFO volatility3.framework.automagic: Running automagic: SymbolFinder
2026-06-03 14:48:43,618 [ThreadPoolExecutor-1_0] INFO volatility3.framework.automagic: Running automagic: LinuxSymbolFinder
2026-06-03 14:48:43,619 [ThreadPoolExecutor-1_0] INFO volatility3.framework.automagic: Running automagic: MacSymbolFinder
2026-06-03 14:48:43,621 [ThreadPoolExecutor-1_0] INFO volatility3.framework.automagic: Running automagic: KernelModule
2026-06-03 14:48:43,622 [ThreadPoolExecutor-1_0] WARNING volatility3.framework.plugins: Automagic exception occurred: sqlite3.ProgrammingError: SQLite objects created in a thread can only be used in that same thread. The object was created in thread id 281472963440896 and this is thread id 281472615031040.
2026-06-03 14:48:43,623 [ThreadPoolExecutor-1_0] WARNING volatility3.framework.plugins: Automagic exception occurred: volatility3.framework.exceptions.InvalidAddressException: Offset outside of the buffer boundaries
2026-06-03 14:48:43,624 [mulder-job_1] INFO mulder.server.tools.extract.volatility: Volatility batch: pslist -> error
2026-06-03 14:48:43,625 [ThreadPoolExecutor-2_0] INFO volatility3.framework.automagic: Running automagic: SymbolCacheMagic
2026-06-03 14:48:43,646 [ThreadPoolExecutor-2_0] INFO volatility3.framework.automagic: Running automagic: ConstructionMagic
2026-06-03 14:48:43,649 [ThreadPoolExecutor-2_0] INFO volatility3.framework.automagic: Running automagic: LayerStacker
2026-06-03 14:48:43,651 [ThreadPoolExecutor-2_0] INFO volatility3.framework.automagic: Running automagic: WinSwapLayers
2026-06-03 14:48:43,653 [ThreadPoolExecutor-2_0] INFO volatility3.framework.automagic: Running automagic: KernelPDBScanner
2026-06-03 14:48:43,693 [ThreadPoolExecutor-2_0] INFO volatility3.framework.symbols.windows.pdbconv: Download PDB file...
2026-06-03 14:48:45,275 [MainThread] INFO mcp.server.lowlevel.server: Processing request of type CallToolRequest
2026-06-03 14:48:45,499 [AnyIO worker thread] INFO mulder.server.tools.extract.tsk: mmls failed on /evidence/xp-tdungan-10.3.58.7/xp-tdungan-c-drive/xp-tdungan-c-drive.E01: no_partition_table
2026-06-03 14:48:45,653 [MainThread] INFO mcp.server.lowlevel.server: Processing request of type CallToolRequest
2026-06-03 14:48:45,663 [MainThread] INFO mulder.server.app: Resource throttle: wait waiting (cpu=99%>=90.0%, waited 0s)
2026-06-03 14:48:50,680 [MainThread] INFO mulder.server.app: Resource throttle: wait waiting (cpu=100%>=90.0%, waited 5s)
2026-06-03 14:48:53,040 [ThreadPoolExecutor-0_0] INFO volatility3.framework.automagic: Running automagic: SymbolFinder
2026-06-03 14:48:53,043 [ThreadPoolExecutor-0_0] INFO volatility3.framework.automagic: Running automagic: LinuxSymbolFinder
2026-06-03 14:48:53,044 [ThreadPoolExecutor-0_0] INFO volatility3.framework.automagic: Running automagic: MacSymbolFinder
2026-06-03 14:48:53,045 [ThreadPoolExecutor-0_0] INFO volatility3.framework.automagic: Running automagic: KernelModule
2026-06-03 14:48:53,046 [ThreadPoolExecutor-0_0] WARNING volatility3.framework.plugins: Automagic exception occurred: sqlite3.ProgrammingError: SQLite objects created in a thread can only be used in that same thread. The object was created in thread id 281473183645952 and this is thread id 281472627896576.
2026-06-03 14:48:53,050 [ThreadPoolExecutor-0_0] WARNING volatility3.framework.plugins: Automagic exception occurred: EOFError: Compressed file ended before the end-of-stream marker was reached
2026-06-03 14:48:53,052 [mulder-job_0] INFO mulder.server.tools.extract.volatility: Volatility batch: pslist -> error
2026-06-03 14:48:53,056 [ThreadPoolExecutor-3_0] INFO volatility3.framework.automagic: Running automagic: SymbolCacheMagic
2026-06-03 14:48:53,090 [ThreadPoolExecutor-3_0] INFO volatility3.framework.automagic: Running automagic: ConstructionMagic
2026-06-03 14:48:53,093 [ThreadPoolExecutor-3_0] INFO volatility3.framework.automagic: Running automagic: LayerStacker
2026-06-03 14:48:53,100 [ThreadPoolExecutor-3_0] INFO volatility3.framework.automagic: Running automagic: WinSwapLayers
2026-06-03 14:48:53,101 [ThreadPoolExecutor-3_0] INFO volatility3.framework.automagic: Running automagic: KernelPDBScanner
2026-06-03 14:48:53,135 [ThreadPoolExecutor-3_0] INFO volatility3.framework.symbols.windows.pdbconv: Download PDB file...
2026-06-03 14:48:53,242 [ThreadPoolExecutor-2_0] INFO volatility3.framework.automagic: Running automagic: SymbolFinder
2026-06-03 14:48:53,245 [ThreadPoolExecutor-2_0] INFO volatility3.framework.automagic: Running automagic: LinuxSymbolFinder
2026-06-03 14:48:53,247 [ThreadPoolExecutor-2_0] INFO volatility3.framework.automagic: Running automagic: MacSymbolFinder
2026-06-03 14:48:53,248 [ThreadPoolExecutor-2_0] INFO volatility3.framework.automagic: Running automagic: KernelModule
2026-06-03 14:48:53,248 [ThreadPoolExecutor-2_0] WARNING volatility3.framework.plugins: Automagic exception occurred: sqlite3.ProgrammingError: SQLite objects created in a thread can only be used in that same thread. The object was created in thread id 281472963440896 and this is thread id 281472615031040.
2026-06-03 14:48:53,251 [ThreadPoolExecutor-2_0] WARNING volatility3.framework.plugins: Automagic exception occurred: _lzma.LZMAError: Input format not supported by decoder
2026-06-03 14:48:53,254 [mulder-job_1] INFO mulder.server.tools.extract.volatility: Volatility batch: pstree -> error
2026-06-03 14:48:53,258 [ThreadPoolExecutor-4_0] INFO volatility3.framework.automagic: Running automagic: SymbolCacheMagic
2026-06-03 14:48:53,299 [ThreadPoolExecutor-4_0] INFO volatility3.framework.automagic: Running automagic: ConstructionMagic
2026-06-03 14:48:53,316 [ThreadPoolExecutor-4_0] INFO volatility3.framework.automagic: Running automagic: LayerStacker
2026-06-03 14:48:53,321 [ThreadPoolExecutor-4_0] INFO volatility3.framework.automagic: Running automagic: WinSwapLayers
2026-06-03 14:48:53,322 [ThreadPoolExecutor-4_0] INFO volatility3.framework.automagic: Running automagic: KernelPDBScanner
2026-06-03 14:48:53,390 [ThreadPoolExecutor-4_0] INFO volatility3.framework.symbols.windows.pdbconv: Download PDB file...
2026-06-03 14:48:55,765 [MainThread] INFO mulder.server.app: Resource throttle: wait waiting (cpu=100%>=90.0%, waited 10s)
2026-06-03 14:48:58,485 [mulder-job_2] INFO mulder.server.jobs: Job job_9cdb7f70 (run_fls) completed
2026-06-03 14:48:58,497 [mulder-job_2] INFO mulder.server.jobs: [JOB_COMPLETE] run_fls|completed|
2026-06-03 14:49:00,795 [MainThread] INFO mulder.server.app: Resource throttle: wait waiting (cpu=100%>=90.0%, waited 15s)
2026-06-03 14:49:03,698 [ThreadPoolExecutor-3_0] INFO volatility3.framework.automagic: Running automagic: SymbolFinder
2026-06-03 14:49:03,699 [ThreadPoolExecutor-3_0] INFO volatility3.framework.automagic: Running automagic: LinuxSymbolFinder
2026-06-03 14:49:03,703 [ThreadPoolExecutor-3_0] INFO volatility3.framework.automagic: Running automagic: MacSymbolFinder
2026-06-03 14:49:03,704 [ThreadPoolExecutor-3_0] INFO volatility3.framework.automagic: Running automagic: KernelModule
2026-06-03 14:49:03,705 [ThreadPoolExecutor-3_0] WARNING volatility3.framework.plugins: Automagic exception occurred: sqlite3.ProgrammingError: SQLite objects created in a thread can only be used in that same thread. The object was created in thread id 281473183645952 and this is thread id 281472627896576.
2026-06-03 14:49:03,705 [ThreadPoolExecutor-3_0] WARNING volatility3.framework.plugins: Automagic exception occurred: _lzma.LZMAError: Corrupt input data
2026-06-03 14:49:03,706 [mulder-job_0] INFO mulder.server.tools.extract.volatility: Volatility batch: pstree -> error
2026-06-03 14:49:03,708 [ThreadPoolExecutor-5_0] INFO volatility3.framework.automagic: Running automagic: SymbolCacheMagic
2026-06-03 14:49:03,744 [ThreadPoolExecutor-5_0] INFO volatility3.framework.automagic: Running automagic: ConstructionMagic
2026-06-03 14:49:03,754 [ThreadPoolExecutor-5_0] INFO volatility3.framework.automagic: Running automagic: LayerStacker
2026-06-03 14:49:03,757 [ThreadPoolExecutor-5_0] INFO volatility3.framework.automagic: Running automagic: WinSwapLayers
2026-06-03 14:49:03,758 [ThreadPoolExecutor-5_0] INFO volatility3.framework.automagic: Running automagic: KernelPDBScanner
2026-06-03 14:49:03,803 [ThreadPoolExecutor-5_0] INFO volatility3.framework.symbols.windows.pdbconv: Download PDB file...
2026-06-03 14:49:03,804 [ThreadPoolExecutor-4_0] INFO volatility3.framework.automagic: Running automagic: SymbolFinder
2026-06-03 14:49:03,806 [ThreadPoolExecutor-4_0] INFO volatility3.framework.automagic: Running automagic: LinuxSymbolFinder
2026-06-03 14:49:03,809 [ThreadPoolExecutor-4_0] INFO volatility3.framework.automagic: Running automagic: MacSymbolFinder
2026-06-03 14:49:03,810 [ThreadPoolExecutor-4_0] INFO volatility3.framework.automagic: Running automagic: KernelModule
2026-06-03 14:49:03,810 [ThreadPoolExecutor-4_0] WARNING volatility3.framework.plugins: Automagic exception occurred: sqlite3.ProgrammingError: SQLite objects created in a thread can only be used in that same thread. The object was created in thread id 281472963440896 and this is thread id 281472602165504.
2026-06-03 14:49:03,814 [ThreadPoolExecutor-4_0] WARNING volatility3.framework.plugins: Automagic exception occurred: EOFError: Compressed file ended before the end-of-stream marker was reached
2026-06-03 14:49:03,814 [mulder-job_1] INFO mulder.server.tools.extract.volatility: Volatility batch: dlllist -> error
2026-06-03 14:49:03,816 [ThreadPoolExecutor-6_0] INFO volatility3.framework.automagic: Running automagic: SymbolCacheMagic
2026-06-03 14:49:03,849 [ThreadPoolExecutor-6_0] INFO volatility3.framework.automagic: Running automagic: ConstructionMagic
2026-06-03 14:49:03,854 [ThreadPoolExecutor-6_0] INFO volatility3.framework.automagic: Running automagic: LayerStacker
2026-06-03 14:49:03,856 [ThreadPoolExecutor-6_0] INFO volatility3.framework.automagic: Running automagic: WinSwapLayers
2026-06-03 14:49:03,857 [ThreadPoolExecutor-6_0] INFO volatility3.framework.automagic: Running automagic: KernelPDBScanner
2026-06-03 14:49:03,892 [ThreadPoolExecutor-6_0] INFO volatility3.framework.symbols.windows.pdbconv: Download PDB file...
2026-06-03 14:49:05,857 [MainThread] INFO mulder.server.app: Resource throttle: wait waiting (cpu=100%>=90.0%, waited 20s)
2026-06-03 14:49:10,907 [MainThread] INFO mulder.server.app: Resource throttle: wait waiting (cpu=100%>=90.0%, waited 25s)
2026-06-03 14:49:12,314 [ThreadPoolExecutor-5_0] INFO volatility3.framework.automagic: Running automagic: SymbolFinder
2026-06-03 14:49:12,318 [ThreadPoolExecutor-5_0] INFO volatility3.framework.automagic: Running automagic: LinuxSymbolFinder
2026-06-03 14:49:12,319 [ThreadPoolExecutor-5_0] INFO volatility3.framework.automagic: Running automagic: MacSymbolFinder
2026-06-03 14:49:12,323 [ThreadPoolExecutor-5_0] INFO volatility3.framework.automagic: Running automagic: KernelModule
2026-06-03 14:49:12,324 [ThreadPoolExecutor-5_0] WARNING volatility3.framework.plugins: Automagic exception occurred: sqlite3.ProgrammingError: SQLite objects created in a thread can only be used in that same thread. The object was created in thread id 281473183645952 and this is thread id 281472615031040.
2026-06-03 14:49:12,325 [ThreadPoolExecutor-5_0] WARNING volatility3.framework.plugins: Automagic exception occurred: _lzma.LZMAError: Corrupt input data
2026-06-03 14:49:12,330 [mulder-job_0] INFO mulder.server.tools.extract.volatility: Volatility batch: psscan -> error
2026-06-03 14:49:12,335 [ThreadPoolExecutor-7_0] INFO volatility3.framework.automagic: Running automagic: SymbolCacheMagic
2026-06-03 14:49:12,799 [ThreadPoolExecutor-7_0] INFO volatility3.framework.automagic: Running automagic: ConstructionMagic
2026-06-03 14:49:12,815 [ThreadPoolExecutor-7_0] INFO volatility3.framework.automagic: Running automagic: LayerStacker
2026-06-03 14:49:12,822 [ThreadPoolExecutor-7_0] INFO volatility3.framework.automagic: Running automagic: WinSwapLayers
2026-06-03 14:49:12,832 [ThreadPoolExecutor-7_0] INFO volatility3.framework.automagic: Running automagic: KernelPDBScanner
2026-06-03 14:49:12,925 [ThreadPoolExecutor-7_0] INFO volatility3.framework.symbols.windows.pdbconv: Download PDB file...
2026-06-03 14:49:14,042 [ThreadPoolExecutor-6_0] INFO volatility3.framework.automagic: Running automagic: SymbolFinder
2026-06-03 14:49:14,050 [ThreadPoolExecutor-6_0] INFO volatility3.framework.automagic: Running automagic: LinuxSymbolFinder
2026-06-03 14:49:14,054 [ThreadPoolExecutor-6_0] INFO volatility3.framework.automagic: Running automagic: MacSymbolFinder
2026-06-03 14:49:14,060 [ThreadPoolExecutor-6_0] INFO volatility3.framework.automagic: Running automagic: KernelModule
2026-06-03 14:49:14,123 [mulder-job_1] INFO mulder.server.tools.extract.volatility: Volatility batch: netscan -> error
2026-06-03 14:49:14,140 [ThreadPoolExecutor-8_0] INFO volatility3.framework.automagic: Running automagic: SymbolCacheMagic
2026-06-03 14:49:14,199 [ThreadPoolExecutor-8_0] INFO volatility3.framework.automagic: Running automagic: ConstructionMagic
2026-06-03 14:49:14,229 [ThreadPoolExecutor-8_0] INFO volatility3.framework.automagic: Running automagic: LayerStacker
2026-06-03 14:49:14,242 [ThreadPoolExecutor-8_0] INFO volatility3.framework.automagic: Running automagic: WinSwapLayers
2026-06-03 14:49:14,249 [ThreadPoolExecutor-8_0] INFO volatility3.framework.automagic: Running automagic: KernelPDBScanner
2026-06-03 14:49:14,481 [ThreadPoolExecutor-8_0] INFO volatility3.framework.symbols.windows.pdbconv: Download PDB file...
2026-06-03 14:49:15,953 [MainThread] INFO mulder.server.app: Resource throttle: wait waiting (cpu=100%>=90.0%, waited 30s)
2026-06-03 14:49:20,970 [MainThread] INFO mulder.server.app: Resource throttle: wait waiting (cpu=100%>=90.0%, waited 35s)
2026-06-03 14:49:22,424 [ThreadPoolExecutor-8_0] INFO volatility3.framework.automagic: Running automagic: SymbolFinder
2026-06-03 14:49:22,438 [ThreadPoolExecutor-8_0] INFO volatility3.framework.automagic: Running automagic: LinuxSymbolFinder
2026-06-03 14:49:22,444 [ThreadPoolExecutor-8_0] INFO volatility3.framework.automagic: Running automagic: MacSymbolFinder
2026-06-03 14:49:22,450 [ThreadPoolExecutor-8_0] INFO volatility3.framework.automagic: Running automagic: KernelModule
2026-06-03 14:49:22,456 [ThreadPoolExecutor-8_0] WARNING volatility3.framework.plugins: Automagic exception occurred: sqlite3.ProgrammingError: SQLite objects created in a thread can only be used in that same thread. The object was created in thread id 281472963440896 and this is thread id 281472602165504.
2026-06-03 14:49:22,464 [ThreadPoolExecutor-8_0] WARNING volatility3.framework.plugins: Automagic exception occurred: EOFError: Compressed file ended before the end-of-stream marker was reached
2026-06-03 14:49:22,475 [mulder-job_1] INFO mulder.server.tools.extract.volatility: Volatility batch: svcscan -> error
2026-06-03 14:49:22,488 [ThreadPoolExecutor-9_0] INFO volatility3.framework.automagic: Running automagic: SymbolCacheMagic
2026-06-03 14:49:22,751 [ThreadPoolExecutor-9_0] INFO volatility3.framework.automagic: Running automagic: ConstructionMagic
2026-06-03 14:49:22,838 [ThreadPoolExecutor-9_0] INFO volatility3.framework.automagic: Running automagic: LayerStacker
2026-06-03 14:49:22,845 [ThreadPoolExecutor-9_0] INFO volatility3.framework.automagic: Running automagic: WinSwapLayers
2026-06-03 14:49:22,851 [ThreadPoolExecutor-9_0] INFO volatility3.framework.automagic: Running automagic: KernelPDBScanner
2026-06-03 14:49:22,853 [ThreadPoolExecutor-7_0] INFO volatility3.framework.automagic: Running automagic: SymbolFinder
2026-06-03 14:49:22,854 [ThreadPoolExecutor-7_0] INFO volatility3.framework.automagic: Running automagic: LinuxSymbolFinder
2026-06-03 14:49:22,855 [ThreadPoolExecutor-7_0] INFO volatility3.framework.automagic: Running automagic: MacSymbolFinder
2026-06-03 14:49:22,858 [ThreadPoolExecutor-7_0] INFO volatility3.framework.automagic: Running automagic: KernelModule
2026-06-03 14:49:22,881 [mulder-job_0] INFO mulder.server.tools.extract.volatility: Volatility batch: cmdline -> header_only
2026-06-03 14:49:22,884 [ThreadPoolExecutor-10_0] INFO volatility3.framework.automagic: Running automagic: SymbolCacheMagic
2026-06-03 14:49:22,928 [ThreadPoolExecutor-9_0] INFO volatility3.framework.symbols.windows.pdbconv: Download PDB file...
2026-06-03 14:49:22,931 [ThreadPoolExecutor-10_0] INFO volatility3.framework.automagic: Running automagic: ConstructionMagic
2026-06-03 14:49:22,937 [ThreadPoolExecutor-10_0] INFO volatility3.framework.automagic: Running automagic: LayerStacker
2026-06-03 14:49:22,938 [ThreadPoolExecutor-10_0] INFO volatility3.framework.automagic: Running automagic: WinSwapLayers
2026-06-03 14:49:22,939 [ThreadPoolExecutor-10_0] INFO volatility3.framework.automagic: Running automagic: KernelPDBScanner
2026-06-03 14:49:22,981 [ThreadPoolExecutor-10_0] INFO volatility3.framework.symbols.windows.pdbconv: Download PDB file...
2026-06-03 14:49:25,987 [MainThread] INFO mulder.server.app: Resource throttle: wait waiting (cpu=100%>=90.0%, waited 40s)
2026-06-03 14:49:31,002 [MainThread] INFO mulder.server.app: Resource throttle: wait waiting (cpu=100%>=90.0%, waited 45s)
2026-06-03 14:49:32,052 [ThreadPoolExecutor-9_0] INFO volatility3.framework.automagic: Running automagic: SymbolFinder
2026-06-03 14:49:32,056 [ThreadPoolExecutor-9_0] INFO volatility3.framework.automagic: Running automagic: LinuxSymbolFinder
2026-06-03 14:49:32,057 [ThreadPoolExecutor-9_0] INFO volatility3.framework.automagic: Running automagic: MacSymbolFinder
2026-06-03 14:49:32,058 [ThreadPoolExecutor-9_0] INFO volatility3.framework.automagic: Running automagic: KernelModule
2026-06-03 14:49:32,060 [ThreadPoolExecutor-9_0] WARNING volatility3.framework.plugins: Automagic exception occurred: sqlite3.ProgrammingError: SQLite objects created in a thread can only be used in that same thread. The object was created in thread id 281472963440896 and this is thread id 281472602165504.
2026-06-03 14:49:32,062 [ThreadPoolExecutor-9_0] WARNING volatility3.framework.plugins: Automagic exception occurred: _lzma.LZMAError: Corrupt input data
2026-06-03 14:49:32,063 [mulder-job_1] INFO mulder.server.tools.extract.volatility: Volatility batch: modules -> error
2026-06-03 14:49:32,074 [mulder-job_1] INFO mulder.server.jobs: Job job_dac0954e (run_volatility_batch) completed
2026-06-03 14:49:32,078 [mulder-job_1] INFO mulder.server.jobs: [JOB_COMPLETE] run_volatility_batch|completed|
2026-06-03 14:49:33,481 [ThreadPoolExecutor-10_0] INFO volatility3.framework.automagic: Running automagic: SymbolFinder
2026-06-03 14:49:33,483 [ThreadPoolExecutor-10_0] INFO volatility3.framework.automagic: Running automagic: LinuxSymbolFinder
2026-06-03 14:49:33,483 [ThreadPoolExecutor-10_0] INFO volatility3.framework.automagic: Running automagic: MacSymbolFinder
2026-06-03 14:49:33,484 [ThreadPoolExecutor-10_0] INFO volatility3.framework.automagic: Running automagic: KernelModule
2026-06-03 14:49:33,507 [mulder-job_0] INFO mulder.server.tools.extract.volatility: Volatility batch: netscan -> error
2026-06-03 14:49:33,509 [ThreadPoolExecutor-11_0] INFO volatility3.framework.automagic: Running automagic: SymbolCacheMagic
2026-06-03 14:49:33,582 [ThreadPoolExecutor-11_0] INFO volatility3.framework.automagic: Running automagic: ConstructionMagic
2026-06-03 14:49:33,586 [ThreadPoolExecutor-11_0] INFO volatility3.framework.automagic: Running automagic: LayerStacker
2026-06-03 14:49:33,590 [ThreadPoolExecutor-11_0] INFO volatility3.framework.automagic: Running automagic: WinSwapLayers
2026-06-03 14:49:33,594 [ThreadPoolExecutor-11_0] INFO volatility3.framework.automagic: Running automagic: KernelPDBScanner
2026-06-03 14:49:33,656 [ThreadPoolExecutor-11_0] INFO volatility3.framework.symbols.windows.pdbconv: Download PDB file...
2026-06-03 14:49:36,030 [MainThread] INFO mulder.server.app: Resource throttle: wait waiting (cpu=100%>=90.0%, waited 50s)
2026-06-03 14:49:40,890 [ThreadPoolExecutor-11_0] INFO volatility3.framework.automagic: Running automagic: SymbolFinder
2026-06-03 14:49:40,892 [ThreadPoolExecutor-11_0] INFO volatility3.framework.automagic: Running automagic: LinuxSymbolFinder
2026-06-03 14:49:40,896 [ThreadPoolExecutor-11_0] INFO volatility3.framework.automagic: Running automagic: MacSymbolFinder
2026-06-03 14:49:40,896 [ThreadPoolExecutor-11_0] INFO volatility3.framework.automagic: Running automagic: KernelModule
2026-06-03 14:49:40,935 [mulder-job_0] INFO mulder.server.tools.extract.volatility: Volatility batch: malfind -> header_only
2026-06-03 14:49:40,939 [ThreadPoolExecutor-12_0] INFO volatility3.framework.automagic: Running automagic: SymbolCacheMagic
2026-06-03 14:49:40,976 [ThreadPoolExecutor-12_0] INFO volatility3.framework.automagic: Running automagic: ConstructionMagic
2026-06-03 14:49:40,990 [ThreadPoolExecutor-12_0] INFO volatility3.framework.automagic: Running automagic: LayerStacker
2026-06-03 14:49:40,995 [ThreadPoolExecutor-12_0] INFO volatility3.framework.automagic: Running automagic: WinSwapLayers
2026-06-03 14:49:40,995 [ThreadPoolExecutor-12_0] INFO volatility3.framework.automagic: Running automagic: KernelPDBScanner
2026-06-03 14:49:41,042 [MainThread] INFO mulder.server.app: Resource throttle: wait waiting (cpu=100%>=90.0%, waited 55s)
2026-06-03 14:49:41,043 [ThreadPoolExecutor-12_0] INFO volatility3.framework.symbols.windows.pdbconv: Download PDB file...
2026-06-03 14:49:46,075 [MainThread] INFO mulder.server.app: Resource throttle: wait waiting (cpu=100%>=90.0%, waited 60s)
2026-06-03 14:49:48,401 [ThreadPoolExecutor-12_0] INFO volatility3.framework.automagic: Running automagic: SymbolFinder
2026-06-03 14:49:48,406 [ThreadPoolExecutor-12_0] INFO volatility3.framework.automagic: Running automagic: LinuxSymbolFinder
2026-06-03 14:49:48,407 [ThreadPoolExecutor-12_0] INFO volatility3.framework.automagic: Running automagic: MacSymbolFinder
2026-06-03 14:49:48,407 [ThreadPoolExecutor-12_0] INFO volatility3.framework.automagic: Running automagic: KernelModule
2026-06-03 14:49:48,470 [mulder-job_0] INFO mulder.server.tools.extract.volatility: Volatility batch: dlllist -> header_only
2026-06-03 14:49:48,472 [ThreadPoolExecutor-13_0] INFO volatility3.framework.automagic: Running automagic: SymbolCacheMagic
2026-06-03 14:49:48,516 [ThreadPoolExecutor-13_0] INFO volatility3.framework.automagic: Running automagic: ConstructionMagic
2026-06-03 14:49:48,523 [ThreadPoolExecutor-13_0] INFO volatility3.framework.automagic: Running automagic: LayerStacker
2026-06-03 14:49:48,527 [ThreadPoolExecutor-13_0] INFO volatility3.framework.automagic: Running automagic: WinSwapLayers
2026-06-03 14:49:48,528 [ThreadPoolExecutor-13_0] INFO volatility3.framework.automagic: Running automagic: KernelPDBScanner
2026-06-03 14:49:48,567 [ThreadPoolExecutor-13_0] INFO volatility3.framework.symbols.windows.pdbconv: Download PDB file...
2026-06-03 14:49:51,182 [MainThread] INFO mulder.server.app: Resource throttle: wait waiting (cpu=100%>=90.0%, waited 65s)
2026-06-03 14:49:55,848 [ThreadPoolExecutor-13_0] INFO volatility3.framework.automagic: Running automagic: SymbolFinder
2026-06-03 14:49:55,850 [ThreadPoolExecutor-13_0] INFO volatility3.framework.automagic: Running automagic: LinuxSymbolFinder
2026-06-03 14:49:55,851 [ThreadPoolExecutor-13_0] INFO volatility3.framework.automagic: Running automagic: MacSymbolFinder
2026-06-03 14:49:55,851 [ThreadPoolExecutor-13_0] INFO volatility3.framework.automagic: Running automagic: KernelModule
2026-06-03 14:49:56,205 [MainThread] INFO mulder.server.app: Resource throttle: wait waiting (cpu=100%>=90.0%, waited 70s)
2026-06-03 14:50:01,246 [MainThread] INFO mulder.server.app: Resource throttle: wait waiting (cpu=98%>=90.0%, waited 75s)
2026-06-03 14:50:06,305 [MainThread] INFO mulder.server.app: Resource throttle: wait waiting (cpu=100%>=90.0%, waited 80s)
2026-06-03 14:50:09,756 [mulder-job_0] INFO mulder.server.tools.extract.volatility: Volatility batch: filescan -> header_only
2026-06-03 14:50:09,763 [ThreadPoolExecutor-14_0] INFO volatility3.framework.automagic: Running automagic: SymbolCacheMagic
2026-06-03 14:50:09,814 [ThreadPoolExecutor-14_0] INFO volatility3.framework.automagic: Running automagic: ConstructionMagic
2026-06-03 14:50:09,822 [ThreadPoolExecutor-14_0] INFO volatility3.framework.automagic: Running automagic: LayerStacker
2026-06-03 14:50:09,826 [ThreadPoolExecutor-14_0] INFO volatility3.framework.automagic: Running automagic: WinSwapLayers
2026-06-03 14:50:09,827 [ThreadPoolExecutor-14_0] INFO volatility3.framework.automagic: Running automagic: KernelPDBScanner
2026-06-03 14:50:09,883 [ThreadPoolExecutor-14_0] INFO volatility3.framework.symbols.windows.pdbconv: Download PDB file...
2026-06-03 14:50:11,314 [MainThread] INFO mulder.server.app: Resource throttle: wait waiting (cpu=99%>=90.0%, waited 85s)
2026-06-03 14:50:16,322 [MainThread] INFO mulder.server.app: Resource throttle: wait waiting (cpu=100%>=90.0%, waited 90s)
2026-06-03 14:50:17,316 [ThreadPoolExecutor-14_0] INFO volatility3.framework.automagic: Running automagic: SymbolFinder
2026-06-03 14:50:17,317 [ThreadPoolExecutor-14_0] INFO volatility3.framework.automagic: Running automagic: LinuxSymbolFinder
2026-06-03 14:50:17,318 [ThreadPoolExecutor-14_0] INFO volatility3.framework.automagic: Running automagic: MacSymbolFinder
2026-06-03 14:50:17,318 [ThreadPoolExecutor-14_0] INFO volatility3.framework.automagic: Running automagic: KernelModule
2026-06-03 14:50:17,497 [mulder-job_0] INFO mulder.server.tools.extract.volatility: Volatility batch: svcscan -> header_only
2026-06-03 14:50:17,498 [ThreadPoolExecutor-15_0] INFO volatility3.framework.automagic: Running automagic: SymbolCacheMagic
2026-06-03 14:50:17,517 [ThreadPoolExecutor-15_0] INFO volatility3.framework.automagic: Running automagic: ConstructionMagic
2026-06-03 14:50:17,522 [ThreadPoolExecutor-15_0] INFO volatility3.framework.automagic: Running automagic: LayerStacker
2026-06-03 14:50:17,524 [ThreadPoolExecutor-15_0] INFO volatility3.framework.automagic: Running automagic: WinSwapLayers
2026-06-03 14:50:17,524 [ThreadPoolExecutor-15_0] INFO volatility3.framework.automagic: Running automagic: KernelPDBScanner
2026-06-03 14:50:17,550 [ThreadPoolExecutor-15_0] INFO volatility3.framework.symbols.windows.pdbconv: Download PDB file...
2026-06-03 14:50:23,465 [ThreadPoolExecutor-15_0] INFO volatility3.framework.automagic: Running automagic: SymbolFinder
2026-06-03 14:50:23,466 [ThreadPoolExecutor-15_0] INFO volatility3.framework.automagic: Running automagic: LinuxSymbolFinder
2026-06-03 14:50:23,467 [ThreadPoolExecutor-15_0] INFO volatility3.framework.automagic: Running automagic: MacSymbolFinder
2026-06-03 14:50:23,467 [ThreadPoolExecutor-15_0] INFO volatility3.framework.automagic: Running automagic: KernelModule
2026-06-03 14:50:23,490 [mulder-job_0] INFO mulder.server.tools.extract.volatility: Volatility batch: envars -> header_only
2026-06-03 14:50:23,492 [ThreadPoolExecutor-16_0] INFO volatility3.framework.automagic: Running automagic: SymbolCacheMagic
2026-06-03 14:50:23,525 [ThreadPoolExecutor-16_0] INFO volatility3.framework.automagic: Running automagic: ConstructionMagic
2026-06-03 14:50:23,534 [ThreadPoolExecutor-16_0] INFO volatility3.framework.automagic: Running automagic: LayerStacker
2026-06-03 14:50:23,538 [ThreadPoolExecutor-16_0] INFO volatility3.framework.automagic: Running automagic: WinSwapLayers
2026-06-03 14:50:23,539 [ThreadPoolExecutor-16_0] INFO volatility3.framework.automagic: Running automagic: KernelPDBScanner
2026-06-03 14:50:23,574 [ThreadPoolExecutor-16_0] INFO volatility3.framework.symbols.windows.pdbconv: Download PDB file...
2026-06-03 14:50:31,501 [ThreadPoolExecutor-16_0] INFO volatility3.framework.automagic: Running automagic: SymbolFinder
2026-06-03 14:50:31,506 [ThreadPoolExecutor-16_0] INFO volatility3.framework.automagic: Running automagic: LinuxSymbolFinder
2026-06-03 14:50:31,506 [ThreadPoolExecutor-16_0] INFO volatility3.framework.automagic: Running automagic: MacSymbolFinder
2026-06-03 14:50:31,507 [ThreadPoolExecutor-16_0] INFO volatility3.framework.automagic: Running automagic: KernelModule
2026-06-03 14:50:31,550 [mulder-job_0] INFO mulder.server.tools.extract.volatility: Volatility batch: handles -> header_only
2026-06-03 14:50:31,552 [ThreadPoolExecutor-17_0] INFO volatility3.framework.automagic: Running automagic: SymbolCacheMagic
2026-06-03 14:50:31,586 [ThreadPoolExecutor-17_0] INFO volatility3.framework.automagic: Running automagic: ConstructionMagic
2026-06-03 14:50:31,595 [ThreadPoolExecutor-17_0] INFO volatility3.framework.automagic: Running automagic: LayerStacker
2026-06-03 14:50:31,599 [ThreadPoolExecutor-17_0] INFO volatility3.framework.automagic: Running automagic: WinSwapLayers
2026-06-03 14:50:31,600 [ThreadPoolExecutor-17_0] INFO volatility3.framework.automagic: Running automagic: KernelPDBScanner
2026-06-03 14:50:31,637 [ThreadPoolExecutor-17_0] INFO volatility3.framework.symbols.windows.pdbconv: Download PDB file...
2026-06-03 14:50:39,370 [ThreadPoolExecutor-17_0] INFO volatility3.framework.automagic: Running automagic: SymbolFinder
2026-06-03 14:50:39,373 [ThreadPoolExecutor-17_0] INFO volatility3.framework.automagic: Running automagic: LinuxSymbolFinder
2026-06-03 14:50:39,374 [ThreadPoolExecutor-17_0] INFO volatility3.framework.automagic: Running automagic: MacSymbolFinder
2026-06-03 14:50:39,375 [ThreadPoolExecutor-17_0] INFO volatility3.framework.automagic: Running automagic: KernelModule
2026-06-03 14:50:43,018 [mulder-job_0] INFO mulder.server.tools.extract.volatility: Volatility batch: modscan -> indexed
2026-06-03 14:50:43,023 [ThreadPoolExecutor-18_0] INFO volatility3.framework.automagic: Running automagic: SymbolCacheMagic
2026-06-03 14:50:43,063 [ThreadPoolExecutor-18_0] INFO volatility3.framework.automagic: Running automagic: ConstructionMagic
2026-06-03 14:50:43,076 [ThreadPoolExecutor-18_0] INFO volatility3.framework.automagic: Running automagic: LayerStacker
2026-06-03 14:50:43,077 [ThreadPoolExecutor-18_0] INFO volatility3.framework.automagic: Running automagic: WinSwapLayers
2026-06-03 14:50:43,081 [ThreadPoolExecutor-18_0] INFO volatility3.framework.automagic: Running automagic: KernelPDBScanner
2026-06-03 14:50:43,118 [ThreadPoolExecutor-18_0] INFO volatility3.framework.symbols.windows.pdbconv: Download PDB file...
2026-06-03 14:50:50,977 [ThreadPoolExecutor-18_0] INFO volatility3.framework.automagic: Running automagic: SymbolFinder
2026-06-03 14:50:50,983 [ThreadPoolExecutor-18_0] INFO volatility3.framework.automagic: Running automagic: LinuxSymbolFinder
2026-06-03 14:50:50,984 [ThreadPoolExecutor-18_0] INFO volatility3.framework.automagic: Running automagic: MacSymbolFinder
2026-06-03 14:50:50,984 [ThreadPoolExecutor-18_0] INFO volatility3.framework.automagic: Running automagic: KernelModule
2026-06-03 14:50:51,164 [mulder-job_0] INFO mulder.server.tools.extract.volatility: Volatility batch: modules -> header_only
2026-06-03 14:50:51,166 [mulder-job_0] INFO mulder.server.jobs: Job job_b25a5721 (run_volatility_batch) completed
2026-06-03 14:50:51,170 [mulder-job_0] INFO mulder.server.jobs: [JOB_COMPLETE] run_volatility_batch|completed|
2026-06-03 14:52:17,074 [mulder-job_3] INFO mulder.server.jobs: Job job_62aa33d9 (run_bulk_extractor) completed
2026-06-03 14:52:17,078 [mulder-job_3] INFO mulder.server.jobs: [JOB_COMPLETE] run_bulk_extractor|completed|
2026-06-03 14:52:17,083 [MainThread] INFO mcp.server.lowlevel.server: Warning: FutureWarning: This API (volatility3.plugins.windows.malware.malfind.Malfind.run) will be removed in the first release after 2026-06-07. This plugin has been renamed, please call volatility3.plugins.windows.malware.malfind.Malfind rather than volatility3.plugins.windows.malfind.Malfind.
2026-06-03 14:52:22,707 [MainThread] INFO mcp.server.lowlevel.server: Processing request of type CallToolRequest
2026-06-03 14:52:22,722 [MainThread] INFO mcp.server.lowlevel.server: Processing request of type CallToolRequest
2026-06-03 14:52:22,735 [AnyIO worker thread] INFO mulder.server.tools.yara: Updated YARA rules: signature-base
2026-06-03 14:52:25,353 [AnyIO worker thread] INFO mulder.server.tools.yara: YARA rule validation: 731/744 files valid (individual)
2026-06-03 14:53:45,299 [MainThread] INFO mcp.server.lowlevel.server: Processing request of type CallToolRequest
2026-06-03 14:53:45,344 [AnyIO worker thread] INFO mulder.server.jobs: Submitted batch bg_0386e3f2 with 6 jobs: ['run_registry_parser', 'run_prefetch_parser', 'run_shimcache_parser', 'run_mft_parser', 'run_evtx_parser', 'run_mactime']
2026-06-03 14:53:45,770 [mulder-job_0] WARNING mulder.extractors.disk: ewfmount failed on /evidence/xp-tdungan-10.3.58.7/xp-tdungan-c-drive/xp-tdungan-c-drive.E01: Command '['ewfmount', '/evidence/xp-tdungan-10.3.58.7/xp-tdungan-c-drive/xp-tdungan-c-drive.E01', '/tmp/mulder_mount_p2xa4zkt/_ewf']' returned non-zero exit status 1. No sub system to mount EWF format.

2026-06-03 14:53:45,987 [mulder-job_0] WARNING mulder.extractors.disk: guestmount failed on E01 /evidence/xp-tdungan-10.3.58.7/xp-tdungan-c-drive/xp-tdungan-c-drive.E01: Command '['guestmount', '-a', '/evidence/xp-tdungan-10.3.58.7/xp-tdungan-c-drive/xp-tdungan-c-drive.E01', '-i', '--ro', '/tmp/mulder_mount_p2xa4zkt']' returned non-zero exit status 1.
2026-06-03 14:53:45,990 [mulder-job_0] ERROR mulder.extractors.disk: Could not mount E01 /evidence/xp-tdungan-10.3.58.7/xp-tdungan-c-drive/xp-tdungan-c-drive.E01 (tried ewfmount+mount and guestmount)
2026-06-03 14:53:53,357 [MainThread] INFO mcp.server.lowlevel.server: Processing request of type CallToolRequest
2026-06-03 14:53:59,283 [MainThread] INFO mcp.server.lowlevel.server: Processing request of type CallToolRequest
2026-06-03 14:54:02,621 [mulder-job_4] INFO mulder.server.jobs: Job job_f94a7f18 (run_mft_parser) completed
2026-06-03 14:54:02,623 [mulder-job_4] INFO mulder.server.jobs: [JOB_COMPLETE] run_mft_parser|completed|
2026-06-03 14:54:20,365 [mulder-job_5] INFO mulder.server.jobs: Job job_31dcc3c8 (run_mactime) completed
2026-06-03 14:54:20,369 [mulder-job_5] INFO mulder.server.jobs: [JOB_COMPLETE] run_mactime|completed|
2026-06-03 14:54:36,386 [mulder-job_1] WARNING mulder.server.jobs: Job job_9f3c4b45 (run_prefetch_parser) returned error: PECmd.dll produced no CSV output
2026-06-03 14:54:36,388 [mulder-job_1] INFO mulder.server.jobs: [JOB_COMPLETE] run_prefetch_parser|failed|PECmd.dll produced no CSV output
2026-06-03 14:54:48,688 [mulder-job_3] INFO mulder.server.jobs: Job job_232fc612 (run_evtx_parser) completed
2026-06-03 14:54:48,689 [mulder-job_3] INFO mulder.server.jobs: [JOB_COMPLETE] run_evtx_parser|completed|
2026-06-03 14:54:54,641 [mulder-job_0] INFO mulder.server.jobs: Job job_e1aecf92 (run_shimcache_parser) completed
2026-06-03 14:54:54,643 [mulder-job_0] INFO mulder.server.jobs: [JOB_COMPLETE] run_shimcache_parser|completed|
2026-06-03 14:56:13,506 [mulder-job_2] INFO mulder.server.jobs: Job job_43b7ffc0 (run_registry_parser) completed
2026-06-03 14:56:13,508 [mulder-job_2] INFO mulder.server.jobs: [JOB_COMPLETE] run_registry_parser|completed|
2026-06-03 14:56:18,853 [MainThread] INFO mcp.server.lowlevel.server: Processing request of type CallToolRequest
2026-06-03 14:56:19,348 [MainThread] INFO mcp.server.lowlevel.server: Processing request of type CallToolRequest
2026-06-03 14:56:19,404 [AnyIO worker thread] WARNING mulder.extractors.disk: ewfmount failed on /evidence/xp-tdungan-10.3.58.7/xp-tdungan-c-drive/xp-tdungan-c-drive.E01: Command '['ewfmount', '/evidence/xp-tdungan-10.3.58.7/xp-tdungan-c-drive/xp-tdungan-c-drive.E01', '/tmp/mulder_mount_13nfm410/_ewf']' returned non-zero exit status 1. No sub system to mount EWF format.

2026-06-03 14:56:19,594 [AnyIO worker thread] WARNING mulder.extractors.disk: guestmount failed on E01 /evidence/xp-tdungan-10.3.58.7/xp-tdungan-c-drive/xp-tdungan-c-drive.E01: Command '['guestmount', '-a', '/evidence/xp-tdungan-10.3.58.7/xp-tdungan-c-drive/xp-tdungan-c-drive.E01', '-i', '--ro', '/tmp/mulder_mount_13nfm410']' returned non-zero exit status 1.
2026-06-03 14:56:19,595 [AnyIO worker thread] ERROR mulder.extractors.disk: Could not mount E01 /evidence/xp-tdungan-10.3.58.7/xp-tdungan-c-drive/xp-tdungan-c-drive.E01 (tried ewfmount+mount and guestmount)
2026-06-03 14:57:09,418 [MainThread] INFO mcp.server.lowlevel.server: Processing request of type CallToolRequest
2026-06-03 14:57:09,440 [AnyIO worker thread] INFO mulder.server.jobs: Submitted batch bg_aa260633 with 2 jobs: ['run_hayabusa', 'run_chainsaw']
2026-06-03 14:57:09,458 [mulder-job_4] INFO mulder.server.jobs: Job job_bc693b31 (run_hayabusa) completed
2026-06-03 14:57:09,459 [mulder-job_4] INFO mulder.server.jobs: [JOB_COMPLETE] run_hayabusa|completed|
2026-06-03 14:57:09,473 [mulder-job_5] INFO mulder.server.jobs: Job job_01bb156a (run_chainsaw) completed
2026-06-03 14:57:09,473 [mulder-job_5] INFO mulder.server.jobs: [JOB_COMPLETE] run_chainsaw|completed|
2026-06-03 14:57:13,615 [MainThread] INFO mcp.server.lowlevel.server: Processing request of type CallToolRequest
2026-06-03 14:57:17,393 [MainThread] INFO mcp.server.lowlevel.server: Processing request of type CallToolRequest
2026-06-03 14:57:39,563 [MainThread] INFO mulder.server.app: Mulder MCP server ready (db_dir=/home/mulder/.mulder/cases)
2026-06-03 14:57:39,583 [MainThread] INFO mcp.server.lowlevel.server: Processing request of type ListToolsRequest
2026-06-03 14:57:39,585 [MainThread] INFO mcp.server.lowlevel.server: Processing request of type ListPromptsRequest
2026-06-03 14:57:39,586 [MainThread] INFO mcp.server.lowlevel.server: Processing request of type ListResourcesRequest
2026-06-03 14:57:45,981 [MainThread] INFO mcp.server.lowlevel.server: Processing request of type CallToolRequest
2026-06-03 14:57:45,984 [AnyIO worker thread] INFO mulder.server.app: Opening case database for 'SRL-2015' ...
2026-06-03 14:57:46,016 [AnyIO worker thread] INFO mulder.server.app: Server context ready for case 'SRL-2015'
2026-06-03 14:57:46,116 [MainThread] INFO mcp.server.lowlevel.server: Processing request of type CallToolRequest
2026-06-03 14:57:52,453 [MainThread] INFO mulder.server.app: Mulder MCP server ready (db_dir=/home/mulder/.mulder/cases)
2026-06-03 14:57:52,472 [MainThread] INFO mcp.server.lowlevel.server: Processing request of type ListToolsRequest
2026-06-03 14:57:52,474 [MainThread] INFO mcp.server.lowlevel.server: Processing request of type ListPromptsRequest
2026-06-03 14:57:52,475 [MainThread] INFO mcp.server.lowlevel.server: Processing request of type ListResourcesRequest
2026-06-03 14:57:58,595 [MainThread] INFO mcp.server.lowlevel.server: Processing request of type CallToolRequest
2026-06-03 14:58:02,453 [MainThread] INFO mcp.server.lowlevel.server: Processing request of type CallToolRequest
2026-06-03 14:58:06,425 [MainThread] INFO mcp.server.lowlevel.server: Processing request of type CallToolRequest
2026-06-03 14:58:06,428 [AnyIO worker thread] INFO mulder.server.app: Opening case database for 'SRL-2015' ...
2026-06-03 14:58:06,440 [AnyIO worker thread] INFO mulder.server.app: Server context ready for case 'SRL-2015'
2026-06-03 14:58:12,292 [MainThread] INFO mcp.server.lowlevel.server: Processing request of type CallToolRequest
2026-06-03 14:58:12,324 [MainThread] INFO mcp.server.lowlevel.server: Processing request of type CallToolRequest
2026-06-03 14:58:24,340 [MainThread] INFO mcp.server.lowlevel.server: Processing request of type CallToolRequest
2026-06-03 14:58:35,906 [MainThread] INFO mcp.server.lowlevel.server: Processing request of type CallToolRequest
2026-06-03 14:58:36,215 [MainThread] INFO mcp.server.lowlevel.server: Processing request of type CallToolRequest
2026-06-03 14:58:36,246 [MainThread] INFO mcp.server.lowlevel.server: Processing request of type CallToolRequest
2026-06-03 14:58:47,296 [MainThread] INFO mcp.server.lowlevel.server: Processing request of type CallToolRequest
2026-06-03 14:58:48,160 [MainThread] INFO mcp.server.lowlevel.server: Processing request of type CallToolRequest
2026-06-03 14:58:49,901 [MainThread] INFO mcp.server.lowlevel.server: Processing request of type CallToolRequest
2026-06-03 14:59:03,022 [MainThread] INFO mcp.server.lowlevel.server: Processing request of type CallToolRequest
2026-06-03 14:59:03,885 [MainThread] INFO mcp.server.lowlevel.server: Processing request of type CallToolRequest
2026-06-03 14:59:03,995 [MainThread] INFO mcp.server.lowlevel.server: Processing request of type CallToolRequest
2026-06-03 14:59:31,519 [MainThread] INFO mcp.server.lowlevel.server: Processing request of type CallToolRequest
2026-06-03 14:59:31,943 [MainThread] INFO mcp.server.lowlevel.server: Processing request of type CallToolRequest
2026-06-03 14:59:31,949 [AnyIO worker thread] WARNING mulder.db: FTS5 COUNT failed for query 'WINDOWS\\\\system32', returning 0
Traceback (most recent call last):
  File "/usr/local/lib/python3.12/dist-packages/sqlalchemy/engine/base.py", line 1969, in _exec_single_context
    self.dialect.do_execute(
  File "/usr/local/lib/python3.12/dist-packages/sqlalchemy/engine/default.py", line 952, in do_execute
    cursor.execute(statement, parameters)
sqlite3.OperationalError: fts5: syntax error near "\"

The above exception was the direct cause of the following exception:

Traceback (most recent call last):
  File "/app/src/mulder/db.py", line 699, in count_search_windows
    result = conn.execute(stmt, {"q": safe_query}).scalar()
             ^^^^^^^^^^^^^^^^^^^^^^^^^^^^^^^^^^^^^
  File "/usr/local/lib/python3.12/dist-packages/sqlalchemy/engine/base.py", line 1421, in execute
    return meth(
           ^^^^^
  File "/usr/local/lib/python3.12/dist-packages/sqlalchemy/sql/elements.py", line 526, in _execute_on_connection
    return connection._execute_clauseelement(
           ^^^^^^^^^^^^^^^^^^^^^^^^^^^^^^^^^^
  File "/usr/local/lib/python3.12/dist-packages/sqlalchemy/engine/base.py", line 1643, in _execute_clauseelement
    ret = self._execute_context(
          ^^^^^^^^^^^^^^^^^^^^^^
  File "/usr/local/lib/python3.12/dist-packages/sqlalchemy/engine/base.py", line 1848, in _execute_context
    return self._exec_single_context(
           ^^^^^^^^^^^^^^^^^^^^^^^^^^
  File "/usr/local/lib/python3.12/dist-packages/sqlalchemy/engine/base.py", line 1988, in _exec_single_context
    self._handle_dbapi_exception(
  File "/usr/local/lib/python3.12/dist-packages/sqlalchemy/engine/base.py", line 2365, in _handle_dbapi_exception
    raise sqlalchemy_exception.with_traceback(exc_info[2]) from e
  File "/usr/local/lib/python3.12/dist-packages/sqlalchemy/engine/base.py", line 1969, in _exec_single_context
    self.dialect.do_execute(
  File "/usr/local/lib/python3.12/dist-packages/sqlalchemy/engine/default.py", line 952, in do_execute
    cursor.execute(statement, parameters)
sqlalchemy.exc.OperationalError: (sqlite3.OperationalError) fts5: syntax error near "\"
[SQL: SELECT count(*) AS count_1 
FROM windows JOIN sources ON windows.source_id = sources.source_id 
WHERE windows.window_id IN (SELECT rowid 
FROM windows_fts 
WHERE windows_fts MATCH ?) AND (sources.source_name = ? OR sources.source_name LIKE ?)]
[parameters: ('WINDOWS\\\\system32', 'tsk.filelist', 'tsk.filelist.%')]
(Background on this error at: https://sqlalche.me/e/20/e3q8)
2026-06-03 14:59:32,373 [AnyIO worker thread] WARNING mulder.db: FTS5 MATCH failed for query 'WINDOWS\\\\system32', returning empty
Traceback (most recent call last):
  File "/usr/local/lib/python3.12/dist-packages/sqlalchemy/engine/base.py", line 1969, in _exec_single_context
    self.dialect.do_execute(
  File "/usr/local/lib/python3.12/dist-packages/sqlalchemy/engine/default.py", line 952, in do_execute
    cursor.execute(statement, parameters)
sqlite3.OperationalError: fts5: syntax error near "\"

The above exception was the direct cause of the following exception:

Traceback (most recent call last):
  File "/app/src/mulder/db.py", line 615, in search_windows
    rows = conn.execute(stmt, {"q": safe_query}).fetchall()
           ^^^^^^^^^^^^^^^^^^^^^^^^^^^^^^^^^^^^^
  File "/usr/local/lib/python3.12/dist-packages/sqlalchemy/engine/base.py", line 1421, in execute
    return meth(
           ^^^^^
  File "/usr/local/lib/python3.12/dist-packages/sqlalchemy/sql/elements.py", line 526, in _execute_on_connection
    return connection._execute_clauseelement(
           ^^^^^^^^^^^^^^^^^^^^^^^^^^^^^^^^^^
  File "/usr/local/lib/python3.12/dist-packages/sqlalchemy/engine/base.py", line 1643, in _execute_clauseelement
    ret = self._execute_context(
          ^^^^^^^^^^^^^^^^^^^^^^
  File "/usr/local/lib/python3.12/dist-packages/sqlalchemy/engine/base.py", line 1848, in _execute_context
    return self._exec_single_context(
           ^^^^^^^^^^^^^^^^^^^^^^^^^^
  File "/usr/local/lib/python3.12/dist-packages/sqlalchemy/engine/base.py", line 1988, in _exec_single_context
    self._handle_dbapi_exception(
  File "/usr/local/lib/python3.12/dist-packages/sqlalchemy/engine/base.py", line 2365, in _handle_dbapi_exception
    raise sqlalchemy_exception.with_traceback(exc_info[2]) from e
  File "/usr/local/lib/python3.12/dist-packages/sqlalchemy/engine/base.py", line 1969, in _exec_single_context
    self.dialect.do_execute(
  File "/usr/local/lib/python3.12/dist-packages/sqlalchemy/engine/default.py", line 952, in do_execute
    cursor.execute(statement, parameters)
sqlalchemy.exc.OperationalError: (sqlite3.OperationalError) fts5: syntax error near "\"
[SQL: SELECT windows.window_id, windows.source_id, windows.line_start, windows.line_end, windows.event_time, windows.raw_text, sources.source_name 
FROM windows JOIN sources ON windows.source_id = sources.source_id 
WHERE windows.window_id IN (SELECT rowid 
FROM windows_fts 
WHERE windows_fts MATCH ?) AND (sources.source_name = ? OR sources.source_name LIKE ?) ORDER BY windows.event_time ASC NULLS LAST
 LIMIT ? OFFSET ?]
[parameters: ('WINDOWS\\\\system32', 'tsk.filelist', 'tsk.filelist.%', 5, 0)]
(Background on this error at: https://sqlalche.me/e/20/e3q8)
2026-06-03 14:59:32,757 [MainThread] INFO mcp.server.lowlevel.server: Processing request of type CallToolRequest
2026-06-03 14:59:46,225 [MainThread] INFO mcp.server.lowlevel.server: Processing request of type CallToolRequest
2026-06-03 14:59:47,124 [MainThread] INFO mcp.server.lowlevel.server: Processing request of type CallToolRequest
2026-06-03 14:59:58,472 [MainThread] INFO mcp.server.lowlevel.server: Processing request of type CallToolRequest
2026-06-03 15:00:26,233 [MainThread] INFO mcp.server.lowlevel.server: Processing request of type CallToolRequest
2026-06-03 15:00:27,152 [MainThread] INFO mcp.server.lowlevel.server: Processing request of type CallToolRequest
2026-06-03 15:00:27,343 [MainThread] INFO mcp.server.lowlevel.server: Processing request of type CallToolRequest
2026-06-03 15:00:35,528 [MainThread] INFO mcp.server.lowlevel.server: Processing request of type CallToolRequest
2026-06-03 15:00:49,137 [MainThread] INFO mcp.server.lowlevel.server: Processing request of type CallToolRequest
2026-06-03 15:00:49,193 [MainThread] INFO mcp.server.lowlevel.server: Processing request of type CallToolRequest
2026-06-03 15:01:19,211 [MainThread] INFO mcp.server.lowlevel.server: Processing request of type CallToolRequest
2026-06-03 15:01:19,522 [MainThread] INFO mcp.server.lowlevel.server: Processing request of type CallToolRequest
2026-06-03 15:01:19,720 [MainThread] INFO mcp.server.lowlevel.server: Processing request of type CallToolRequest
2026-06-03 15:01:32,193 [MainThread] INFO mcp.server.lowlevel.server: Processing request of type CallToolRequest
2026-06-03 15:01:49,527 [MainThread] INFO mcp.server.lowlevel.server: Processing request of type CallToolRequest
2026-06-03 15:01:50,477 [MainThread] INFO mcp.server.lowlevel.server: Processing request of type CallToolRequest
2026-06-03 15:01:50,686 [MainThread] INFO mcp.server.lowlevel.server: Processing request of type CallToolRequest
2026-06-03 15:02:13,810 [MainThread] INFO mcp.server.lowlevel.server: Processing request of type CallToolRequest
2026-06-03 15:02:14,690 [MainThread] INFO mcp.server.lowlevel.server: Processing request of type CallToolRequest
2026-06-03 15:02:15,182 [MainThread] INFO mcp.server.lowlevel.server: Processing request of type CallToolRequest
2026-06-03 15:02:46,378 [MainThread] INFO mcp.server.lowlevel.server: Processing request of type CallToolRequest
2026-06-03 15:02:47,980 [MainThread] INFO mcp.server.lowlevel.server: Processing request of type CallToolRequest
2026-06-03 15:02:48,357 [MainThread] INFO mcp.server.lowlevel.server: Processing request of type CallToolRequest
2026-06-03 15:03:01,430 [MainThread] INFO mcp.server.lowlevel.server: Processing request of type CallToolRequest
2026-06-03 15:03:03,994 [MainThread] INFO mcp.server.lowlevel.server: Processing request of type CallToolRequest
2026-06-03 15:03:04,165 [MainThread] INFO mcp.server.lowlevel.server: Processing request of type CallToolRequest
2026-06-03 15:03:16,932 [MainThread] INFO mcp.server.lowlevel.server: Processing request of type CallToolRequest
2026-06-03 15:03:17,153 [MainThread] INFO mcp.server.lowlevel.server: Processing request of type CallToolRequest
2026-06-03 15:03:37,842 [MainThread] INFO mcp.server.lowlevel.server: Processing request of type CallToolRequest
2026-06-03 15:04:19,839 [MainThread] INFO mcp.server.lowlevel.server: Processing request of type CallToolRequest
2026-06-03 15:04:41,201 [MainThread] INFO mcp.server.lowlevel.server: Processing request of type CallToolRequest
2026-06-03 15:04:57,019 [MainThread] INFO mcp.server.lowlevel.server: Processing request of type CallToolRequest
2026-06-03 15:05:11,124 [MainThread] INFO mcp.server.lowlevel.server: Processing request of type CallToolRequest
2026-06-03 15:05:18,266 [MainThread] INFO mcp.server.lowlevel.server: Processing request of type CallToolRequest
2026-06-03 15:05:19,196 [MainThread] INFO mcp.server.lowlevel.server: Processing request of type CallToolRequest
2026-06-03 15:05:30,456 [MainThread] INFO mcp.server.lowlevel.server: Processing request of type CallToolRequest
2026-06-03 15:05:30,767 [MainThread] INFO mcp.server.lowlevel.server: Processing request of type CallToolRequest
2026-06-03 15:06:08,891 [MainThread] INFO mcp.server.lowlevel.server: Processing request of type CallToolRequest
2026-06-03 15:06:27,940 [MainThread] INFO mcp.server.lowlevel.server: Processing request of type CallToolRequest
2026-06-03 15:07:11,269 [MainThread] INFO mulder.server.app: Mulder MCP server ready (db_dir=/home/mulder/.mulder/cases)
2026-06-03 15:07:11,289 [MainThread] INFO mcp.server.lowlevel.server: Processing request of type ListToolsRequest
2026-06-03 15:07:11,292 [MainThread] INFO mcp.server.lowlevel.server: Processing request of type ListPromptsRequest
2026-06-03 15:07:11,293 [MainThread] INFO mcp.server.lowlevel.server: Processing request of type ListResourcesRequest
2026-06-03 15:07:17,835 [MainThread] INFO mcp.server.lowlevel.server: Processing request of type CallToolRequest
2026-06-03 15:07:22,084 [MainThread] INFO mcp.server.lowlevel.server: Processing request of type CallToolRequest
2026-06-03 15:07:22,087 [AnyIO worker thread] INFO mulder.server.app: Opening case database for 'SRL-2015' ...
2026-06-03 15:07:22,099 [AnyIO worker thread] INFO mulder.server.app: Server context ready for case 'SRL-2015'
2026-06-03 15:07:28,387 [MainThread] INFO mcp.server.lowlevel.server: Processing request of type CallToolRequest
2026-06-03 15:07:30,955 [MainThread] INFO mcp.server.lowlevel.server: Processing request of type CallToolRequest
2026-06-03 15:07:30,981 [MainThread] INFO mcp.server.lowlevel.server: Processing request of type CallToolRequest
2026-06-03 15:07:42,579 [MainThread] INFO mcp.server.lowlevel.server: Processing request of type CallToolRequest
2026-06-03 15:07:54,814 [MainThread] INFO mcp.server.lowlevel.server: Processing request of type CallToolRequest
2026-06-03 15:07:57,653 [MainThread] INFO mcp.server.lowlevel.server: Processing request of type CallToolRequest
2026-06-03 15:09:39,554 [MainThread] INFO mulder.server.app: Mulder MCP server ready (db_dir=/home/mulder/.mulder/cases)
2026-06-03 15:09:39,573 [MainThread] INFO mcp.server.lowlevel.server: Processing request of type ListToolsRequest
2026-06-03 15:09:39,576 [MainThread] INFO mcp.server.lowlevel.server: Processing request of type ListPromptsRequest
2026-06-03 15:09:39,576 [MainThread] INFO mcp.server.lowlevel.server: Processing request of type ListResourcesRequest
2026-06-03 15:09:45,971 [MainThread] INFO mcp.server.lowlevel.server: Processing request of type CallToolRequest
2026-06-03 15:09:50,255 [MainThread] INFO mcp.server.lowlevel.server: Processing request of type CallToolRequest
2026-06-03 15:09:50,258 [AnyIO worker thread] INFO mulder.server.app: Opening case database for 'SRL-2015' ...
2026-06-03 15:09:50,270 [AnyIO worker thread] INFO mulder.server.app: Server context ready for case 'SRL-2015'
2026-06-03 15:10:00,444 [MainThread] INFO mcp.server.lowlevel.server: Processing request of type CallToolRequest
2026-06-03 15:10:52,978 [MainThread] INFO mulder.server.app: Mulder MCP server ready (db_dir=/home/mulder/.mulder/cases)
2026-06-03 15:10:52,997 [MainThread] INFO mcp.server.lowlevel.server: Processing request of type ListToolsRequest
2026-06-03 15:10:53,000 [MainThread] INFO mcp.server.lowlevel.server: Processing request of type ListPromptsRequest
2026-06-03 15:10:53,001 [MainThread] INFO mcp.server.lowlevel.server: Processing request of type ListResourcesRequest
2026-06-03 15:10:59,150 [MainThread] INFO mcp.server.lowlevel.server: Processing request of type CallToolRequest
2026-06-03 15:11:03,256 [MainThread] INFO mcp.server.lowlevel.server: Processing request of type CallToolRequest
2026-06-03 15:11:03,258 [AnyIO worker thread] INFO mulder.server.app: Opening case database for 'SRL-2015' ...
2026-06-03 15:11:03,270 [AnyIO worker thread] INFO mulder.server.app: Server context ready for case 'SRL-2015'
2026-06-03 15:11:07,293 [MainThread] INFO mcp.server.lowlevel.server: Processing request of type CallToolRequest
2026-06-03 15:11:07,456 [MainThread] INFO mcp.server.lowlevel.server: Processing request of type CallToolRequest
2026-06-03 15:11:13,855 [MainThread] INFO mcp.server.lowlevel.server: Processing request of type CallToolRequest
2026-06-03 15:11:13,872 [MainThread] INFO mcp.server.lowlevel.server: Processing request of type CallToolRequest
2026-06-03 15:11:25,321 [MainThread] INFO mcp.server.lowlevel.server: Processing request of type CallToolRequest
2026-06-03 15:11:27,608 [MainThread] INFO mcp.server.lowlevel.server: Processing request of type CallToolRequest
2026-06-03 15:11:29,638 [MainThread] INFO mcp.server.lowlevel.server: Processing request of type CallToolRequest
2026-06-03 15:11:31,531 [MainThread] INFO mcp.server.lowlevel.server: Processing request of type CallToolRequest
2026-06-03 15:11:41,987 [MainThread] INFO mcp.server.lowlevel.server: Processing request of type CallToolRequest
2026-06-03 15:11:45,280 [MainThread] INFO mcp.server.lowlevel.server: Processing request of type CallToolRequest
2026-06-03 15:11:47,052 [MainThread] INFO mcp.server.lowlevel.server: Processing request of type CallToolRequest
2026-06-03 15:11:48,971 [MainThread] INFO mcp.server.lowlevel.server: Processing request of type CallToolRequest
2026-06-03 15:11:59,393 [MainThread] INFO mcp.server.lowlevel.server: Processing request of type CallToolRequest
2026-06-03 15:12:00,291 [MainThread] INFO mcp.server.lowlevel.server: Processing request of type CallToolRequest
2026-06-03 15:12:00,783 [MainThread] INFO mcp.server.lowlevel.server: Processing request of type CallToolRequest
2026-06-03 15:12:01,073 [MainThread] INFO mcp.server.lowlevel.server: Processing request of type CallToolRequest
2026-06-03 15:12:01,082 [AnyIO worker thread] WARNING mulder.db: FTS5 COUNT failed for query 'dllhost\\\\svchost', returning 0
Traceback (most recent call last):
  File "/usr/local/lib/python3.12/dist-packages/sqlalchemy/engine/base.py", line 1969, in _exec_single_context
    self.dialect.do_execute(
  File "/usr/local/lib/python3.12/dist-packages/sqlalchemy/engine/default.py", line 952, in do_execute
    cursor.execute(statement, parameters)
sqlite3.OperationalError: fts5: syntax error near "\"

The above exception was the direct cause of the following exception:

Traceback (most recent call last):
  File "/app/src/mulder/db.py", line 699, in count_search_windows
    result = conn.execute(stmt, {"q": safe_query}).scalar()
             ^^^^^^^^^^^^^^^^^^^^^^^^^^^^^^^^^^^^^
  File "/usr/local/lib/python3.12/dist-packages/sqlalchemy/engine/base.py", line 1421, in execute
    return meth(
           ^^^^^
  File "/usr/local/lib/python3.12/dist-packages/sqlalchemy/sql/elements.py", line 526, in _execute_on_connection
    return connection._execute_clauseelement(
           ^^^^^^^^^^^^^^^^^^^^^^^^^^^^^^^^^^
  File "/usr/local/lib/python3.12/dist-packages/sqlalchemy/engine/base.py", line 1643, in _execute_clauseelement
    ret = self._execute_context(
          ^^^^^^^^^^^^^^^^^^^^^^
  File "/usr/local/lib/python3.12/dist-packages/sqlalchemy/engine/base.py", line 1848, in _execute_context
    return self._exec_single_context(
           ^^^^^^^^^^^^^^^^^^^^^^^^^^
  File "/usr/local/lib/python3.12/dist-packages/sqlalchemy/engine/base.py", line 1988, in _exec_single_context
    self._handle_dbapi_exception(
  File "/usr/local/lib/python3.12/dist-packages/sqlalchemy/engine/base.py", line 2365, in _handle_dbapi_exception
    raise sqlalchemy_exception.with_traceback(exc_info[2]) from e
  File "/usr/local/lib/python3.12/dist-packages/sqlalchemy/engine/base.py", line 1969, in _exec_single_context
    self.dialect.do_execute(
  File "/usr/local/lib/python3.12/dist-packages/sqlalchemy/engine/default.py", line 952, in do_execute
    cursor.execute(statement, parameters)
sqlalchemy.exc.OperationalError: (sqlite3.OperationalError) fts5: syntax error near "\"
[SQL: SELECT count(*) AS count_1 
FROM windows JOIN sources ON windows.source_id = sources.source_id 
WHERE windows.window_id IN (SELECT rowid 
FROM windows_fts 
WHERE windows_fts MATCH ?)]
[parameters: ('dllhost\\\\svchost',)]
(Background on this error at: https://sqlalche.me/e/20/e3q8)
2026-06-03 15:12:01,496 [AnyIO worker thread] WARNING mulder.db: FTS5 MATCH failed for query 'dllhost\\\\svchost', returning empty
Traceback (most recent call last):
  File "/usr/local/lib/python3.12/dist-packages/sqlalchemy/engine/base.py", line 1969, in _exec_single_context
    self.dialect.do_execute(
  File "/usr/local/lib/python3.12/dist-packages/sqlalchemy/engine/default.py", line 952, in do_execute
    cursor.execute(statement, parameters)
sqlite3.OperationalError: fts5: syntax error near "\"

The above exception was the direct cause of the following exception:

Traceback (most recent call last):
  File "/app/src/mulder/db.py", line 615, in search_windows
    rows = conn.execute(stmt, {"q": safe_query}).fetchall()
           ^^^^^^^^^^^^^^^^^^^^^^^^^^^^^^^^^^^^^
  File "/usr/local/lib/python3.12/dist-packages/sqlalchemy/engine/base.py", line 1421, in execute
    return meth(
           ^^^^^
  File "/usr/local/lib/python3.12/dist-packages/sqlalchemy/sql/elements.py", line 526, in _execute_on_connection
    return connection._execute_clauseelement(
           ^^^^^^^^^^^^^^^^^^^^^^^^^^^^^^^^^^
  File "/usr/local/lib/python3.12/dist-packages/sqlalchemy/engine/base.py", line 1643, in _execute_clauseelement
    ret = self._execute_context(
          ^^^^^^^^^^^^^^^^^^^^^^
  File "/usr/local/lib/python3.12/dist-packages/sqlalchemy/engine/base.py", line 1848, in _execute_context
    return self._exec_single_context(
           ^^^^^^^^^^^^^^^^^^^^^^^^^^
  File "/usr/local/lib/python3.12/dist-packages/sqlalchemy/engine/base.py", line 1988, in _exec_single_context
    self._handle_dbapi_exception(
  File "/usr/local/lib/python3.12/dist-packages/sqlalchemy/engine/base.py", line 2365, in _handle_dbapi_exception
    raise sqlalchemy_exception.with_traceback(exc_info[2]) from e
  File "/usr/local/lib/python3.12/dist-packages/sqlalchemy/engine/base.py", line 1969, in _exec_single_context
    self.dialect.do_execute(
  File "/usr/local/lib/python3.12/dist-packages/sqlalchemy/engine/default.py", line 952, in do_execute
    cursor.execute(statement, parameters)
sqlalchemy.exc.OperationalError: (sqlite3.OperationalError) fts5: syntax error near "\"
[SQL: SELECT windows.window_id, windows.source_id, windows.line_start, windows.line_end, windows.event_time, windows.raw_text, sources.source_name 
FROM windows JOIN sources ON windows.source_id = sources.source_id 
WHERE windows.window_id IN (SELECT rowid 
FROM windows_fts 
WHERE windows_fts MATCH ?) ORDER BY windows.event_time ASC NULLS LAST
 LIMIT ? OFFSET ?]
[parameters: ('dllhost\\\\svchost', 20, 0)]
(Background on this error at: https://sqlalche.me/e/20/e3q8)
2026-06-03 15:12:10,020 [MainThread] INFO mcp.server.lowlevel.server: Processing request of type CallToolRequest
2026-06-03 15:12:10,521 [MainThread] INFO mcp.server.lowlevel.server: Processing request of type CallToolRequest
2026-06-03 15:12:11,508 [MainThread] INFO mcp.server.lowlevel.server: Processing request of type CallToolRequest
2026-06-03 15:12:11,593 [MainThread] INFO mcp.server.lowlevel.server: Processing request of type CallToolRequest
2026-06-03 15:12:28,247 [MainThread] INFO mcp.server.lowlevel.server: Processing request of type CallToolRequest
2026-06-03 15:12:28,450 [AnyIO worker thread] INFO mulder.server.tools.attack: Loaded 97 ICS ATT&CK techniques from /opt/attack/ics-attack.json
2026-06-03 15:12:28,451 [AnyIO worker thread] INFO mulder.server.tools.attack: Loaded 794 total ATT&CK techniques
2026-06-03 15:12:28,998 [MainThread] INFO mcp.server.lowlevel.server: Processing request of type CallToolRequest
2026-06-03 15:12:29,144 [MainThread] INFO mcp.server.lowlevel.server: Processing request of type CallToolRequest
2026-06-03 15:13:13,214 [MainThread] INFO mcp.server.lowlevel.server: Processing request of type CallToolRequest
2026-06-03 15:13:36,777 [MainThread] INFO mcp.server.lowlevel.server: Processing request of type CallToolRequest
2026-06-03 15:14:01,851 [MainThread] INFO mcp.server.lowlevel.server: Processing request of type CallToolRequest
2026-06-03 15:14:25,193 [MainThread] INFO mcp.server.lowlevel.server: Processing request of type CallToolRequest
2026-06-03 15:14:55,985 [MainThread] INFO mcp.server.lowlevel.server: Processing request of type CallToolRequest
2026-06-03 15:15:01,697 [MainThread] INFO mcp.server.lowlevel.server: Processing request of type CallToolRequest
2026-06-03 15:15:16,698 [MainThread] INFO mcp.server.lowlevel.server: Processing request of type CallToolRequest
2026-06-03 15:15:29,197 [MainThread] INFO mcp.server.lowlevel.server: Processing request of type CallToolRequest
2026-06-03 15:15:30,104 [MainThread] INFO mcp.server.lowlevel.server: Processing request of type CallToolRequest
2026-06-03 15:15:31,134 [MainThread] INFO mcp.server.lowlevel.server: Processing request of type CallToolRequest
2026-06-03 15:15:31,952 [MainThread] INFO mcp.server.lowlevel.server: Processing request of type CallToolRequest
2026-06-03 15:15:32,884 [MainThread] INFO mcp.server.lowlevel.server: Processing request of type CallToolRequest
2026-06-03 15:15:39,442 [MainThread] INFO mcp.server.lowlevel.server: Processing request of type CallToolRequest
2026-06-03 15:15:40,655 [MainThread] INFO mcp.server.lowlevel.server: Processing request of type CallToolRequest
2026-06-03 15:15:41,568 [MainThread] INFO mcp.server.lowlevel.server: Processing request of type CallToolRequest
2026-06-03 15:15:42,928 [MainThread] INFO mcp.server.lowlevel.server: Processing request of type CallToolRequest
2026-06-03 15:15:44,767 [MainThread] INFO mcp.server.lowlevel.server: Processing request of type CallToolRequest
2026-06-03 15:15:45,676 [MainThread] INFO mcp.server.lowlevel.server: Processing request of type CallToolRequest
2026-06-03 15:15:46,141 [MainThread] INFO mcp.server.lowlevel.server: Processing request of type CallToolRequest
2026-06-03 15:15:51,643 [MainThread] INFO mcp.server.lowlevel.server: Processing request of type CallToolRequest
2026-06-03 15:15:52,472 [MainThread] INFO mcp.server.lowlevel.server: Processing request of type CallToolRequest
2026-06-03 15:15:57,618 [MainThread] INFO mcp.server.lowlevel.server: Processing request of type CallToolRequest
2026-06-03 15:16:23,817 [MainThread] INFO mcp.server.lowlevel.server: Processing request of type CallToolRequest
2026-06-03 15:16:49,085 [MainThread] INFO mulder.server.app: Mulder MCP server ready (db_dir=/home/mulder/.mulder/cases)
2026-06-03 15:16:49,107 [MainThread] INFO mcp.server.lowlevel.server: Processing request of type ListToolsRequest
2026-06-03 15:16:49,110 [MainThread] INFO mcp.server.lowlevel.server: Processing request of type ListPromptsRequest
2026-06-03 15:16:49,111 [MainThread] INFO mcp.server.lowlevel.server: Processing request of type ListResourcesRequest
2026-06-03 15:16:56,771 [MainThread] INFO mcp.server.lowlevel.server: Processing request of type CallToolRequest
2026-06-03 15:17:01,548 [MainThread] INFO mcp.server.lowlevel.server: Processing request of type CallToolRequest
2026-06-03 15:17:01,549 [AnyIO worker thread] INFO mulder.server.app: Opening case database for 'SRL-2015' ...
2026-06-03 15:17:01,557 [AnyIO worker thread] INFO mulder.server.app: Server context ready for case 'SRL-2015'
2026-06-03 15:17:07,168 [MainThread] INFO mcp.server.lowlevel.server: Processing request of type CallToolRequest
2026-06-03 15:17:09,571 [MainThread] INFO mcp.server.lowlevel.server: Processing request of type CallToolRequest
2026-06-03 15:17:09,600 [MainThread] INFO mcp.server.lowlevel.server: Processing request of type CallToolRequest
2026-06-03 15:17:22,873 [MainThread] INFO mcp.server.lowlevel.server: Processing request of type CallToolRequest
2026-06-03 15:19:15,718 [MainThread] INFO mulder.server.app: Mulder MCP server ready (db_dir=/home/mulder/.mulder/cases)
2026-06-03 15:19:15,737 [MainThread] INFO mcp.server.lowlevel.server: Processing request of type ListToolsRequest
2026-06-03 15:19:15,739 [MainThread] INFO mcp.server.lowlevel.server: Processing request of type ListPromptsRequest
2026-06-03 15:19:15,740 [MainThread] INFO mcp.server.lowlevel.server: Processing request of type ListResourcesRequest
2026-06-03 15:19:21,780 [MainThread] INFO mcp.server.lowlevel.server: Processing request of type CallToolRequest
2026-06-03 15:19:21,784 [AnyIO worker thread] INFO mulder.server.app: Opening case database for 'SRL-2015' ...
2026-06-03 15:19:21,826 [AnyIO worker thread] INFO mulder.server.app: Server context ready for case 'SRL-2015'
2026-06-03 15:19:31,712 [MainThread] INFO mcp.server.lowlevel.server: Processing request of type CallToolRequest
2026-06-03 15:19:42,607 [MainThread] INFO mcp.server.lowlevel.server: Processing request of type CallToolRequest
2026-06-03 15:19:51,536 [MainThread] INFO mcp.server.lowlevel.server: Processing request of type CallToolRequest
2026-06-03 15:19:51,904 [MainThread] INFO mcp.server.lowlevel.server: Processing request of type CallToolRequest
2026-06-03 15:19:56,169 [MainThread] INFO mcp.server.lowlevel.server: Processing request of type CallToolRequest
2026-06-03 15:19:56,221 [MainThread] INFO mcp.server.lowlevel.server: Processing request of type CallToolRequest
2026-06-03 15:19:56,276 [MainThread] INFO mcp.server.lowlevel.server: Processing request of type CallToolRequest
2026-06-03 15:20:59,319 [MainThread] INFO mulder.server.app: Mulder MCP server ready (db_dir=/home/mulder/.mulder/cases)
2026-06-03 15:20:59,338 [MainThread] INFO mcp.server.lowlevel.server: Processing request of type ListToolsRequest
2026-06-03 15:20:59,340 [MainThread] INFO mcp.server.lowlevel.server: Processing request of type ListPromptsRequest
2026-06-03 15:20:59,341 [MainThread] INFO mcp.server.lowlevel.server: Processing request of type ListResourcesRequest
2026-06-03 15:21:04,818 [MainThread] INFO mcp.server.lowlevel.server: Processing request of type CallToolRequest
2026-06-03 15:21:04,821 [AnyIO worker thread] INFO mulder.server.app: Opening case database for 'SRL-2015' ...
2026-06-03 15:21:04,858 [AnyIO worker thread] INFO mulder.server.app: Server context ready for case 'SRL-2015'
2026-06-03 15:21:10,609 [MainThread] INFO mcp.server.lowlevel.server: Processing request of type CallToolRequest
2026-06-03 15:21:51,602 [MainThread] INFO mcp.server.lowlevel.server: Processing request of type CallToolRequest
2026-06-03 15:21:52,533 [MainThread] INFO mcp.server.lowlevel.server: Processing request of type CallToolRequest
2026-06-03 15:21:53,424 [MainThread] INFO mcp.server.lowlevel.server: Processing request of type CallToolRequest
2026-06-03 15:21:53,626 [MainThread] INFO mcp.server.lowlevel.server: Processing request of type CallToolRequest
2026-06-03 15:21:59,742 [MainThread] INFO mcp.server.lowlevel.server: Processing request of type CallToolRequest
2026-06-03 15:22:00,199 [MainThread] INFO mcp.server.lowlevel.server: Processing request of type CallToolRequest
2026-06-03 15:22:01,123 [MainThread] INFO mcp.server.lowlevel.server: Processing request of type CallToolRequest
2026-06-03 15:22:02,485 [MainThread] INFO mcp.server.lowlevel.server: Processing request of type CallToolRequest
2026-06-03 15:22:13,583 [MainThread] INFO mcp.server.lowlevel.server: Processing request of type CallToolRequest
2026-06-03 15:22:14,492 [MainThread] INFO mcp.server.lowlevel.server: Processing request of type CallToolRequest
2026-06-03 15:22:15,385 [MainThread] INFO mcp.server.lowlevel.server: Processing request of type CallToolRequest
2026-06-03 15:22:15,867 [MainThread] INFO mcp.server.lowlevel.server: Processing request of type CallToolRequest
2026-06-03 15:22:24,630 [MainThread] INFO mcp.server.lowlevel.server: Processing request of type CallToolRequest
2026-06-03 15:22:25,477 [MainThread] INFO mcp.server.lowlevel.server: Processing request of type CallToolRequest
2026-06-03 15:22:26,026 [MainThread] INFO mcp.server.lowlevel.server: Processing request of type CallToolRequest
2026-06-03 15:23:53,909 [MainThread] INFO mcp.server.lowlevel.server: Processing request of type CallToolRequest
2026-06-03 15:23:58,239 [MainThread] INFO mcp.server.lowlevel.server: Processing request of type CallToolRequest
2026-06-03 15:23:58,289 [MainThread] INFO mcp.server.lowlevel.server: Processing request of type CallToolRequest
2026-06-03 15:24:03,131 [MainThread] INFO mcp.server.lowlevel.server: Processing request of type CallToolRequest
2026-06-03 15:25:02,625 [MainThread] INFO mcp.server.lowlevel.server: Processing request of type CallToolRequest
2026-06-03 15:25:14,424 [MainThread] INFO mcp.server.lowlevel.server: Processing request of type CallToolRequest
2026-06-03 15:25:25,140 [MainThread] INFO mcp.server.lowlevel.server: Processing request of type CallToolRequest
2026-06-03 15:25:42,112 [MainThread] INFO mcp.server.lowlevel.server: Processing request of type CallToolRequest
2026-06-03 15:25:57,878 [MainThread] INFO mcp.server.lowlevel.server: Processing request of type CallToolRequest
2026-06-03 15:26:11,410 [MainThread] INFO mcp.server.lowlevel.server: Processing request of type CallToolRequest
2026-06-03 15:26:30,097 [MainThread] INFO mcp.server.lowlevel.server: Processing request of type CallToolRequest
2026-06-03 15:26:40,106 [MainThread] INFO mcp.server.lowlevel.server: Processing request of type CallToolRequest
2026-06-03 15:26:53,646 [MainThread] INFO mcp.server.lowlevel.server: Processing request of type CallToolRequest
2026-06-03 15:27:11,193 [MainThread] INFO mcp.server.lowlevel.server: Processing request of type CallToolRequest
2026-06-03 15:27:23,801 [MainThread] INFO mcp.server.lowlevel.server: Processing request of type CallToolRequest
2026-06-03 15:27:24,178 [MainThread] INFO mcp.server.lowlevel.server: Processing request of type CallToolRequest
2026-06-03 15:27:45,571 [MainThread] INFO mcp.server.lowlevel.server: Processing request of type CallToolRequest
2026-06-03 15:28:07,361 [MainThread] INFO mcp.server.lowlevel.server: Processing request of type CallToolRequest
2026-06-03 15:28:20,110 [MainThread] INFO mcp.server.lowlevel.server: Processing request of type CallToolRequest
2026-06-03 15:28:42,773 [MainThread] INFO mcp.server.lowlevel.server: Processing request of type CallToolRequest
2026-06-03 15:29:01,033 [MainThread] INFO mcp.server.lowlevel.server: Processing request of type CallToolRequest
2026-06-03 15:29:05,730 [MainThread] INFO mcp.server.lowlevel.server: Processing request of type CallToolRequest
2026-06-03 15:29:40,444 [MainThread] INFO mcp.server.lowlevel.server: Processing request of type CallToolRequest
2026-06-03 15:30:10,361 [MainThread] INFO mulder.server.app: Mulder MCP server ready (db_dir=/home/mulder/.mulder/cases)
2026-06-03 15:30:10,379 [MainThread] INFO mcp.server.lowlevel.server: Processing request of type ListToolsRequest
2026-06-03 15:30:10,382 [MainThread] INFO mcp.server.lowlevel.server: Processing request of type ListPromptsRequest
2026-06-03 15:30:10,383 [MainThread] INFO mcp.server.lowlevel.server: Processing request of type ListResourcesRequest
2026-06-03 15:30:17,573 [MainThread] INFO mcp.server.lowlevel.server: Processing request of type CallToolRequest
2026-06-03 15:30:21,569 [MainThread] INFO mcp.server.lowlevel.server: Processing request of type CallToolRequest
2026-06-03 15:30:21,572 [AnyIO worker thread] INFO mulder.server.app: Opening case database for 'SRL-2015' ...
2026-06-03 15:30:21,587 [AnyIO worker thread] INFO mulder.server.app: Server context ready for case 'SRL-2015'
2026-06-03 15:30:26,202 [MainThread] INFO mcp.server.lowlevel.server: Processing request of type CallToolRequest
2026-06-03 15:30:28,663 [MainThread] INFO mcp.server.lowlevel.server: Processing request of type CallToolRequest
2026-06-03 15:30:28,690 [MainThread] INFO mcp.server.lowlevel.server: Processing request of type CallToolRequest
2026-06-03 15:30:36,581 [MainThread] INFO mcp.server.lowlevel.server: Processing request of type CallToolRequest
2026-06-03 15:30:36,635 [MainThread] INFO mcp.server.lowlevel.server: Processing request of type CallToolRequest
2026-06-03 15:34:31,556 [MainThread] INFO mcp.server.lowlevel.server: Processing request of type CallToolRequest
2026-06-03 15:34:37,200 [MainThread] INFO mcp.server.lowlevel.server: Processing request of type CallToolRequest
2026-06-03 15:34:41,569 [MainThread] INFO mcp.server.lowlevel.server: Processing request of type CallToolRequest
