2026-06-03 15:43:09,670 [MainThread] INFO mulder.server.app: Mulder MCP server ready (db_dir=/home/mulder/.mulder/cases)
2026-06-03 15:43:09,689 [MainThread] INFO mcp.server.lowlevel.server: Processing request of type ListToolsRequest
2026-06-03 15:43:09,691 [MainThread] INFO mcp.server.lowlevel.server: Processing request of type ListPromptsRequest
2026-06-03 15:43:09,692 [MainThread] INFO mcp.server.lowlevel.server: Processing request of type ListResourcesRequest
2026-06-03 15:43:15,712 [MainThread] INFO mcp.server.lowlevel.server: Processing request of type CallToolRequest
2026-06-03 15:43:15,722 [AnyIO worker thread] INFO mulder.server.app: Creating empty case database for 'SRL-2018' ...
2026-06-03 15:43:15,787 [AnyIO worker thread] INFO mulder.server.app: Server context ready for case 'SRL-2018'
2026-06-03 15:46:44,620 [MainThread] INFO mcp.server.lowlevel.server: Processing request of type CallToolRequest
2026-06-03 15:46:44,632 [mulder-job_3] INFO mulder.server.app: Resource throttle: extract_archive waiting (cpu=100%>=90.0%, waited 0s)
2026-06-03 15:46:44,634 [mulder-job_1] INFO mulder.server.app: Resource throttle: extract_archive waiting (cpu=100%>=90.0%, waited 0s)
2026-06-03 15:46:44,637 [AnyIO worker thread] INFO mulder.server.jobs: Submitted batch bg_3940b8f9 with 22 jobs: ['extract_archive', 'extract_archive', 'extract_archive', 'extract_archive', 'extract_archive', 'extract_archive', 'extract_archive', 'extract_archive', 'extract_archive', 'extract_archive', 'extract_archive', 'extract_archive', 'extract_archive', 'extract_archive', 'extract_archive', 'extract_archive', 'extract_archive', 'extract_archive', 'extract_archive', 'extract_archive', 'extract_archive', 'extract_archive']
2026-06-03 15:46:44,639 [mulder-job_0] WARNING mulder.server.jobs: Job job_700e3d32 (extract_archive) returned error: Archive not found: /evidence/base-admin-memory.7z
2026-06-03 15:46:44,641 [mulder-job_0] INFO mulder.server.jobs: [JOB_COMPLETE] extract_archive|failed|Archive not found: /evidence/base-admin-memory.7z
2026-06-03 15:46:44,642 [mulder-job_2] WARNING mulder.server.jobs: Job job_aa49082d (extract_archive) returned error: Archive not found: /evidence/base-dc-memory.7z
2026-06-03 15:46:44,643 [mulder-job_2] INFO mulder.server.jobs: [JOB_COMPLETE] extract_archive|failed|Archive not found: /evidence/base-dc-memory.7z
2026-06-03 15:46:44,644 [mulder-job_4] WARNING mulder.server.jobs: Job job_f3cfd047 (extract_archive) returned error: Archive not found: /evidence/base-file-memory.7z
2026-06-03 15:46:44,644 [mulder-job_4] INFO mulder.server.jobs: [JOB_COMPLETE] extract_archive|failed|Archive not found: /evidence/base-file-memory.7z
2026-06-03 15:46:44,646 [mulder-job_5] WARNING mulder.server.jobs: Job job_d0b2476b (extract_archive) returned error: Archive not found: /evidence/base-file-snapshot5.7z
2026-06-03 15:46:44,646 [mulder-job_5] INFO mulder.server.jobs: [JOB_COMPLETE] extract_archive|failed|Archive not found: /evidence/base-file-snapshot5.7z
2026-06-03 15:46:44,647 [mulder-job_6] WARNING mulder.server.jobs: Job job_eaa9c41c (extract_archive) returned error: Archive not found: /evidence/base-hunt-memory.7z
2026-06-03 15:46:44,648 [mulder-job_6] INFO mulder.server.jobs: [JOB_COMPLETE] extract_archive|failed|Archive not found: /evidence/base-hunt-memory.7z
2026-06-03 15:46:44,649 [mulder-job_7] WARNING mulder.server.jobs: Job job_a1eedae2 (extract_archive) returned error: Archive not found: /evidence/base-mail-memory.7z
2026-06-03 15:46:44,650 [mulder-job_7] INFO mulder.server.jobs: [JOB_COMPLETE] extract_archive|failed|Archive not found: /evidence/base-mail-memory.7z
2026-06-03 15:46:44,653 [mulder-job_0] WARNING mulder.server.jobs: Job job_48bd7a7b (extract_archive) returned error: Archive not found: /evidence/base-rd-02-memory.7z
2026-06-03 15:46:44,654 [mulder-job_0] INFO mulder.server.jobs: [JOB_COMPLETE] extract_archive|failed|Archive not found: /evidence/base-rd-02-memory.7z
2026-06-03 15:46:44,655 [mulder-job_2] WARNING mulder.server.jobs: Job job_f3df06a2 (extract_archive) returned error: Archive not found: /evidence/base-rd-03-memory.7z
2026-06-03 15:46:44,656 [mulder-job_2] INFO mulder.server.jobs: [JOB_COMPLETE] extract_archive|failed|Archive not found: /evidence/base-rd-03-memory.7z
2026-06-03 15:46:44,657 [mulder-job_4] WARNING mulder.server.jobs: Job job_e1036194 (extract_archive) returned error: Archive not found: /evidence/base-rd-04-memory.7z
2026-06-03 15:46:44,657 [mulder-job_4] INFO mulder.server.jobs: [JOB_COMPLETE] extract_archive|failed|Archive not found: /evidence/base-rd-04-memory.7z
2026-06-03 15:46:44,658 [mulder-job_5] WARNING mulder.server.jobs: Job job_fe1c6d83 (extract_archive) returned error: Archive not found: /evidence/base-rd-05-memory.7z
2026-06-03 15:46:44,659 [mulder-job_5] INFO mulder.server.jobs: [JOB_COMPLETE] extract_archive|failed|Archive not found: /evidence/base-rd-05-memory.7z
2026-06-03 15:46:44,660 [mulder-job_6] WARNING mulder.server.jobs: Job job_d82ffc35 (extract_archive) returned error: Archive not found: /evidence/base-rd-06-memory.7z
2026-06-03 15:46:44,661 [mulder-job_6] INFO mulder.server.jobs: [JOB_COMPLETE] extract_archive|failed|Archive not found: /evidence/base-rd-06-memory.7z
2026-06-03 15:46:44,662 [mulder-job_7] WARNING mulder.server.jobs: Job job_c8b695a8 (extract_archive) returned error: Archive not found: /evidence/base-rd01-memory.7z
2026-06-03 15:46:44,662 [mulder-job_7] INFO mulder.server.jobs: [JOB_COMPLETE] extract_archive|failed|Archive not found: /evidence/base-rd01-memory.7z
2026-06-03 15:46:44,664 [mulder-job_0] WARNING mulder.server.jobs: Job job_66148ce2 (extract_archive) returned error: Archive not found: /evidence/base-sp-memory.7z
2026-06-03 15:46:44,664 [mulder-job_0] INFO mulder.server.jobs: [JOB_COMPLETE] extract_archive|failed|Archive not found: /evidence/base-sp-memory.7z
2026-06-03 15:46:44,665 [mulder-job_2] WARNING mulder.server.jobs: Job job_8ceb89d4 (extract_archive) returned error: Archive not found: /evidence/base-wkstn-01-mem.zip
2026-06-03 15:46:44,666 [mulder-job_2] INFO mulder.server.jobs: [JOB_COMPLETE] extract_archive|failed|Archive not found: /evidence/base-wkstn-01-mem.zip
2026-06-03 15:46:44,667 [mulder-job_4] WARNING mulder.server.jobs: Job job_98cea4c2 (extract_archive) returned error: Archive not found: /evidence/base-wkstn-01-memory.7z
2026-06-03 15:46:44,668 [mulder-job_4] INFO mulder.server.jobs: [JOB_COMPLETE] extract_archive|failed|Archive not found: /evidence/base-wkstn-01-memory.7z
2026-06-03 15:46:44,669 [mulder-job_5] WARNING mulder.server.jobs: Job job_98163854 (extract_archive) returned error: Archive not found: /evidence/base-wkstn-02-memory.7z
2026-06-03 15:46:44,670 [mulder-job_5] INFO mulder.server.jobs: [JOB_COMPLETE] extract_archive|failed|Archive not found: /evidence/base-wkstn-02-memory.7z
2026-06-03 15:46:44,671 [mulder-job_6] WARNING mulder.server.jobs: Job job_775fa9fd (extract_archive) returned error: Archive not found: /evidence/base-wkstn-03-memory.7z
2026-06-03 15:46:44,671 [mulder-job_6] INFO mulder.server.jobs: [JOB_COMPLETE] extract_archive|failed|Archive not found: /evidence/base-wkstn-03-memory.7z
2026-06-03 15:46:44,672 [mulder-job_7] WARNING mulder.server.jobs: Job job_59521a90 (extract_archive) returned error: Archive not found: /evidence/base-wkstn-04-memory.7z
2026-06-03 15:46:44,673 [mulder-job_7] INFO mulder.server.jobs: [JOB_COMPLETE] extract_archive|failed|Archive not found: /evidence/base-wkstn-04-memory.7z
2026-06-03 15:46:44,674 [mulder-job_0] WARNING mulder.server.jobs: Job job_ed4878b4 (extract_archive) returned error: Archive not found: /evidence/base-wkstn-05-memory.7z
2026-06-03 15:46:44,674 [mulder-job_0] INFO mulder.server.jobs: [JOB_COMPLETE] extract_archive|failed|Archive not found: /evidence/base-wkstn-05-memory.7z
2026-06-03 15:46:44,675 [mulder-job_2] WARNING mulder.server.jobs: Job job_23052b90 (extract_archive) returned error: Archive not found: /evidence/base-wkstn-06-memory.7z
2026-06-03 15:46:44,676 [mulder-job_2] INFO mulder.server.jobs: [JOB_COMPLETE] extract_archive|failed|Archive not found: /evidence/base-wkstn-06-memory.7z
2026-06-03 15:46:49,641 [mulder-job_1] WARNING mulder.server.jobs: Job job_7a2ce6ec (extract_archive) returned error: Archive not found: /evidence/base-av-memory.7z
2026-06-03 15:46:49,642 [mulder-job_1] INFO mulder.server.jobs: [JOB_COMPLETE] extract_archive|failed|Archive not found: /evidence/base-av-memory.7z
2026-06-03 15:46:49,644 [mulder-job_3] WARNING mulder.server.jobs: Job job_c6d224c4 (extract_archive) returned error: Archive not found: /evidence/base-elf-memory.7z
2026-06-03 15:46:49,645 [mulder-job_3] INFO mulder.server.jobs: [JOB_COMPLETE] extract_archive|failed|Archive not found: /evidence/base-elf-memory.7z
2026-06-03 15:46:51,533 [MainThread] INFO mcp.server.lowlevel.server: Processing request of type CallToolRequest
2026-06-03 15:46:57,992 [MainThread] INFO mcp.server.lowlevel.server: Processing request of type CallToolRequest
2026-06-03 15:47:03,574 [MainThread] INFO mcp.server.lowlevel.server: Processing request of type CallToolRequest
2026-06-03 15:47:15,190 [MainThread] INFO mcp.server.lowlevel.server: Processing request of type CallToolRequest
2026-06-03 15:47:15,197 [AnyIO worker thread] INFO mulder.server.jobs: Submitted batch bg_0ac12514 with 22 jobs: ['extract_archive', 'extract_archive', 'extract_archive', 'extract_archive', 'extract_archive', 'extract_archive', 'extract_archive', 'extract_archive', 'extract_archive', 'extract_archive', 'extract_archive', 'extract_archive', 'extract_archive', 'extract_archive', 'extract_archive', 'extract_archive', 'extract_archive', 'extract_archive', 'extract_archive', 'extract_archive', 'extract_archive', 'extract_archive']
2026-06-03 15:47:21,261 [MainThread] INFO mcp.server.lowlevel.server: Processing request of type CallToolRequest
2026-06-03 15:48:00,984 [mulder-job_0] INFO mulder.server.jobs: Job job_9101769c (extract_archive) completed
2026-06-03 15:48:00,988 [mulder-job_0] INFO mulder.server.jobs: [JOB_COMPLETE] extract_archive|completed|
2026-06-03 15:48:28,562 [mulder-job_2] INFO mulder.server.jobs: Job job_cecd29c9 (extract_archive) completed
2026-06-03 15:48:28,572 [mulder-job_2] INFO mulder.server.jobs: [JOB_COMPLETE] extract_archive|completed|
2026-06-03 15:48:50,246 [mulder-job_7] INFO mulder.server.jobs: Job job_6409d5d9 (extract_archive) completed
2026-06-03 15:48:50,256 [mulder-job_7] INFO mulder.server.jobs: [JOB_COMPLETE] extract_archive|completed|
2026-06-03 15:49:03,445 [mulder-job_6] INFO mulder.server.jobs: Job job_2d73b932 (extract_archive) completed
2026-06-03 15:49:03,455 [mulder-job_6] INFO mulder.server.jobs: [JOB_COMPLETE] extract_archive|completed|
2026-06-03 15:49:17,912 [mulder-job_4] INFO mulder.server.jobs: Job job_13a97bfc (extract_archive) completed
2026-06-03 15:49:17,926 [mulder-job_4] INFO mulder.server.jobs: [JOB_COMPLETE] extract_archive|completed|
2026-06-03 15:49:24,492 [mulder-job_1] INFO mulder.server.jobs: Job job_989efa59 (extract_archive) completed
2026-06-03 15:49:24,511 [mulder-job_1] INFO mulder.server.jobs: [JOB_COMPLETE] extract_archive|completed|
2026-06-03 15:49:29,257 [mulder-job_0] INFO mulder.server.jobs: Job job_479b97de (extract_archive) completed
2026-06-03 15:49:29,258 [mulder-job_0] INFO mulder.server.jobs: [JOB_COMPLETE] extract_archive|completed|
2026-06-03 15:49:57,059 [mulder-job_2] INFO mulder.server.jobs: Job job_df8b69b9 (extract_archive) completed
2026-06-03 15:49:57,062 [mulder-job_2] INFO mulder.server.jobs: [JOB_COMPLETE] extract_archive|completed|
2026-06-03 15:50:04,767 [mulder-job_6] INFO mulder.server.jobs: Job job_3462f9e9 (extract_archive) completed
2026-06-03 15:50:04,777 [mulder-job_6] INFO mulder.server.jobs: [JOB_COMPLETE] extract_archive|completed|
2026-06-03 15:50:24,438 [mulder-job_4] INFO mulder.server.jobs: Job job_3ed701a1 (extract_archive) completed
2026-06-03 15:50:24,449 [mulder-job_4] INFO mulder.server.jobs: [JOB_COMPLETE] extract_archive|completed|
2026-06-03 15:50:29,955 [mulder-job_7] INFO mulder.server.jobs: Job job_917c109a (extract_archive) completed
2026-06-03 15:50:29,957 [mulder-job_7] INFO mulder.server.jobs: [JOB_COMPLETE] extract_archive|completed|
2026-06-03 15:50:49,094 [mulder-job_1] INFO mulder.server.jobs: Job job_74c5b1c2 (extract_archive) completed
2026-06-03 15:50:49,105 [mulder-job_1] INFO mulder.server.jobs: [JOB_COMPLETE] extract_archive|completed|
2026-06-03 15:51:10,515 [mulder-job_5] INFO mulder.server.jobs: Job job_aa092379 (extract_archive) completed
2026-06-03 15:51:10,523 [mulder-job_5] INFO mulder.server.jobs: [JOB_COMPLETE] extract_archive|completed|
2026-06-03 15:51:15,444 [mulder-job_2] INFO mulder.server.jobs: Job job_0c6fabe5 (extract_archive) completed
2026-06-03 15:51:15,449 [mulder-job_2] INFO mulder.server.jobs: [JOB_COMPLETE] extract_archive|completed|
2026-06-03 15:51:28,959 [mulder-job_6] INFO mulder.server.jobs: Job job_74d89ff6 (extract_archive) completed
2026-06-03 15:51:28,970 [mulder-job_6] INFO mulder.server.jobs: [JOB_COMPLETE] extract_archive|completed|
2026-06-03 15:51:41,057 [mulder-job_4] INFO mulder.server.jobs: Job job_757d637f (extract_archive) completed
2026-06-03 15:51:41,077 [mulder-job_4] INFO mulder.server.jobs: [JOB_COMPLETE] extract_archive|completed|
2026-06-03 15:51:42,621 [mulder-job_7] INFO mulder.server.jobs: Job job_f99f611f (extract_archive) completed
2026-06-03 15:51:42,623 [mulder-job_7] INFO mulder.server.jobs: [JOB_COMPLETE] extract_archive|completed|
2026-06-03 15:51:47,137 [mulder-job_0] INFO mulder.server.jobs: Job job_661231ad (extract_archive) completed
2026-06-03 15:51:47,151 [mulder-job_0] INFO mulder.server.jobs: [JOB_COMPLETE] extract_archive|completed|
2026-06-03 15:51:57,217 [mulder-job_1] INFO mulder.server.jobs: Job job_7cf41a94 (extract_archive) completed
2026-06-03 15:51:57,219 [mulder-job_1] INFO mulder.server.jobs: [JOB_COMPLETE] extract_archive|completed|
2026-06-03 15:51:57,446 [mulder-job_2] INFO mulder.server.jobs: Job job_b7ca1e82 (extract_archive) completed
2026-06-03 15:51:57,447 [mulder-job_2] INFO mulder.server.jobs: [JOB_COMPLETE] extract_archive|completed|
2026-06-03 15:52:03,691 [mulder-job_5] INFO mulder.server.jobs: Job job_7a920bb4 (extract_archive) completed
2026-06-03 15:52:03,692 [mulder-job_5] INFO mulder.server.jobs: [JOB_COMPLETE] extract_archive|completed|
2026-06-03 15:52:26,702 [mulder-job_3] INFO mulder.server.jobs: Job job_cb91b4b4 (extract_archive) completed
2026-06-03 15:52:26,709 [mulder-job_3] INFO mulder.server.jobs: [JOB_COMPLETE] extract_archive|completed|
2026-06-03 15:52:34,326 [MainThread] INFO mcp.server.lowlevel.server: Processing request of type CallToolRequest
2026-06-03 15:52:34,338 [MainThread] INFO mcp.server.lowlevel.server: Processing request of type CallToolRequest
2026-06-03 15:52:43,116 [MainThread] INFO mcp.server.lowlevel.server: Processing request of type CallToolRequest
2026-06-03 15:52:51,367 [MainThread] INFO mcp.server.lowlevel.server: Processing request of type CallToolRequest
2026-06-03 15:52:57,141 [MainThread] INFO mcp.server.lowlevel.server: Processing request of type CallToolRequest
2026-06-03 15:53:33,379 [MainThread] INFO mulder.server.app: Mulder MCP server ready (db_dir=/home/mulder/.mulder/cases)
2026-06-03 15:53:33,379 [MainThread] INFO mulder.server.app: Mulder MCP server ready (db_dir=/home/mulder/.mulder/cases)
2026-06-03 15:53:33,398 [MainThread] INFO mcp.server.lowlevel.server: Processing request of type ListToolsRequest
2026-06-03 15:53:33,399 [MainThread] INFO mcp.server.lowlevel.server: Processing request of type ListToolsRequest
2026-06-03 15:53:33,401 [MainThread] INFO mcp.server.lowlevel.server: Processing request of type ListPromptsRequest
2026-06-03 15:53:33,401 [MainThread] INFO mcp.server.lowlevel.server: Processing request of type ListPromptsRequest
2026-06-03 15:53:33,402 [MainThread] INFO mcp.server.lowlevel.server: Processing request of type ListResourcesRequest
2026-06-03 15:53:33,402 [MainThread] INFO mcp.server.lowlevel.server: Processing request of type ListResourcesRequest
2026-06-03 15:53:46,981 [MainThread] INFO mcp.server.lowlevel.server: Processing request of type CallToolRequest
2026-06-03 15:53:52,004 [MainThread] INFO mcp.server.lowlevel.server: Processing request of type CallToolRequest
2026-06-03 15:53:52,007 [AnyIO worker thread] WARNING mulder.server.tools.case: Overriding requested case_id 'base-dc' with MULDER_CASE_ID='SRL-2018'
2026-06-03 15:53:52,052 [AnyIO worker thread] INFO mulder.server.app: Server context ready for case 'SRL-2018'
2026-06-03 15:53:54,566 [MainThread] INFO mcp.server.lowlevel.server: Processing request of type CallToolRequest
2026-06-03 15:53:58,866 [MainThread] INFO mcp.server.lowlevel.server: Processing request of type CallToolRequest
2026-06-03 15:53:58,868 [AnyIO worker thread] WARNING mulder.server.tools.case: Overriding requested case_id 'base-file' with MULDER_CASE_ID='SRL-2018'
2026-06-03 15:53:58,909 [AnyIO worker thread] INFO mulder.server.app: Server context ready for case 'SRL-2018'
2026-06-03 15:53:59,364 [MainThread] INFO mcp.server.lowlevel.server: Processing request of type CallToolRequest
2026-06-03 15:53:59,366 [AnyIO worker thread] INFO mulder.server.app: Opening case database for 'SRL-2018' ...
2026-06-03 15:53:59,374 [AnyIO worker thread] INFO mulder.server.app: Server context ready for case 'SRL-2018'
2026-06-03 15:54:29,939 [MainThread] INFO mulder.server.app: Mulder MCP server ready (db_dir=/home/mulder/.mulder/cases)
2026-06-03 15:54:29,956 [MainThread] INFO mcp.server.lowlevel.server: Processing request of type ListToolsRequest
2026-06-03 15:54:29,959 [MainThread] INFO mcp.server.lowlevel.server: Processing request of type ListPromptsRequest
2026-06-03 15:54:29,960 [MainThread] INFO mcp.server.lowlevel.server: Processing request of type ListResourcesRequest
2026-06-03 15:54:30,797 [MainThread] INFO mcp.server.lowlevel.server: Processing request of type CallToolRequest
2026-06-03 15:54:30,799 [AnyIO worker thread] INFO mulder.server.app: Opening case database for 'SRL-2018' ...
2026-06-03 15:54:30,810 [AnyIO worker thread] INFO mulder.server.app: Server context ready for case 'SRL-2018'
2026-06-03 15:54:44,282 [MainThread] INFO mcp.server.lowlevel.server: Processing request of type CallToolRequest
2026-06-03 15:54:48,443 [MainThread] INFO mcp.server.lowlevel.server: Processing request of type CallToolRequest
2026-06-03 15:54:48,446 [AnyIO worker thread] INFO mulder.server.app: Opening case database for 'SRL-2018' ...
2026-06-03 15:54:48,455 [AnyIO worker thread] INFO mulder.server.app: Server context ready for case 'SRL-2018'
2026-06-03 15:54:57,338 [MainThread] INFO mcp.server.lowlevel.server: Processing request of type CallToolRequest
2026-06-03 15:54:57,358 [mulder-job_0] INFO mulder.server.app: Resource throttle: run_volatility_batch waiting (cpu=100%>=90.0%, waited 0s)
2026-06-03 15:54:57,360 [AnyIO worker thread] INFO mulder.server.jobs: Submitted batch bg_db85a732 with 5 jobs: ['run_volatility_batch', 'yara_scan_memory', 'run_mmls', 'run_fls', 'run_bulk_extractor']
2026-06-03 15:54:57,429 [mulder-job_1] WARNING mulder.server.jobs: Job job_e5fe0f57 (yara_scan_memory) returned error: No memory sources found in this case. Run run_volatility_batch first, or ensure a memory dump exists in the evidence directory.
2026-06-03 15:54:57,430 [mulder-job_1] INFO mulder.server.jobs: [JOB_COMPLETE] yara_scan_memory|failed|No memory sources found in this case. Run run_volatility_batch first, or ensure a memory dump exists in the evidence directory.
2026-06-03 15:54:57,461 [mulder-job_2] INFO mulder.server.tools.extract.tsk: mmls failed on /evidence/base-dc-cdrive.E01: no_partition_table
2026-06-03 15:54:57,465 [mulder-job_2] WARNING mulder.server.jobs: Job job_5a48dea2 (run_mmls) returned error: mmls found no partition table (exit 1). This image is likely a partition dump or single-filesystem image rather than a full disk.
2026-06-03 15:54:57,467 [mulder-job_2] INFO mulder.server.jobs: [JOB_COMPLETE] run_mmls|failed|mmls found no partition table (exit 1). This image is likely a partition dump or single-filesystem image rather than a full disk.
2026-06-03 15:54:59,247 [MainThread] INFO mulder.server.app: Mulder MCP server ready (db_dir=/home/mulder/.mulder/cases)
2026-06-03 15:54:59,272 [MainThread] INFO mcp.server.lowlevel.server: Processing request of type ListToolsRequest
2026-06-03 15:54:59,275 [MainThread] INFO mcp.server.lowlevel.server: Processing request of type ListPromptsRequest
2026-06-03 15:54:59,278 [MainThread] INFO mcp.server.lowlevel.server: Processing request of type ListResourcesRequest
2026-06-03 15:55:03,105 [MainThread] INFO mcp.server.lowlevel.server: Processing request of type CallToolRequest
2026-06-03 15:55:03,184 [mulder-job_0] INFO mulder.server.tools.extract.volatility: Volatility batch: context built for '/home/mulder/.mulder/cases/extracted/base-dc-memory/base-dc-memory.img', running 16 plugins (timeout=720s)
2026-06-03 15:55:03,190 [ThreadPoolExecutor-0_0] INFO volatility3.framework.automagic: Running automagic: SymbolCacheMagic
2026-06-03 15:55:03,255 [ThreadPoolExecutor-0_0] INFO volatility3.framework.automagic: Running automagic: ConstructionMagic
2026-06-03 15:55:03,302 [ThreadPoolExecutor-0_0] INFO volatility3.framework.automagic: Running automagic: LayerStacker
2026-06-03 15:55:03,431 [ThreadPoolExecutor-0_0] INFO volatility3.framework.automagic.linux: No Linux banners found - if this is a linux plugin, please check your symbol files location
2026-06-03 15:55:03,433 [ThreadPoolExecutor-0_0] INFO volatility3.framework.automagic.linux: No Linux banners found - if this is a linux plugin, please check your symbol files location
2026-06-03 15:55:03,434 [ThreadPoolExecutor-0_0] INFO volatility3.framework.automagic.mac: No Mac banners found - if this is a mac plugin, please check your symbol files location
2026-06-03 15:55:03,518 [ThreadPoolExecutor-0_0] INFO volatility3.framework.automagic: Running automagic: WinSwapLayers
2026-06-03 15:55:03,523 [ThreadPoolExecutor-0_0] INFO volatility3.framework.automagic: Running automagic: KernelPDBScanner
2026-06-03 15:55:03,586 [ThreadPoolExecutor-0_0] INFO volatility3.framework.symbols.windows.pdbconv: Download PDB file...
2026-06-03 15:55:15,616 [MainThread] INFO mcp.server.lowlevel.server: Processing request of type CallToolRequest
2026-06-03 15:55:15,618 [MainThread] INFO mulder.server.app: Resource throttle: list_cases waiting (cpu=95%>=90.0%, waited 0s)
2026-06-03 15:55:20,626 [MainThread] INFO mulder.server.app: Resource throttle: list_cases waiting (cpu=100%>=90.0%, waited 5s)
2026-06-03 15:55:22,635 [ThreadPoolExecutor-0_0] INFO volatility3.framework.automagic: Running automagic: SymbolFinder
2026-06-03 15:55:22,636 [ThreadPoolExecutor-0_0] INFO volatility3.framework.automagic: Running automagic: LinuxSymbolFinder
2026-06-03 15:55:22,637 [ThreadPoolExecutor-0_0] INFO volatility3.framework.automagic: Running automagic: MacSymbolFinder
2026-06-03 15:55:22,638 [ThreadPoolExecutor-0_0] INFO volatility3.framework.automagic: Running automagic: KernelModule
2026-06-03 15:55:22,709 [mulder-job_0] INFO mulder.server.tools.extract.volatility: Volatility batch: pslist -> header_only
2026-06-03 15:55:22,711 [ThreadPoolExecutor-1_0] INFO volatility3.framework.automagic: Running automagic: SymbolCacheMagic
2026-06-03 15:55:22,743 [ThreadPoolExecutor-1_0] INFO volatility3.framework.automagic: Running automagic: ConstructionMagic
2026-06-03 15:55:22,753 [ThreadPoolExecutor-1_0] INFO volatility3.framework.automagic: Running automagic: LayerStacker
2026-06-03 15:55:22,754 [ThreadPoolExecutor-1_0] INFO volatility3.framework.automagic: Running automagic: WinSwapLayers
2026-06-03 15:55:22,758 [ThreadPoolExecutor-1_0] INFO volatility3.framework.automagic: Running automagic: KernelPDBScanner
2026-06-03 15:55:22,781 [ThreadPoolExecutor-1_0] INFO volatility3.framework.symbols.windows.pdbconv: Download PDB file...
2026-06-03 15:55:25,632 [MainThread] INFO mulder.server.app: Resource throttle: list_cases waiting (cpu=100%>=90.0%, waited 10s)
2026-06-03 15:55:30,641 [MainThread] INFO mulder.server.app: Resource throttle: list_cases waiting (cpu=100%>=90.0%, waited 15s)
2026-06-03 15:55:35,647 [MainThread] INFO mulder.server.app: Resource throttle: list_cases waiting (cpu=100%>=90.0%, waited 20s)
2026-06-03 15:55:40,652 [MainThread] INFO mulder.server.app: Resource throttle: list_cases waiting (cpu=100%>=90.0%, waited 25s)
2026-06-03 15:55:41,201 [ThreadPoolExecutor-1_0] INFO volatility3.framework.automagic: Running automagic: SymbolFinder
2026-06-03 15:55:41,203 [ThreadPoolExecutor-1_0] INFO volatility3.framework.automagic: Running automagic: LinuxSymbolFinder
2026-06-03 15:55:41,205 [ThreadPoolExecutor-1_0] INFO volatility3.framework.automagic: Running automagic: MacSymbolFinder
2026-06-03 15:55:41,205 [ThreadPoolExecutor-1_0] INFO volatility3.framework.automagic: Running automagic: KernelModule
2026-06-03 15:55:41,244 [mulder-job_0] INFO mulder.server.tools.extract.volatility: Volatility batch: pstree -> header_only
2026-06-03 15:55:41,246 [ThreadPoolExecutor-2_0] INFO volatility3.framework.automagic: Running automagic: SymbolCacheMagic
2026-06-03 15:55:41,264 [ThreadPoolExecutor-2_0] INFO volatility3.framework.automagic: Running automagic: ConstructionMagic
2026-06-03 15:55:41,268 [ThreadPoolExecutor-2_0] INFO volatility3.framework.automagic: Running automagic: LayerStacker
2026-06-03 15:55:41,269 [ThreadPoolExecutor-2_0] INFO volatility3.framework.automagic: Running automagic: WinSwapLayers
2026-06-03 15:55:41,270 [ThreadPoolExecutor-2_0] INFO volatility3.framework.automagic: Running automagic: KernelPDBScanner
2026-06-03 15:55:41,299 [ThreadPoolExecutor-2_0] INFO volatility3.framework.symbols.windows.pdbconv: Download PDB file...
2026-06-03 15:55:45,660 [MainThread] INFO mulder.server.app: Resource throttle: list_cases waiting (cpu=100%>=90.0%, waited 30s)
2026-06-03 15:55:50,674 [MainThread] INFO mulder.server.app: Resource throttle: list_cases waiting (cpu=100%>=90.0%, waited 35s)
2026-06-03 15:55:55,682 [MainThread] INFO mulder.server.app: Resource throttle: list_cases waiting (cpu=100%>=90.0%, waited 40s)
2026-06-03 15:56:00,689 [MainThread] INFO mulder.server.app: Resource throttle: list_cases waiting (cpu=100%>=90.0%, waited 45s)
2026-06-03 15:56:02,391 [ThreadPoolExecutor-2_0] INFO volatility3.framework.automagic: Running automagic: SymbolFinder
2026-06-03 15:56:02,393 [ThreadPoolExecutor-2_0] INFO volatility3.framework.automagic: Running automagic: LinuxSymbolFinder
2026-06-03 15:56:02,394 [ThreadPoolExecutor-2_0] INFO volatility3.framework.automagic: Running automagic: MacSymbolFinder
2026-06-03 15:56:02,395 [ThreadPoolExecutor-2_0] INFO volatility3.framework.automagic: Running automagic: KernelModule
2026-06-03 15:56:02,444 [mulder-job_0] INFO mulder.server.tools.extract.volatility: Volatility batch: cmdline -> header_only
2026-06-03 15:56:02,445 [ThreadPoolExecutor-3_0] INFO volatility3.framework.automagic: Running automagic: SymbolCacheMagic
2026-06-03 15:56:02,489 [ThreadPoolExecutor-3_0] INFO volatility3.framework.automagic: Running automagic: ConstructionMagic
2026-06-03 15:56:02,501 [ThreadPoolExecutor-3_0] INFO volatility3.framework.automagic: Running automagic: LayerStacker
2026-06-03 15:56:02,502 [ThreadPoolExecutor-3_0] INFO volatility3.framework.automagic: Running automagic: WinSwapLayers
2026-06-03 15:56:02,506 [ThreadPoolExecutor-3_0] INFO volatility3.framework.automagic: Running automagic: KernelPDBScanner
2026-06-03 15:56:02,538 [ThreadPoolExecutor-3_0] INFO volatility3.framework.symbols.windows.pdbconv: Download PDB file...
2026-06-03 15:56:05,698 [MainThread] INFO mulder.server.app: Resource throttle: list_cases waiting (cpu=100%>=90.0%, waited 50s)
2026-06-03 15:56:06,215 [mulder-job_3] INFO mulder.server.jobs: Job job_98646bdf (run_fls) completed
2026-06-03 15:56:06,227 [mulder-job_3] INFO mulder.server.jobs: [JOB_COMPLETE] run_fls|completed|
2026-06-03 15:56:10,707 [MainThread] INFO mulder.server.app: Resource throttle: list_cases waiting (cpu=100%>=90.0%, waited 55s)
2026-06-03 15:56:15,713 [MainThread] INFO mulder.server.app: Resource throttle: list_cases waiting (cpu=100%>=90.0%, waited 60s)
2026-06-03 15:56:20,722 [MainThread] INFO mulder.server.app: Resource throttle: list_cases waiting (cpu=100%>=90.0%, waited 65s)
2026-06-03 15:56:21,263 [ThreadPoolExecutor-3_0] INFO volatility3.framework.automagic: Running automagic: SymbolFinder
2026-06-03 15:56:21,264 [ThreadPoolExecutor-3_0] INFO volatility3.framework.automagic: Running automagic: LinuxSymbolFinder
2026-06-03 15:56:21,268 [ThreadPoolExecutor-3_0] INFO volatility3.framework.automagic: Running automagic: MacSymbolFinder
2026-06-03 15:56:21,268 [ThreadPoolExecutor-3_0] INFO volatility3.framework.automagic: Running automagic: KernelModule
2026-06-03 15:56:25,728 [MainThread] INFO mulder.server.app: Resource throttle: list_cases waiting (cpu=100%>=90.0%, waited 70s)
2026-06-03 15:56:30,739 [MainThread] INFO mulder.server.app: Resource throttle: list_cases waiting (cpu=100%>=90.0%, waited 75s)
2026-06-03 15:56:35,745 [MainThread] INFO mulder.server.app: Resource throttle: list_cases waiting (cpu=100%>=90.0%, waited 80s)
2026-06-03 15:56:40,751 [MainThread] INFO mulder.server.app: Resource throttle: list_cases waiting (cpu=100%>=90.0%, waited 85s)
2026-06-03 15:56:45,758 [MainThread] INFO mulder.server.app: Resource throttle: list_cases waiting (cpu=100%>=90.0%, waited 90s)
2026-06-03 15:56:50,767 [MainThread] INFO mulder.server.app: Resource throttle: list_cases waiting (cpu=100%>=90.0%, waited 95s)
2026-06-03 15:56:55,775 [MainThread] INFO mulder.server.app: Resource throttle: list_cases waiting (cpu=100%>=90.0%, waited 100s)
2026-06-03 15:57:00,784 [MainThread] INFO mulder.server.app: Resource throttle: list_cases waiting (cpu=100%>=90.0%, waited 105s)
2026-06-03 15:57:05,796 [MainThread] INFO mulder.server.app: Resource throttle: list_cases waiting (cpu=100%>=90.0%, waited 110s)
2026-06-03 15:57:10,806 [MainThread] INFO mulder.server.app: Resource throttle: list_cases waiting (cpu=100%>=90.0%, waited 115s)
2026-06-03 15:57:15,813 [MainThread] INFO mulder.server.app: Resource throttle: list_cases waiting (cpu=100%>=90.0%, waited 120s)
2026-06-03 15:57:20,824 [MainThread] INFO mulder.server.app: Resource throttle: list_cases waiting (cpu=100%>=90.0%, waited 125s)
2026-06-03 15:57:21,966 [mulder-job_0] INFO mulder.server.tools.extract.volatility: Volatility batch: netscan -> error
2026-06-03 15:57:21,969 [ThreadPoolExecutor-4_0] INFO volatility3.framework.automagic: Running automagic: SymbolCacheMagic
2026-06-03 15:57:22,019 [ThreadPoolExecutor-4_0] INFO volatility3.framework.automagic: Running automagic: ConstructionMagic
2026-06-03 15:57:22,027 [ThreadPoolExecutor-4_0] INFO volatility3.framework.automagic: Running automagic: LayerStacker
2026-06-03 15:57:22,034 [ThreadPoolExecutor-4_0] INFO volatility3.framework.automagic: Running automagic: WinSwapLayers
2026-06-03 15:57:22,035 [ThreadPoolExecutor-4_0] INFO volatility3.framework.automagic: Running automagic: KernelPDBScanner
2026-06-03 15:57:22,077 [ThreadPoolExecutor-4_0] INFO volatility3.framework.symbols.windows.pdbconv: Download PDB file...
2026-06-03 15:57:25,838 [MainThread] INFO mulder.server.app: Resource throttle: list_cases waiting (cpu=100%>=90.0%, waited 130s)
2026-06-03 15:57:30,848 [MainThread] INFO mulder.server.app: Resource throttle: list_cases waiting (cpu=100%>=90.0%, waited 135s)
2026-06-03 15:57:35,874 [MainThread] INFO mulder.server.app: Resource throttle: list_cases waiting (cpu=100%>=90.0%, waited 140s)
2026-06-03 15:57:40,881 [MainThread] INFO mulder.server.app: Resource throttle: list_cases waiting (cpu=100%>=90.0%, waited 145s)
2026-06-03 15:57:41,030 [ThreadPoolExecutor-4_0] INFO volatility3.framework.automagic: Running automagic: SymbolFinder
2026-06-03 15:57:41,034 [ThreadPoolExecutor-4_0] INFO volatility3.framework.automagic: Running automagic: LinuxSymbolFinder
2026-06-03 15:57:41,034 [ThreadPoolExecutor-4_0] INFO volatility3.framework.automagic: Running automagic: MacSymbolFinder
2026-06-03 15:57:41,035 [ThreadPoolExecutor-4_0] INFO volatility3.framework.automagic: Running automagic: KernelModule
2026-06-03 15:57:41,209 [mulder-job_0] INFO mulder.server.tools.extract.volatility: Volatility batch: malfind -> header_only
2026-06-03 15:57:41,216 [ThreadPoolExecutor-5_0] INFO volatility3.framework.automagic: Running automagic: SymbolCacheMagic
2026-06-03 15:57:41,259 [ThreadPoolExecutor-5_0] INFO volatility3.framework.automagic: Running automagic: ConstructionMagic
2026-06-03 15:57:41,272 [ThreadPoolExecutor-5_0] INFO volatility3.framework.automagic: Running automagic: LayerStacker
2026-06-03 15:57:41,277 [ThreadPoolExecutor-5_0] INFO volatility3.framework.automagic: Running automagic: WinSwapLayers
2026-06-03 15:57:41,277 [ThreadPoolExecutor-5_0] INFO volatility3.framework.automagic: Running automagic: KernelPDBScanner
2026-06-03 15:57:41,312 [ThreadPoolExecutor-5_0] INFO volatility3.framework.symbols.windows.pdbconv: Download PDB file...
2026-06-03 15:57:45,887 [MainThread] INFO mulder.server.app: Resource throttle: list_cases waiting (cpu=100%>=90.0%, waited 150s)
2026-06-03 15:57:50,893 [MainThread] INFO mulder.server.app: Resource throttle: list_cases waiting (cpu=100%>=90.0%, waited 155s)
2026-06-03 15:57:55,901 [MainThread] INFO mulder.server.app: Resource throttle: list_cases waiting (cpu=100%>=90.0%, waited 160s)
2026-06-03 15:58:00,907 [MainThread] INFO mulder.server.app: Resource throttle: list_cases waiting (cpu=100%>=90.0%, waited 165s)
2026-06-03 15:58:01,011 [ThreadPoolExecutor-5_0] INFO volatility3.framework.automagic: Running automagic: SymbolFinder
2026-06-03 15:58:01,013 [ThreadPoolExecutor-5_0] INFO volatility3.framework.automagic: Running automagic: LinuxSymbolFinder
2026-06-03 15:58:01,013 [ThreadPoolExecutor-5_0] INFO volatility3.framework.automagic: Running automagic: MacSymbolFinder
2026-06-03 15:58:01,014 [ThreadPoolExecutor-5_0] INFO volatility3.framework.automagic: Running automagic: KernelModule
2026-06-03 15:58:05,914 [MainThread] INFO mulder.server.app: Resource throttle: list_cases waiting (cpu=100%>=90.0%, waited 170s)
2026-06-03 15:58:10,921 [MainThread] INFO mulder.server.app: Resource throttle: list_cases waiting (cpu=100%>=90.0%, waited 175s)
2026-06-03 15:58:15,931 [MainThread] INFO mulder.server.app: Resource throttle: list_cases waiting (cpu=100%>=90.0%, waited 180s)
2026-06-03 15:58:20,937 [MainThread] INFO mulder.server.app: Resource throttle: list_cases waiting (cpu=100%>=90.0%, waited 185s)
2026-06-03 15:58:25,943 [MainThread] INFO mulder.server.app: Resource throttle: list_cases waiting (cpu=100%>=90.0%, waited 190s)
2026-06-03 15:58:30,950 [MainThread] INFO mulder.server.app: Resource throttle: list_cases waiting (cpu=100%>=90.0%, waited 195s)
2026-06-03 15:58:35,961 [MainThread] INFO mulder.server.app: Resource throttle: list_cases waiting (cpu=100%>=90.0%, waited 200s)
2026-06-03 15:58:40,967 [MainThread] INFO mulder.server.app: Resource throttle: list_cases waiting (cpu=100%>=90.0%, waited 205s)
2026-06-03 15:58:45,973 [MainThread] INFO mulder.server.app: Resource throttle: list_cases waiting (cpu=100%>=90.0%, waited 210s)
2026-06-03 15:58:50,980 [MainThread] INFO mulder.server.app: Resource throttle: list_cases waiting (cpu=100%>=90.0%, waited 215s)
2026-06-03 15:58:55,689 [mulder-job_0] INFO mulder.server.tools.extract.volatility: Volatility batch: psscan -> indexed
2026-06-03 15:58:55,697 [ThreadPoolExecutor-6_0] INFO volatility3.framework.automagic: Running automagic: SymbolCacheMagic
2026-06-03 15:58:55,740 [ThreadPoolExecutor-6_0] INFO volatility3.framework.automagic: Running automagic: ConstructionMagic
2026-06-03 15:58:55,753 [ThreadPoolExecutor-6_0] INFO volatility3.framework.automagic: Running automagic: LayerStacker
2026-06-03 15:58:55,758 [ThreadPoolExecutor-6_0] INFO volatility3.framework.automagic: Running automagic: WinSwapLayers
2026-06-03 15:58:55,763 [ThreadPoolExecutor-6_0] INFO volatility3.framework.automagic: Running automagic: KernelPDBScanner
2026-06-03 15:58:55,809 [ThreadPoolExecutor-6_0] INFO volatility3.framework.symbols.windows.pdbconv: Download PDB file...
2026-06-03 15:58:55,987 [MainThread] INFO mulder.server.app: Resource throttle: list_cases waiting (cpu=100%>=90.0%, waited 220s)
2026-06-03 15:59:00,997 [MainThread] INFO mulder.server.app: Resource throttle: list_cases waiting (cpu=100%>=90.0%, waited 225s)
2026-06-03 15:59:06,003 [MainThread] INFO mulder.server.app: Resource throttle: list_cases waiting (cpu=100%>=90.0%, waited 230s)
2026-06-03 15:59:11,010 [MainThread] INFO mulder.server.app: Resource throttle: list_cases waiting (cpu=100%>=90.0%, waited 235s)
2026-06-03 15:59:15,659 [ThreadPoolExecutor-6_0] INFO volatility3.framework.automagic: Running automagic: SymbolFinder
2026-06-03 15:59:15,663 [ThreadPoolExecutor-6_0] INFO volatility3.framework.automagic: Running automagic: LinuxSymbolFinder
2026-06-03 15:59:15,663 [ThreadPoolExecutor-6_0] INFO volatility3.framework.automagic: Running automagic: MacSymbolFinder
2026-06-03 15:59:15,664 [ThreadPoolExecutor-6_0] INFO volatility3.framework.automagic: Running automagic: KernelModule
2026-06-03 15:59:15,781 [mulder-job_0] INFO mulder.server.tools.extract.volatility: Volatility batch: dlllist -> header_only
2026-06-03 15:59:15,791 [ThreadPoolExecutor-7_0] INFO volatility3.framework.automagic: Running automagic: SymbolCacheMagic
2026-06-03 15:59:15,831 [ThreadPoolExecutor-7_0] INFO volatility3.framework.automagic: Running automagic: ConstructionMagic
2026-06-03 15:59:15,843 [ThreadPoolExecutor-7_0] INFO volatility3.framework.automagic: Running automagic: LayerStacker
2026-06-03 15:59:15,847 [ThreadPoolExecutor-7_0] INFO volatility3.framework.automagic: Running automagic: WinSwapLayers
2026-06-03 15:59:15,850 [ThreadPoolExecutor-7_0] INFO volatility3.framework.automagic: Running automagic: KernelPDBScanner
2026-06-03 15:59:15,876 [ThreadPoolExecutor-7_0] INFO volatility3.framework.symbols.windows.pdbconv: Download PDB file...
2026-06-03 15:59:16,019 [MainThread] INFO mulder.server.app: Resource throttle: list_cases waiting (cpu=100%>=90.0%, waited 240s)
2026-06-03 15:59:21,026 [MainThread] INFO mulder.server.app: Resource throttle: list_cases waiting (cpu=100%>=90.0%, waited 245s)
2026-06-03 15:59:26,033 [MainThread] INFO mulder.server.app: Resource throttle: list_cases waiting (cpu=100%>=90.0%, waited 250s)
2026-06-03 15:59:31,042 [MainThread] INFO mulder.server.app: Resource throttle: list_cases waiting (cpu=100%>=90.0%, waited 255s)
2026-06-03 15:59:35,028 [ThreadPoolExecutor-7_0] INFO volatility3.framework.automagic: Running automagic: SymbolFinder
2026-06-03 15:59:35,032 [ThreadPoolExecutor-7_0] INFO volatility3.framework.automagic: Running automagic: LinuxSymbolFinder
2026-06-03 15:59:35,032 [ThreadPoolExecutor-7_0] INFO volatility3.framework.automagic: Running automagic: MacSymbolFinder
2026-06-03 15:59:35,033 [ThreadPoolExecutor-7_0] INFO volatility3.framework.automagic: Running automagic: KernelModule
2026-06-03 15:59:35,104 [mulder-job_0] INFO mulder.server.tools.extract.volatility: Volatility batch: svcscan -> header_only
2026-06-03 15:59:35,106 [ThreadPoolExecutor-8_0] INFO volatility3.framework.automagic: Running automagic: SymbolCacheMagic
2026-06-03 15:59:35,142 [ThreadPoolExecutor-8_0] INFO volatility3.framework.automagic: Running automagic: ConstructionMagic
2026-06-03 15:59:35,150 [ThreadPoolExecutor-8_0] INFO volatility3.framework.automagic: Running automagic: LayerStacker
2026-06-03 15:59:35,154 [ThreadPoolExecutor-8_0] INFO volatility3.framework.automagic: Running automagic: WinSwapLayers
2026-06-03 15:59:35,154 [ThreadPoolExecutor-8_0] INFO volatility3.framework.automagic: Running automagic: KernelPDBScanner
2026-06-03 15:59:35,190 [ThreadPoolExecutor-8_0] INFO volatility3.framework.symbols.windows.pdbconv: Download PDB file...
2026-06-03 15:59:36,050 [MainThread] INFO mulder.server.app: Resource throttle: list_cases waiting (cpu=100%>=90.0%, waited 260s)
2026-06-03 15:59:41,058 [MainThread] INFO mulder.server.app: Resource throttle: list_cases waiting (cpu=100%>=90.0%, waited 265s)
2026-06-03 15:59:46,068 [MainThread] INFO mulder.server.app: Resource throttle: list_cases waiting (cpu=100%>=90.0%, waited 270s)
2026-06-03 15:59:51,074 [MainThread] INFO mulder.server.app: Resource throttle: list_cases waiting (cpu=100%>=90.0%, waited 275s)
2026-06-03 15:59:56,057 [ThreadPoolExecutor-8_0] INFO volatility3.framework.automagic: Running automagic: SymbolFinder
2026-06-03 15:59:56,058 [ThreadPoolExecutor-8_0] INFO volatility3.framework.automagic: Running automagic: LinuxSymbolFinder
2026-06-03 15:59:56,059 [ThreadPoolExecutor-8_0] INFO volatility3.framework.automagic: Running automagic: MacSymbolFinder
2026-06-03 15:59:56,060 [ThreadPoolExecutor-8_0] INFO volatility3.framework.automagic: Running automagic: KernelModule
2026-06-03 15:59:56,085 [MainThread] INFO mulder.server.app: Resource throttle: list_cases waiting (cpu=100%>=90.0%, waited 280s)
2026-06-03 15:59:56,101 [mulder-job_0] INFO mulder.server.tools.extract.volatility: Volatility batch: envars -> header_only
2026-06-03 15:59:56,102 [ThreadPoolExecutor-9_0] INFO volatility3.framework.automagic: Running automagic: SymbolCacheMagic
2026-06-03 15:59:56,121 [ThreadPoolExecutor-9_0] INFO volatility3.framework.automagic: Running automagic: ConstructionMagic
2026-06-03 15:59:56,124 [ThreadPoolExecutor-9_0] INFO volatility3.framework.automagic: Running automagic: LayerStacker
2026-06-03 15:59:56,125 [ThreadPoolExecutor-9_0] INFO volatility3.framework.automagic: Running automagic: WinSwapLayers
2026-06-03 15:59:56,126 [ThreadPoolExecutor-9_0] INFO volatility3.framework.automagic: Running automagic: KernelPDBScanner
2026-06-03 15:59:56,159 [ThreadPoolExecutor-9_0] INFO volatility3.framework.symbols.windows.pdbconv: Download PDB file...
2026-06-03 16:00:01,091 [MainThread] INFO mulder.server.app: Resource throttle: list_cases waiting (cpu=100%>=90.0%, waited 285s)
2026-06-03 16:00:06,099 [MainThread] INFO mulder.server.app: Resource throttle: list_cases waiting (cpu=100%>=90.0%, waited 290s)
2026-06-03 16:00:11,108 [MainThread] INFO mulder.server.app: Resource throttle: list_cases waiting (cpu=100%>=90.0%, waited 295s)
2026-06-03 16:00:16,013 [ThreadPoolExecutor-9_0] INFO volatility3.framework.automagic: Running automagic: SymbolFinder
2026-06-03 16:00:16,016 [ThreadPoolExecutor-9_0] INFO volatility3.framework.automagic: Running automagic: LinuxSymbolFinder
2026-06-03 16:00:16,017 [ThreadPoolExecutor-9_0] INFO volatility3.framework.automagic: Running automagic: MacSymbolFinder
2026-06-03 16:00:16,017 [ThreadPoolExecutor-9_0] INFO volatility3.framework.automagic: Running automagic: KernelModule
2026-06-03 16:00:22,214 [MainThread] INFO mcp.server.lowlevel.server: Processing request of type CallToolRequest
2026-06-03 16:00:22,215 [MainThread] INFO mulder.server.app: Resource throttle: open_case waiting (cpu=100%>=90.0%, waited 0s)
2026-06-03 16:00:27,222 [MainThread] INFO mulder.server.app: Resource throttle: open_case waiting (cpu=100%>=90.0%, waited 5s)
2026-06-03 16:00:32,232 [MainThread] INFO mulder.server.app: Resource throttle: open_case waiting (cpu=100%>=90.0%, waited 10s)
2026-06-03 16:00:37,238 [MainThread] INFO mulder.server.app: Resource throttle: open_case waiting (cpu=100%>=90.0%, waited 15s)
2026-06-03 16:00:42,245 [MainThread] INFO mulder.server.app: Resource throttle: open_case waiting (cpu=100%>=90.0%, waited 20s)
2026-06-03 16:00:47,253 [MainThread] INFO mulder.server.app: Resource throttle: open_case waiting (cpu=100%>=90.0%, waited 25s)
2026-06-03 16:00:52,261 [MainThread] INFO mulder.server.app: Resource throttle: open_case waiting (cpu=100%>=90.0%, waited 30s)
2026-06-03 16:00:57,276 [MainThread] INFO mulder.server.app: Resource throttle: open_case waiting (cpu=100%>=90.0%, waited 35s)
2026-06-03 16:01:02,286 [MainThread] INFO mulder.server.app: Resource throttle: open_case waiting (cpu=100%>=90.0%, waited 40s)
2026-06-03 16:01:07,343 [MainThread] INFO mulder.server.app: Resource throttle: open_case waiting (cpu=100%>=90.0%, waited 45s)
2026-06-03 16:01:12,354 [MainThread] INFO mulder.server.app: Resource throttle: open_case waiting (cpu=100%>=90.0%, waited 50s)
2026-06-03 16:01:17,360 [MainThread] INFO mulder.server.app: Resource throttle: open_case waiting (cpu=100%>=90.0%, waited 55s)
2026-06-03 16:01:22,366 [MainThread] INFO mulder.server.app: Resource throttle: open_case waiting (cpu=100%>=90.0%, waited 60s)
2026-06-03 16:01:27,380 [MainThread] INFO mulder.server.app: Resource throttle: open_case waiting (cpu=100%>=90.0%, waited 65s)
2026-06-03 16:01:32,392 [MainThread] INFO mulder.server.app: Resource throttle: open_case waiting (cpu=100%>=90.0%, waited 70s)
2026-06-03 16:01:37,402 [MainThread] INFO mulder.server.app: Resource throttle: open_case waiting (cpu=100%>=90.0%, waited 75s)
2026-06-03 16:01:42,465 [MainThread] INFO mulder.server.app: Resource throttle: open_case waiting (cpu=100%>=90.0%, waited 80s)
2026-06-03 16:01:47,596 [MainThread] INFO mulder.server.app: Resource throttle: open_case waiting (cpu=99%>=90.0%, waited 85s)
2026-06-03 16:01:52,649 [MainThread] INFO mulder.server.app: Resource throttle: open_case waiting (cpu=99%>=90.0%, waited 90s)
2026-06-03 16:01:57,669 [MainThread] INFO mulder.server.app: Resource throttle: open_case waiting (cpu=99%>=90.0%, waited 95s)
2026-06-03 16:02:02,763 [MainThread] INFO mulder.server.app: Resource throttle: open_case waiting (cpu=100%>=90.0%, waited 100s)
2026-06-03 16:02:07,787 [MainThread] INFO mulder.server.app: Resource throttle: open_case waiting (cpu=100%>=90.0%, waited 105s)
2026-06-03 16:02:12,799 [MainThread] INFO mulder.server.app: Resource throttle: open_case waiting (cpu=100%>=90.0%, waited 110s)
2026-06-03 16:02:14,722 [mulder-job_0] INFO mulder.server.tools.extract.volatility: Volatility batch: filescan -> header_only
2026-06-03 16:02:14,749 [ThreadPoolExecutor-10_0] INFO volatility3.framework.automagic: Running automagic: SymbolCacheMagic
2026-06-03 16:02:14,823 [ThreadPoolExecutor-10_0] INFO volatility3.framework.automagic: Running automagic: ConstructionMagic
2026-06-03 16:02:14,833 [ThreadPoolExecutor-10_0] INFO volatility3.framework.automagic: Running automagic: LayerStacker
2026-06-03 16:02:14,839 [ThreadPoolExecutor-10_0] INFO volatility3.framework.automagic: Running automagic: WinSwapLayers
2026-06-03 16:02:14,845 [ThreadPoolExecutor-10_0] INFO volatility3.framework.automagic: Running automagic: KernelPDBScanner
2026-06-03 16:02:14,906 [ThreadPoolExecutor-10_0] INFO volatility3.framework.symbols.windows.pdbconv: Download PDB file...
2026-06-03 16:02:17,818 [MainThread] INFO mulder.server.app: Resource throttle: open_case waiting (cpu=100%>=90.0%, waited 115s)
2026-06-03 16:02:22,838 [MainThread] INFO mulder.server.app: Resource throttle: open_case waiting (cpu=100%>=90.0%, waited 120s)
2026-06-03 16:02:27,846 [MainThread] INFO mulder.server.app: Resource throttle: open_case waiting (cpu=100%>=90.0%, waited 125s)
2026-06-03 16:02:32,854 [MainThread] INFO mulder.server.app: Resource throttle: open_case waiting (cpu=100%>=90.0%, waited 130s)
2026-06-03 16:02:36,980 [ThreadPoolExecutor-10_0] INFO volatility3.framework.automagic: Running automagic: SymbolFinder
2026-06-03 16:02:36,985 [ThreadPoolExecutor-10_0] INFO volatility3.framework.automagic: Running automagic: LinuxSymbolFinder
2026-06-03 16:02:36,986 [ThreadPoolExecutor-10_0] INFO volatility3.framework.automagic: Running automagic: MacSymbolFinder
2026-06-03 16:02:36,989 [ThreadPoolExecutor-10_0] INFO volatility3.framework.automagic: Running automagic: KernelModule
2026-06-03 16:02:37,125 [mulder-job_0] INFO mulder.server.tools.extract.volatility: Volatility batch: modules -> header_only
2026-06-03 16:02:37,127 [ThreadPoolExecutor-11_0] INFO volatility3.framework.automagic: Running automagic: SymbolCacheMagic
2026-06-03 16:02:37,167 [ThreadPoolExecutor-11_0] INFO volatility3.framework.automagic: Running automagic: ConstructionMagic
2026-06-03 16:02:37,173 [ThreadPoolExecutor-11_0] INFO volatility3.framework.automagic: Running automagic: LayerStacker
2026-06-03 16:02:37,174 [ThreadPoolExecutor-11_0] INFO volatility3.framework.automagic: Running automagic: WinSwapLayers
2026-06-03 16:02:37,177 [ThreadPoolExecutor-11_0] INFO volatility3.framework.automagic: Running automagic: KernelPDBScanner
2026-06-03 16:02:37,248 [ThreadPoolExecutor-11_0] INFO volatility3.framework.symbols.windows.pdbconv: Download PDB file...
2026-06-03 16:02:37,863 [MainThread] INFO mulder.server.app: Resource throttle: open_case waiting (cpu=100%>=90.0%, waited 135s)
2026-06-03 16:02:42,877 [MainThread] INFO mulder.server.app: Resource throttle: open_case waiting (cpu=100%>=90.0%, waited 140s)
2026-06-03 16:02:47,890 [MainThread] INFO mulder.server.app: Resource throttle: open_case waiting (cpu=100%>=90.0%, waited 145s)
2026-06-03 16:02:52,904 [MainThread] INFO mulder.server.app: Resource throttle: open_case waiting (cpu=100%>=90.0%, waited 150s)
2026-06-03 16:02:57,917 [MainThread] INFO mulder.server.app: Resource throttle: open_case waiting (cpu=100%>=90.0%, waited 155s)
2026-06-03 16:03:01,044 [ThreadPoolExecutor-11_0] INFO volatility3.framework.automagic: Running automagic: SymbolFinder
2026-06-03 16:03:01,048 [ThreadPoolExecutor-11_0] INFO volatility3.framework.automagic: Running automagic: LinuxSymbolFinder
2026-06-03 16:03:01,048 [ThreadPoolExecutor-11_0] INFO volatility3.framework.automagic: Running automagic: MacSymbolFinder
2026-06-03 16:03:01,049 [ThreadPoolExecutor-11_0] INFO volatility3.framework.automagic: Running automagic: KernelModule
2026-06-03 16:03:02,923 [MainThread] INFO mulder.server.app: Resource throttle: open_case waiting (cpu=100%>=90.0%, waited 160s)
2026-06-03 16:03:07,932 [MainThread] INFO mulder.server.app: Resource throttle: open_case waiting (cpu=100%>=90.0%, waited 165s)
2026-06-03 16:03:12,943 [MainThread] INFO mulder.server.app: Resource throttle: open_case waiting (cpu=100%>=90.0%, waited 170s)
2026-06-03 16:03:17,950 [MainThread] INFO mulder.server.app: Resource throttle: open_case waiting (cpu=100%>=90.0%, waited 175s)
2026-06-03 16:03:22,956 [MainThread] INFO mulder.server.app: Resource throttle: open_case waiting (cpu=100%>=90.0%, waited 180s)
2026-06-03 16:03:27,962 [MainThread] INFO mulder.server.app: Resource throttle: open_case waiting (cpu=100%>=90.0%, waited 185s)
2026-06-03 16:03:32,969 [MainThread] INFO mulder.server.app: Resource throttle: open_case waiting (cpu=100%>=90.0%, waited 190s)
2026-06-03 16:03:37,976 [MainThread] INFO mulder.server.app: Resource throttle: open_case waiting (cpu=100%>=90.0%, waited 195s)
2026-06-03 16:03:42,985 [MainThread] INFO mulder.server.app: Resource throttle: open_case waiting (cpu=100%>=90.0%, waited 200s)
2026-06-03 16:03:47,997 [MainThread] INFO mulder.server.app: Resource throttle: open_case waiting (cpu=100%>=90.0%, waited 205s)
2026-06-03 16:03:53,003 [MainThread] INFO mulder.server.app: Resource throttle: open_case waiting (cpu=100%>=90.0%, waited 210s)
2026-06-03 16:03:58,013 [MainThread] INFO mulder.server.app: Resource throttle: open_case waiting (cpu=100%>=90.0%, waited 215s)
2026-06-03 16:03:58,222 [mulder-job_0] INFO mulder.server.tools.extract.volatility: Volatility batch: modscan -> indexed
2026-06-03 16:03:58,232 [ThreadPoolExecutor-12_0] INFO volatility3.framework.automagic: Running automagic: SymbolCacheMagic
2026-06-03 16:03:58,290 [ThreadPoolExecutor-12_0] INFO volatility3.framework.automagic: Running automagic: ConstructionMagic
2026-06-03 16:03:58,301 [ThreadPoolExecutor-12_0] INFO volatility3.framework.automagic: Running automagic: LayerStacker
2026-06-03 16:03:58,302 [ThreadPoolExecutor-12_0] INFO volatility3.framework.automagic: Running automagic: WinSwapLayers
2026-06-03 16:03:58,306 [ThreadPoolExecutor-12_0] INFO volatility3.framework.automagic: Running automagic: KernelPDBScanner
2026-06-03 16:03:58,331 [ThreadPoolExecutor-12_0] INFO volatility3.framework.symbols.windows.pdbconv: Download PDB file...
2026-06-03 16:04:03,024 [MainThread] INFO mulder.server.app: Resource throttle: open_case waiting (cpu=100%>=90.0%, waited 220s)
2026-06-03 16:04:08,030 [MainThread] INFO mulder.server.app: Resource throttle: open_case waiting (cpu=100%>=90.0%, waited 225s)
2026-06-03 16:04:13,036 [MainThread] INFO mulder.server.app: Resource throttle: open_case waiting (cpu=100%>=90.0%, waited 230s)
2026-06-03 16:04:18,043 [MainThread] INFO mulder.server.app: Resource throttle: open_case waiting (cpu=100%>=90.0%, waited 235s)
2026-06-03 16:04:19,925 [ThreadPoolExecutor-12_0] INFO volatility3.framework.automagic: Running automagic: SymbolFinder
2026-06-03 16:04:19,927 [ThreadPoolExecutor-12_0] INFO volatility3.framework.automagic: Running automagic: LinuxSymbolFinder
2026-06-03 16:04:19,931 [ThreadPoolExecutor-12_0] INFO volatility3.framework.automagic: Running automagic: MacSymbolFinder
2026-06-03 16:04:19,932 [ThreadPoolExecutor-12_0] INFO volatility3.framework.automagic: Running automagic: KernelModule
2026-06-03 16:04:20,057 [mulder-job_0] INFO mulder.server.tools.extract.volatility: Volatility batch: getsids -> header_only
2026-06-03 16:04:20,060 [mulder-job_0] INFO mulder.server.jobs: Job job_fcfe6654 (run_volatility_batch) completed
2026-06-03 16:04:20,061 [mulder-job_0] INFO mulder.server.jobs: [JOB_COMPLETE] run_volatility_batch|completed|
2026-06-03 16:04:23,061 [MainThread] INFO mulder.server.app: Resource throttle: open_case waiting (cpu=100%>=90.0%, waited 240s)
2026-06-03 16:04:28,070 [MainThread] INFO mulder.server.app: Resource throttle: open_case waiting (cpu=100%>=90.0%, waited 245s)
2026-06-03 16:04:33,083 [MainThread] INFO mulder.server.app: Resource throttle: open_case waiting (cpu=100%>=90.0%, waited 250s)
2026-06-03 16:04:38,089 [MainThread] INFO mulder.server.app: Resource throttle: open_case waiting (cpu=100%>=90.0%, waited 255s)
2026-06-03 16:04:43,095 [MainThread] INFO mulder.server.app: Resource throttle: open_case waiting (cpu=100%>=90.0%, waited 260s)
2026-06-03 16:04:48,104 [MainThread] INFO mulder.server.app: Resource throttle: open_case waiting (cpu=100%>=90.0%, waited 265s)
2026-06-03 16:04:53,111 [MainThread] INFO mulder.server.app: Resource throttle: open_case waiting (cpu=100%>=90.0%, waited 270s)
2026-06-03 16:04:58,128 [MainThread] INFO mulder.server.app: Resource throttle: open_case waiting (cpu=100%>=90.0%, waited 275s)
2026-06-03 16:05:03,138 [MainThread] INFO mulder.server.app: Resource throttle: open_case waiting (cpu=100%>=90.0%, waited 280s)
2026-06-03 16:05:03,148 [MainThread] INFO mcp.server.lowlevel.server: Warning: FutureWarning: This API (volatility3.plugins.windows.malware.malfind.Malfind.run) will be removed in the first release after 2026-06-07. This plugin has been renamed, please call volatility3.plugins.windows.malware.malfind.Malfind rather than volatility3.plugins.windows.malfind.Malfind.
2026-06-03 16:05:08,144 [MainThread] INFO mulder.server.app: Resource throttle: open_case waiting (cpu=100%>=90.0%, waited 285s)
2026-06-03 16:05:13,164 [MainThread] INFO mulder.server.app: Resource throttle: open_case waiting (cpu=100%>=90.0%, waited 290s)
2026-06-03 16:05:14,725 [MainThread] INFO mcp.server.lowlevel.server: Processing request of type CallToolRequest
2026-06-03 16:05:14,739 [MainThread] INFO mulder.server.app: Resource throttle: wait waiting (cpu=100%>=90.0%, waited 0s)
2026-06-03 16:05:18,205 [MainThread] INFO mulder.server.app: Resource throttle: open_case waiting (cpu=100%>=90.0%, waited 295s)
2026-06-03 16:05:19,749 [MainThread] INFO mulder.server.app: Resource throttle: wait waiting (cpu=100%>=90.0%, waited 5s)
2026-06-03 16:05:23,218 [AnyIO worker thread] INFO mulder.server.app: Opening case database for 'SRL-2018' ...
2026-06-03 16:05:23,249 [AnyIO worker thread] INFO mulder.server.app: Server context ready for case 'SRL-2018'
2026-06-03 16:05:24,761 [MainThread] INFO mulder.server.app: Resource throttle: wait waiting (cpu=100%>=90.0%, waited 10s)
2026-06-03 16:05:29,767 [MainThread] INFO mulder.server.app: Resource throttle: wait waiting (cpu=100%>=90.0%, waited 15s)
2026-06-03 16:05:32,192 [MainThread] INFO mcp.server.lowlevel.server: Processing request of type CallToolRequest
2026-06-03 16:05:32,196 [MainThread] INFO mulder.server.app: Resource throttle: start_extraction_batch waiting (cpu=100%>=90.0%, waited 0s)
2026-06-03 16:05:34,773 [MainThread] INFO mulder.server.app: Resource throttle: wait waiting (cpu=100%>=90.0%, waited 20s)
2026-06-03 16:05:37,207 [MainThread] INFO mulder.server.app: Resource throttle: start_extraction_batch waiting (cpu=100%>=90.0%, waited 5s)
2026-06-03 16:05:39,784 [MainThread] INFO mulder.server.app: Resource throttle: wait waiting (cpu=100%>=90.0%, waited 25s)
2026-06-03 16:05:42,213 [MainThread] INFO mulder.server.app: Resource throttle: start_extraction_batch waiting (cpu=100%>=90.0%, waited 10s)
2026-06-03 16:05:44,790 [MainThread] INFO mulder.server.app: Resource throttle: wait waiting (cpu=100%>=90.0%, waited 30s)
2026-06-03 16:05:47,222 [MainThread] INFO mulder.server.app: Resource throttle: start_extraction_batch waiting (cpu=100%>=90.0%, waited 15s)
2026-06-03 16:05:49,799 [MainThread] INFO mulder.server.app: Resource throttle: wait waiting (cpu=100%>=90.0%, waited 35s)
2026-06-03 16:05:52,228 [MainThread] INFO mulder.server.app: Resource throttle: start_extraction_batch waiting (cpu=100%>=90.0%, waited 20s)
2026-06-03 16:05:54,805 [MainThread] INFO mulder.server.app: Resource throttle: wait waiting (cpu=100%>=90.0%, waited 40s)
2026-06-03 16:05:57,235 [MainThread] INFO mulder.server.app: Resource throttle: start_extraction_batch waiting (cpu=100%>=90.0%, waited 25s)
2026-06-03 16:05:59,815 [MainThread] INFO mulder.server.app: Resource throttle: wait waiting (cpu=100%>=90.0%, waited 45s)
2026-06-03 16:06:02,249 [MainThread] INFO mulder.server.app: Resource throttle: start_extraction_batch waiting (cpu=100%>=90.0%, waited 30s)
2026-06-03 16:06:04,823 [MainThread] INFO mulder.server.app: Resource throttle: wait waiting (cpu=100%>=90.0%, waited 50s)
2026-06-03 16:06:07,264 [MainThread] INFO mulder.server.app: Resource throttle: start_extraction_batch waiting (cpu=100%>=90.0%, waited 35s)
2026-06-03 16:06:09,845 [MainThread] INFO mulder.server.app: Resource throttle: wait waiting (cpu=100%>=90.0%, waited 55s)
2026-06-03 16:06:12,273 [MainThread] INFO mulder.server.app: Resource throttle: start_extraction_batch waiting (cpu=100%>=90.0%, waited 40s)
2026-06-03 16:06:14,855 [MainThread] INFO mulder.server.app: Resource throttle: wait waiting (cpu=100%>=90.0%, waited 60s)
2026-06-03 16:06:17,280 [MainThread] INFO mulder.server.app: Resource throttle: start_extraction_batch waiting (cpu=100%>=90.0%, waited 45s)
2026-06-03 16:06:19,863 [MainThread] INFO mulder.server.app: Resource throttle: wait waiting (cpu=100%>=90.0%, waited 65s)
2026-06-03 16:06:22,291 [MainThread] INFO mulder.server.app: Resource throttle: start_extraction_batch waiting (cpu=100%>=90.0%, waited 50s)
2026-06-03 16:06:24,873 [MainThread] INFO mulder.server.app: Resource throttle: wait waiting (cpu=100%>=90.0%, waited 70s)
2026-06-03 16:06:27,300 [MainThread] INFO mulder.server.app: Resource throttle: start_extraction_batch waiting (cpu=100%>=90.0%, waited 55s)
2026-06-03 16:06:29,884 [MainThread] INFO mulder.server.app: Resource throttle: wait waiting (cpu=100%>=90.0%, waited 75s)
2026-06-03 16:06:32,313 [MainThread] INFO mulder.server.app: Resource throttle: start_extraction_batch waiting (cpu=100%>=90.0%, waited 60s)
2026-06-03 16:06:34,895 [MainThread] INFO mulder.server.app: Resource throttle: wait waiting (cpu=100%>=90.0%, waited 80s)
2026-06-03 16:06:37,322 [MainThread] INFO mulder.server.app: Resource throttle: start_extraction_batch waiting (cpu=100%>=90.0%, waited 65s)
2026-06-03 16:06:39,904 [MainThread] INFO mulder.server.app: Resource throttle: wait waiting (cpu=100%>=90.0%, waited 85s)
2026-06-03 16:06:42,328 [MainThread] INFO mulder.server.app: Resource throttle: start_extraction_batch waiting (cpu=100%>=90.0%, waited 70s)
2026-06-03 16:06:44,911 [MainThread] INFO mulder.server.app: Resource throttle: wait waiting (cpu=100%>=90.0%, waited 90s)
2026-06-03 16:06:47,344 [MainThread] INFO mulder.server.app: Resource throttle: start_extraction_batch waiting (cpu=100%>=90.0%, waited 75s)
2026-06-03 16:06:49,920 [MainThread] INFO mulder.server.app: Resource throttle: wait waiting (cpu=100%>=90.0%, waited 95s)
2026-06-03 16:06:52,352 [MainThread] INFO mulder.server.app: Resource throttle: start_extraction_batch waiting (cpu=100%>=90.0%, waited 80s)
2026-06-03 16:06:54,933 [MainThread] INFO mulder.server.app: Resource throttle: wait waiting (cpu=100%>=90.0%, waited 100s)
2026-06-03 16:06:57,368 [MainThread] INFO mulder.server.app: Resource throttle: start_extraction_batch waiting (cpu=100%>=90.0%, waited 85s)
2026-06-03 16:06:59,940 [MainThread] INFO mulder.server.app: Resource throttle: wait waiting (cpu=100%>=90.0%, waited 105s)
2026-06-03 16:07:02,377 [MainThread] INFO mulder.server.app: Resource throttle: start_extraction_batch waiting (cpu=99%>=90.0%, waited 90s)
2026-06-03 16:07:04,953 [MainThread] INFO mulder.server.app: Resource throttle: wait waiting (cpu=94%>=90.0%, waited 110s)
2026-06-03 16:07:07,408 [AnyIO worker thread] INFO mulder.server.jobs: Submitted batch bg_dbaa090b with 4 jobs: ['run_volatility_batch', 'run_volatility_batch', 'run_fls', 'run_bulk_extractor']
2026-06-03 16:07:07,462 [MainThread] INFO mcp.server.lowlevel.server: Processing request of type CallToolRequest
2026-06-03 16:07:07,464 [MainThread] INFO mulder.server.app: Resource throttle: run_mmls waiting (cpu=92%>=90.0%, waited 0s)
2026-06-03 16:07:07,845 [mulder-job_1] INFO mulder.server.tools.extract.volatility: Volatility batch: context built for '/home/mulder/.mulder/cases/extracted/base-file-snapshot5/base-file-snapshot5.img', running 11 plugins (timeout=600s)
2026-06-03 16:07:07,846 [mulder-job_0] INFO mulder.server.tools.extract.volatility: Volatility batch: context built for '/home/mulder/.mulder/cases/extracted/base-file-memory/base-file-memory.img', running 11 plugins (timeout=600s)
2026-06-03 16:07:07,850 [ThreadPoolExecutor-0_0] INFO volatility3.framework.automagic: Running automagic: SymbolCacheMagic
2026-06-03 16:07:07,859 [ThreadPoolExecutor-1_0] INFO volatility3.framework.automagic: Running automagic: SymbolCacheMagic
2026-06-03 16:07:07,910 [ThreadPoolExecutor-0_0] INFO volatility3.framework.automagic: Running automagic: ConstructionMagic
2026-06-03 16:07:07,910 [ThreadPoolExecutor-1_0] INFO volatility3.framework.automagic: Running automagic: ConstructionMagic
2026-06-03 16:07:07,925 [ThreadPoolExecutor-0_0] INFO volatility3.framework.automagic: Running automagic: LayerStacker
2026-06-03 16:07:07,926 [ThreadPoolExecutor-1_0] INFO volatility3.framework.automagic: Running automagic: LayerStacker
2026-06-03 16:07:07,974 [ThreadPoolExecutor-1_0] INFO volatility3.framework.automagic.linux: No Linux banners found - if this is a linux plugin, please check your symbol files location
2026-06-03 16:07:07,976 [ThreadPoolExecutor-1_0] INFO volatility3.framework.automagic.linux: No Linux banners found - if this is a linux plugin, please check your symbol files location
2026-06-03 16:07:07,978 [ThreadPoolExecutor-1_0] INFO volatility3.framework.automagic.mac: No Mac banners found - if this is a mac plugin, please check your symbol files location
2026-06-03 16:07:08,002 [ThreadPoolExecutor-0_0] INFO volatility3.framework.automagic.linux: No Linux banners found - if this is a linux plugin, please check your symbol files location
2026-06-03 16:07:08,008 [ThreadPoolExecutor-0_0] INFO volatility3.framework.automagic.linux: No Linux banners found - if this is a linux plugin, please check your symbol files location
2026-06-03 16:07:08,009 [ThreadPoolExecutor-0_0] INFO volatility3.framework.automagic.mac: No Mac banners found - if this is a mac plugin, please check your symbol files location
2026-06-03 16:07:08,073 [ThreadPoolExecutor-1_0] INFO volatility3.framework.automagic: Running automagic: WinSwapLayers
2026-06-03 16:07:08,077 [ThreadPoolExecutor-1_0] INFO volatility3.framework.automagic: Running automagic: KernelPDBScanner
2026-06-03 16:07:08,098 [ThreadPoolExecutor-0_0] INFO volatility3.framework.automagic: Running automagic: WinSwapLayers
2026-06-03 16:07:08,105 [ThreadPoolExecutor-0_0] INFO volatility3.framework.automagic: Running automagic: KernelPDBScanner
2026-06-03 16:07:08,128 [ThreadPoolExecutor-1_0] INFO volatility3.framework.symbols.windows.pdbconv: Download PDB file...
2026-06-03 16:07:08,154 [ThreadPoolExecutor-0_0] INFO volatility3.framework.symbols.windows.pdbconv: Download PDB file...
2026-06-03 16:07:09,050 [ThreadPoolExecutor-0_0] INFO volatility3.framework.automagic: Running automagic: SymbolFinder
2026-06-03 16:07:09,051 [ThreadPoolExecutor-0_0] INFO volatility3.framework.automagic: Running automagic: LinuxSymbolFinder
2026-06-03 16:07:09,053 [ThreadPoolExecutor-0_0] INFO volatility3.framework.automagic: Running automagic: MacSymbolFinder
2026-06-03 16:07:09,054 [ThreadPoolExecutor-0_0] INFO volatility3.framework.automagic: Running automagic: KernelModule
2026-06-03 16:07:09,055 [ThreadPoolExecutor-0_0] WARNING volatility3.framework.plugins: Automagic exception occurred: sqlite3.ProgrammingError: SQLite objects created in a thread can only be used in that same thread. The object was created in thread id 281473407471872 and this is thread id 281472951775488.
2026-06-03 16:07:09,058 [ThreadPoolExecutor-0_0] WARNING volatility3.framework.plugins: Automagic exception occurred: volatility3.framework.exceptions.InvalidAddressException: Offset outside of the buffer boundaries
2026-06-03 16:07:09,059 [mulder-job_1] INFO mulder.server.tools.extract.volatility: Volatility batch: pslist -> error
2026-06-03 16:07:09,061 [ThreadPoolExecutor-2_0] INFO volatility3.framework.automagic: Running automagic: SymbolCacheMagic
2026-06-03 16:07:09,088 [ThreadPoolExecutor-2_0] INFO volatility3.framework.automagic: Running automagic: ConstructionMagic
2026-06-03 16:07:09,096 [ThreadPoolExecutor-2_0] INFO volatility3.framework.automagic: Running automagic: LayerStacker
2026-06-03 16:07:09,097 [ThreadPoolExecutor-2_0] INFO volatility3.framework.automagic: Running automagic: WinSwapLayers
2026-06-03 16:07:09,098 [ThreadPoolExecutor-2_0] INFO volatility3.framework.automagic: Running automagic: KernelPDBScanner
2026-06-03 16:07:09,127 [ThreadPoolExecutor-2_0] INFO volatility3.framework.symbols.windows.pdbconv: Download PDB file...
2026-06-03 16:07:12,480 [MainThread] INFO mulder.server.app: Resource throttle: run_mmls waiting (cpu=98%>=90.0%, waited 5s)
2026-06-03 16:07:17,496 [MainThread] INFO mulder.server.app: Resource throttle: run_mmls waiting (cpu=100%>=90.0%, waited 10s)
2026-06-03 16:07:22,589 [MainThread] INFO mulder.server.app: Resource throttle: run_mmls waiting (cpu=100%>=90.0%, waited 15s)
2026-06-03 16:07:27,611 [MainThread] INFO mulder.server.app: Resource throttle: run_mmls waiting (cpu=100%>=90.0%, waited 20s)
2026-06-03 16:07:32,694 [MainThread] INFO mulder.server.app: Resource throttle: run_mmls waiting (cpu=100%>=90.0%, waited 25s)
2026-06-03 16:07:36,048 [ThreadPoolExecutor-1_0] INFO volatility3.framework.automagic: Running automagic: SymbolFinder
2026-06-03 16:07:36,052 [ThreadPoolExecutor-1_0] INFO volatility3.framework.automagic: Running automagic: LinuxSymbolFinder
2026-06-03 16:07:36,053 [ThreadPoolExecutor-1_0] INFO volatility3.framework.automagic: Running automagic: MacSymbolFinder
2026-06-03 16:07:36,054 [ThreadPoolExecutor-1_0] INFO volatility3.framework.automagic: Running automagic: KernelModule
2026-06-03 16:07:36,055 [ThreadPoolExecutor-1_0] WARNING volatility3.framework.plugins: Automagic exception occurred: sqlite3.ProgrammingError: SQLite objects created in a thread can only be used in that same thread. The object was created in thread id 281473420337408 and this is thread id 281472938909952.
2026-06-03 16:07:36,059 [ThreadPoolExecutor-1_0] WARNING volatility3.framework.plugins: Automagic exception occurred: EOFError: Compressed file ended before the end-of-stream marker was reached
2026-06-03 16:07:36,060 [mulder-job_0] INFO mulder.server.tools.extract.volatility: Volatility batch: pslist -> error
2026-06-03 16:07:36,063 [ThreadPoolExecutor-3_0] INFO volatility3.framework.automagic: Running automagic: SymbolCacheMagic
2026-06-03 16:07:36,104 [ThreadPoolExecutor-3_0] INFO volatility3.framework.automagic: Running automagic: ConstructionMagic
2026-06-03 16:07:36,156 [ThreadPoolExecutor-3_0] INFO volatility3.framework.automagic: Running automagic: LayerStacker
2026-06-03 16:07:36,166 [ThreadPoolExecutor-3_0] INFO volatility3.framework.automagic: Running automagic: WinSwapLayers
2026-06-03 16:07:36,177 [ThreadPoolExecutor-3_0] INFO volatility3.framework.automagic: Running automagic: KernelPDBScanner
2026-06-03 16:07:36,253 [ThreadPoolExecutor-3_0] INFO volatility3.framework.symbols.windows.pdbconv: Download PDB file...
2026-06-03 16:07:37,711 [MainThread] INFO mulder.server.app: Resource throttle: run_mmls waiting (cpu=100%>=90.0%, waited 30s)
2026-06-03 16:07:40,992 [ThreadPoolExecutor-2_0] INFO volatility3.framework.automagic: Running automagic: SymbolFinder
2026-06-03 16:07:41,008 [ThreadPoolExecutor-2_0] INFO volatility3.framework.automagic: Running automagic: LinuxSymbolFinder
2026-06-03 16:07:41,013 [ThreadPoolExecutor-2_0] INFO volatility3.framework.automagic: Running automagic: MacSymbolFinder
2026-06-03 16:07:41,019 [ThreadPoolExecutor-2_0] INFO volatility3.framework.automagic: Running automagic: KernelModule
2026-06-03 16:07:41,459 [mulder-job_1] INFO mulder.server.tools.extract.volatility: Volatility batch: pstree -> header_only
2026-06-03 16:07:41,461 [ThreadPoolExecutor-4_0] INFO volatility3.framework.automagic: Running automagic: SymbolCacheMagic
2026-06-03 16:07:41,595 [ThreadPoolExecutor-4_0] INFO volatility3.framework.automagic: Running automagic: ConstructionMagic
2026-06-03 16:07:41,616 [ThreadPoolExecutor-4_0] INFO volatility3.framework.automagic: Running automagic: LayerStacker
2026-06-03 16:07:41,635 [ThreadPoolExecutor-4_0] INFO volatility3.framework.automagic: Running automagic: WinSwapLayers
2026-06-03 16:07:41,654 [ThreadPoolExecutor-4_0] INFO volatility3.framework.automagic: Running automagic: KernelPDBScanner
2026-06-03 16:07:41,795 [ThreadPoolExecutor-4_0] INFO volatility3.framework.symbols.windows.pdbconv: Download PDB file...
2026-06-03 16:07:42,748 [MainThread] INFO mulder.server.app: Resource throttle: run_mmls waiting (cpu=100%>=90.0%, waited 35s)
2026-06-03 16:07:47,772 [MainThread] INFO mulder.server.app: Resource throttle: run_mmls waiting (cpu=100%>=90.0%, waited 40s)
2026-06-03 16:07:52,789 [MainThread] INFO mulder.server.app: Resource throttle: run_mmls waiting (cpu=100%>=90.0%, waited 45s)
2026-06-03 16:07:57,876 [MainThread] INFO mulder.server.app: Resource throttle: run_mmls waiting (cpu=100%>=90.0%, waited 50s)
2026-06-03 16:08:02,198 [ThreadPoolExecutor-3_0] INFO volatility3.framework.automagic: Running automagic: SymbolFinder
2026-06-03 16:08:02,202 [ThreadPoolExecutor-3_0] INFO volatility3.framework.automagic: Running automagic: LinuxSymbolFinder
2026-06-03 16:08:02,202 [ThreadPoolExecutor-3_0] INFO volatility3.framework.automagic: Running automagic: MacSymbolFinder
2026-06-03 16:08:02,203 [ThreadPoolExecutor-3_0] INFO volatility3.framework.automagic: Running automagic: KernelModule
2026-06-03 16:08:02,280 [mulder-job_0] INFO mulder.server.tools.extract.volatility: Volatility batch: pstree -> header_only
2026-06-03 16:08:02,283 [ThreadPoolExecutor-5_0] INFO volatility3.framework.automagic: Running automagic: SymbolCacheMagic
2026-06-03 16:08:02,322 [ThreadPoolExecutor-5_0] INFO volatility3.framework.automagic: Running automagic: ConstructionMagic
2026-06-03 16:08:02,327 [ThreadPoolExecutor-5_0] INFO volatility3.framework.automagic: Running automagic: LayerStacker
2026-06-03 16:08:02,328 [ThreadPoolExecutor-5_0] INFO volatility3.framework.automagic: Running automagic: WinSwapLayers
2026-06-03 16:08:02,329 [ThreadPoolExecutor-5_0] INFO volatility3.framework.automagic: Running automagic: KernelPDBScanner
2026-06-03 16:08:02,362 [ThreadPoolExecutor-5_0] INFO volatility3.framework.symbols.windows.pdbconv: Download PDB file...
2026-06-03 16:08:02,715 [ThreadPoolExecutor-4_0] INFO volatility3.framework.automagic: Running automagic: SymbolFinder
2026-06-03 16:08:02,721 [ThreadPoolExecutor-4_0] INFO volatility3.framework.automagic: Running automagic: LinuxSymbolFinder
2026-06-03 16:08:02,727 [ThreadPoolExecutor-4_0] INFO volatility3.framework.automagic: Running automagic: MacSymbolFinder
2026-06-03 16:08:02,728 [ThreadPoolExecutor-4_0] INFO volatility3.framework.automagic: Running automagic: KernelModule
2026-06-03 16:08:02,730 [ThreadPoolExecutor-4_0] WARNING volatility3.framework.plugins: Automagic exception occurred: sqlite3.ProgrammingError: SQLite objects created in a thread can only be used in that same thread. The object was created in thread id 281473407471872 and this is thread id 281472951775488.
2026-06-03 16:08:02,736 [ThreadPoolExecutor-4_0] WARNING volatility3.framework.plugins: Automagic exception occurred: _lzma.LZMAError: Input format not supported by decoder
2026-06-03 16:08:02,742 [mulder-job_1] INFO mulder.server.tools.extract.volatility: Volatility batch: cmdline -> error
2026-06-03 16:08:02,773 [ThreadPoolExecutor-6_0] INFO volatility3.framework.automagic: Running automagic: SymbolCacheMagic
2026-06-03 16:08:02,929 [MainThread] INFO mulder.server.app: Resource throttle: run_mmls waiting (cpu=100%>=90.0%, waited 55s)
2026-06-03 16:08:02,953 [ThreadPoolExecutor-6_0] INFO volatility3.framework.automagic: Running automagic: ConstructionMagic
2026-06-03 16:08:02,965 [ThreadPoolExecutor-6_0] INFO volatility3.framework.automagic: Running automagic: LayerStacker
2026-06-03 16:08:02,967 [ThreadPoolExecutor-6_0] INFO volatility3.framework.automagic: Running automagic: WinSwapLayers
2026-06-03 16:08:02,971 [ThreadPoolExecutor-6_0] INFO volatility3.framework.automagic: Running automagic: KernelPDBScanner
2026-06-03 16:08:02,997 [ThreadPoolExecutor-6_0] INFO volatility3.framework.symbols.windows.pdbconv: Download PDB file...
2026-06-03 16:08:08,239 [MainThread] INFO mulder.server.app: Resource throttle: run_mmls waiting (cpu=100%>=90.0%, waited 60s)
2026-06-03 16:08:08,314 [mulder-job_2] INFO mulder.server.jobs: Job job_ea8b1f59 (run_fls) completed
2026-06-03 16:08:08,334 [mulder-job_2] INFO mulder.server.jobs: [JOB_COMPLETE] run_fls|completed|
2026-06-03 16:08:13,260 [MainThread] INFO mulder.server.app: Resource throttle: run_mmls waiting (cpu=100%>=90.0%, waited 65s)
2026-06-03 16:08:18,281 [MainThread] INFO mulder.server.app: Resource throttle: run_mmls waiting (cpu=100%>=90.0%, waited 70s)
2026-06-03 16:08:23,310 [MainThread] INFO mulder.server.app: Resource throttle: run_mmls waiting (cpu=100%>=90.0%, waited 75s)
2026-06-03 16:08:25,640 [ThreadPoolExecutor-5_0] INFO volatility3.framework.automagic: Running automagic: SymbolFinder
2026-06-03 16:08:25,646 [ThreadPoolExecutor-5_0] INFO volatility3.framework.automagic: Running automagic: LinuxSymbolFinder
2026-06-03 16:08:25,647 [ThreadPoolExecutor-5_0] INFO volatility3.framework.automagic: Running automagic: MacSymbolFinder
2026-06-03 16:08:25,648 [ThreadPoolExecutor-5_0] INFO volatility3.framework.automagic: Running automagic: KernelModule
2026-06-03 16:08:25,648 [ThreadPoolExecutor-5_0] WARNING volatility3.framework.plugins: Automagic exception occurred: sqlite3.ProgrammingError: SQLite objects created in a thread can only be used in that same thread. The object was created in thread id 281473420337408 and this is thread id 281472922898688.
2026-06-03 16:08:25,650 [ThreadPoolExecutor-5_0] WARNING volatility3.framework.plugins: Automagic exception occurred: _lzma.LZMAError: Corrupt input data
2026-06-03 16:08:25,654 [mulder-job_0] INFO mulder.server.tools.extract.volatility: Volatility batch: cmdline -> error
2026-06-03 16:08:25,655 [ThreadPoolExecutor-7_0] INFO volatility3.framework.automagic: Running automagic: SymbolCacheMagic
2026-06-03 16:08:25,688 [ThreadPoolExecutor-7_0] INFO volatility3.framework.automagic: Running automagic: ConstructionMagic
2026-06-03 16:08:25,702 [ThreadPoolExecutor-7_0] INFO volatility3.framework.automagic: Running automagic: LayerStacker
2026-06-03 16:08:25,704 [ThreadPoolExecutor-7_0] INFO volatility3.framework.automagic: Running automagic: WinSwapLayers
2026-06-03 16:08:25,704 [ThreadPoolExecutor-7_0] INFO volatility3.framework.automagic: Running automagic: KernelPDBScanner
2026-06-03 16:08:25,742 [ThreadPoolExecutor-7_0] INFO volatility3.framework.symbols.windows.pdbconv: Download PDB file...
2026-06-03 16:08:26,079 [ThreadPoolExecutor-6_0] INFO volatility3.framework.automagic: Running automagic: SymbolFinder
2026-06-03 16:08:26,080 [ThreadPoolExecutor-6_0] INFO volatility3.framework.automagic: Running automagic: LinuxSymbolFinder
2026-06-03 16:08:26,081 [ThreadPoolExecutor-6_0] INFO volatility3.framework.automagic: Running automagic: MacSymbolFinder
2026-06-03 16:08:26,084 [ThreadPoolExecutor-6_0] INFO volatility3.framework.automagic: Running automagic: KernelModule
2026-06-03 16:08:26,085 [ThreadPoolExecutor-6_0] WARNING volatility3.framework.plugins: Automagic exception occurred: sqlite3.ProgrammingError: SQLite objects created in a thread can only be used in that same thread. The object was created in thread id 281473407471872 and this is thread id 281472951775488.
2026-06-03 16:08:26,086 [ThreadPoolExecutor-6_0] WARNING volatility3.framework.plugins: Automagic exception occurred: _lzma.LZMAError: Input format not supported by decoder
2026-06-03 16:08:26,088 [mulder-job_1] INFO mulder.server.tools.extract.volatility: Volatility batch: netscan -> error
2026-06-03 16:08:26,091 [ThreadPoolExecutor-8_0] INFO volatility3.framework.automagic: Running automagic: SymbolCacheMagic
2026-06-03 16:08:26,123 [ThreadPoolExecutor-8_0] INFO volatility3.framework.automagic: Running automagic: ConstructionMagic
2026-06-03 16:08:26,127 [ThreadPoolExecutor-8_0] INFO volatility3.framework.automagic: Running automagic: LayerStacker
2026-06-03 16:08:26,135 [ThreadPoolExecutor-8_0] INFO volatility3.framework.automagic: Running automagic: WinSwapLayers
2026-06-03 16:08:26,135 [ThreadPoolExecutor-8_0] INFO volatility3.framework.automagic: Running automagic: KernelPDBScanner
2026-06-03 16:08:26,162 [ThreadPoolExecutor-8_0] INFO volatility3.framework.symbols.windows.pdbconv: Download PDB file...
2026-06-03 16:08:28,651 [MainThread] INFO mulder.server.app: Resource throttle: run_mmls waiting (cpu=100%>=90.0%, waited 80s)
2026-06-03 16:08:33,675 [MainThread] INFO mulder.server.app: Resource throttle: run_mmls waiting (cpu=100%>=90.0%, waited 85s)
2026-06-03 16:08:38,729 [MainThread] INFO mulder.server.app: Resource throttle: run_mmls waiting (cpu=100%>=90.0%, waited 90s)
2026-06-03 16:08:43,750 [MainThread] INFO mulder.server.app: Resource throttle: run_mmls waiting (cpu=100%>=90.0%, waited 95s)
2026-06-03 16:08:48,769 [MainThread] INFO mulder.server.app: Resource throttle: run_mmls waiting (cpu=100%>=90.0%, waited 100s)
2026-06-03 16:08:48,941 [ThreadPoolExecutor-7_0] INFO volatility3.framework.automagic: Running automagic: SymbolFinder
2026-06-03 16:08:48,949 [ThreadPoolExecutor-7_0] INFO volatility3.framework.automagic: Running automagic: LinuxSymbolFinder
2026-06-03 16:08:48,951 [ThreadPoolExecutor-7_0] INFO volatility3.framework.automagic: Running automagic: MacSymbolFinder
2026-06-03 16:08:48,951 [ThreadPoolExecutor-7_0] INFO volatility3.framework.automagic: Running automagic: KernelModule
2026-06-03 16:08:48,952 [ThreadPoolExecutor-7_0] WARNING volatility3.framework.plugins: Automagic exception occurred: sqlite3.ProgrammingError: SQLite objects created in a thread can only be used in that same thread. The object was created in thread id 281473420337408 and this is thread id 281472922898688.
2026-06-03 16:08:48,956 [ThreadPoolExecutor-7_0] WARNING volatility3.framework.plugins: Automagic exception occurred: _lzma.LZMAError: Corrupt input data
2026-06-03 16:08:48,957 [mulder-job_0] INFO mulder.server.tools.extract.volatility: Volatility batch: netscan -> error
2026-06-03 16:08:48,957 [ThreadPoolExecutor-9_0] INFO volatility3.framework.automagic: Running automagic: SymbolCacheMagic
2026-06-03 16:08:48,959 [ThreadPoolExecutor-8_0] INFO volatility3.framework.automagic: Running automagic: SymbolFinder
2026-06-03 16:08:48,963 [ThreadPoolExecutor-8_0] INFO volatility3.framework.automagic: Running automagic: LinuxSymbolFinder
2026-06-03 16:08:48,969 [ThreadPoolExecutor-8_0] INFO volatility3.framework.automagic: Running automagic: MacSymbolFinder
2026-06-03 16:08:48,977 [ThreadPoolExecutor-8_0] INFO volatility3.framework.automagic: Running automagic: KernelModule
2026-06-03 16:08:48,978 [ThreadPoolExecutor-8_0] WARNING volatility3.framework.plugins: Automagic exception occurred: sqlite3.ProgrammingError: SQLite objects created in a thread can only be used in that same thread. The object was created in thread id 281473407471872 and this is thread id 281472951775488.
2026-06-03 16:08:48,980 [ThreadPoolExecutor-9_0] INFO volatility3.framework.automagic: Running automagic: ConstructionMagic
2026-06-03 16:08:48,980 [ThreadPoolExecutor-8_0] WARNING volatility3.framework.plugins: Automagic exception occurred: _lzma.LZMAError: Corrupt input data
2026-06-03 16:08:48,981 [mulder-job_1] INFO mulder.server.tools.extract.volatility: Volatility batch: malfind -> error
2026-06-03 16:08:48,983 [ThreadPoolExecutor-10_0] INFO volatility3.framework.automagic: Running automagic: SymbolCacheMagic
2026-06-03 16:08:48,990 [ThreadPoolExecutor-9_0] INFO volatility3.framework.automagic: Running automagic: LayerStacker
2026-06-03 16:08:48,991 [ThreadPoolExecutor-9_0] INFO volatility3.framework.automagic: Running automagic: WinSwapLayers
2026-06-03 16:08:49,008 [ThreadPoolExecutor-9_0] INFO volatility3.framework.automagic: Running automagic: KernelPDBScanner
2026-06-03 16:08:49,020 [ThreadPoolExecutor-10_0] INFO volatility3.framework.automagic: Running automagic: ConstructionMagic
2026-06-03 16:08:49,038 [ThreadPoolExecutor-10_0] INFO volatility3.framework.automagic: Running automagic: LayerStacker
2026-06-03 16:08:49,041 [ThreadPoolExecutor-9_0] INFO volatility3.framework.symbols.windows.pdbconv: Download PDB file...
2026-06-03 16:08:49,042 [ThreadPoolExecutor-10_0] INFO volatility3.framework.automagic: Running automagic: WinSwapLayers
2026-06-03 16:08:49,045 [ThreadPoolExecutor-10_0] INFO volatility3.framework.automagic: Running automagic: KernelPDBScanner
2026-06-03 16:08:49,077 [ThreadPoolExecutor-10_0] INFO volatility3.framework.symbols.windows.pdbconv: Download PDB file...
2026-06-03 16:08:53,951 [MainThread] INFO mulder.server.app: Resource throttle: run_mmls waiting (cpu=100%>=90.0%, waited 105s)
2026-06-03 16:08:59,049 [MainThread] INFO mulder.server.app: Resource throttle: run_mmls waiting (cpu=100%>=90.0%, waited 110s)
2026-06-03 16:09:04,127 [MainThread] INFO mulder.server.app: Resource throttle: run_mmls waiting (cpu=100%>=90.0%, waited 115s)
2026-06-03 16:09:09,151 [MainThread] INFO mulder.server.app: Resource throttle: run_mmls waiting (cpu=100%>=90.0%, waited 120s)
2026-06-03 16:09:12,818 [ThreadPoolExecutor-10_0] INFO volatility3.framework.automagic: Running automagic: SymbolFinder
2026-06-03 16:09:12,830 [ThreadPoolExecutor-10_0] INFO volatility3.framework.automagic: Running automagic: LinuxSymbolFinder
2026-06-03 16:09:12,839 [ThreadPoolExecutor-10_0] INFO volatility3.framework.automagic: Running automagic: MacSymbolFinder
2026-06-03 16:09:12,859 [ThreadPoolExecutor-10_0] INFO volatility3.framework.automagic: Running automagic: KernelModule
2026-06-03 16:09:12,870 [ThreadPoolExecutor-10_0] WARNING volatility3.framework.plugins: Automagic exception occurred: sqlite3.ProgrammingError: SQLite objects created in a thread can only be used in that same thread. The object was created in thread id 281473407471872 and this is thread id 281472938909952.
2026-06-03 16:09:12,879 [ThreadPoolExecutor-10_0] WARNING volatility3.framework.plugins: Automagic exception occurred: _lzma.LZMAError: Corrupt input data
2026-06-03 16:09:12,889 [mulder-job_1] INFO mulder.server.tools.extract.volatility: Volatility batch: psscan -> error
2026-06-03 16:09:12,910 [ThreadPoolExecutor-11_0] INFO volatility3.framework.automagic: Running automagic: SymbolCacheMagic
2026-06-03 16:09:13,108 [ThreadPoolExecutor-11_0] INFO volatility3.framework.automagic: Running automagic: ConstructionMagic
2026-06-03 16:09:13,209 [ThreadPoolExecutor-11_0] INFO volatility3.framework.automagic: Running automagic: LayerStacker
2026-06-03 16:09:13,225 [ThreadPoolExecutor-11_0] INFO volatility3.framework.automagic: Running automagic: WinSwapLayers
2026-06-03 16:09:13,241 [ThreadPoolExecutor-11_0] INFO volatility3.framework.automagic: Running automagic: KernelPDBScanner
2026-06-03 16:09:13,350 [ThreadPoolExecutor-11_0] INFO volatility3.framework.symbols.windows.pdbconv: Download PDB file...
2026-06-03 16:09:14,165 [MainThread] INFO mulder.server.app: Resource throttle: run_mmls waiting (cpu=100%>=90.0%, waited 125s)
2026-06-03 16:09:15,817 [ThreadPoolExecutor-9_0] INFO volatility3.framework.automagic: Running automagic: SymbolFinder
2026-06-03 16:09:15,829 [ThreadPoolExecutor-9_0] INFO volatility3.framework.automagic: Running automagic: LinuxSymbolFinder
2026-06-03 16:09:15,838 [ThreadPoolExecutor-9_0] INFO volatility3.framework.automagic: Running automagic: MacSymbolFinder
2026-06-03 16:09:15,849 [ThreadPoolExecutor-9_0] INFO volatility3.framework.automagic: Running automagic: KernelModule
2026-06-03 16:09:17,538 [mulder-job_0] INFO mulder.server.tools.extract.volatility: Volatility batch: malfind -> header_only
2026-06-03 16:09:17,557 [ThreadPoolExecutor-12_0] INFO volatility3.framework.automagic: Running automagic: SymbolCacheMagic
2026-06-03 16:09:17,768 [ThreadPoolExecutor-12_0] INFO volatility3.framework.automagic: Running automagic: ConstructionMagic
2026-06-03 16:09:17,855 [ThreadPoolExecutor-12_0] INFO volatility3.framework.automagic: Running automagic: LayerStacker
2026-06-03 16:09:17,898 [ThreadPoolExecutor-12_0] INFO volatility3.framework.automagic: Running automagic: WinSwapLayers
2026-06-03 16:09:17,898 [ThreadPoolExecutor-12_0] INFO volatility3.framework.automagic: Running automagic: KernelPDBScanner
2026-06-03 16:09:18,003 [ThreadPoolExecutor-12_0] INFO volatility3.framework.symbols.windows.pdbconv: Download PDB file...
2026-06-03 16:09:18,429 [mulder-job_4] WARNING mulder.server.tools.extract.carving: Feature file domain.txt is 1041454339 bytes; reading first 268435456 only
2026-06-03 16:09:19,197 [MainThread] INFO mulder.server.app: Resource throttle: run_mmls waiting (cpu=100%>=90.0%, waited 130s)
2026-06-03 16:09:24,651 [MainThread] INFO mulder.server.app: Resource throttle: run_mmls waiting (cpu=100%>=90.0%, waited 135s)
2026-06-03 16:09:29,673 [MainThread] INFO mulder.server.app: Resource throttle: run_mmls waiting (cpu=100%>=90.0%, waited 140s)
2026-06-03 16:09:34,690 [MainThread] INFO mulder.server.app: Resource throttle: run_mmls waiting (cpu=100%>=90.0%, waited 145s)
2026-06-03 16:09:38,854 [ThreadPoolExecutor-11_0] INFO volatility3.framework.automagic: Running automagic: SymbolFinder
2026-06-03 16:09:38,859 [ThreadPoolExecutor-11_0] INFO volatility3.framework.automagic: Running automagic: LinuxSymbolFinder
2026-06-03 16:09:38,860 [ThreadPoolExecutor-11_0] INFO volatility3.framework.automagic: Running automagic: MacSymbolFinder
2026-06-03 16:09:38,860 [ThreadPoolExecutor-11_0] INFO volatility3.framework.automagic: Running automagic: KernelModule
2026-06-03 16:09:38,861 [ThreadPoolExecutor-11_0] WARNING volatility3.framework.plugins: Automagic exception occurred: sqlite3.ProgrammingError: SQLite objects created in a thread can only be used in that same thread. The object was created in thread id 281473407471872 and this is thread id 281472938909952.
2026-06-03 16:09:38,865 [ThreadPoolExecutor-11_0] WARNING volatility3.framework.plugins: Automagic exception occurred: _lzma.LZMAError: Corrupt input data
2026-06-03 16:09:38,866 [mulder-job_1] INFO mulder.server.tools.extract.volatility: Volatility batch: dlllist -> error
2026-06-03 16:09:38,867 [ThreadPoolExecutor-13_0] INFO volatility3.framework.automagic: Running automagic: SymbolCacheMagic
2026-06-03 16:09:38,907 [ThreadPoolExecutor-13_0] INFO volatility3.framework.automagic: Running automagic: ConstructionMagic
2026-06-03 16:09:38,914 [ThreadPoolExecutor-13_0] INFO volatility3.framework.automagic: Running automagic: LayerStacker
2026-06-03 16:09:38,918 [ThreadPoolExecutor-13_0] INFO volatility3.framework.automagic: Running automagic: WinSwapLayers
2026-06-03 16:09:38,919 [ThreadPoolExecutor-13_0] INFO volatility3.framework.automagic: Running automagic: KernelPDBScanner
2026-06-03 16:09:38,976 [ThreadPoolExecutor-13_0] INFO volatility3.framework.symbols.windows.pdbconv: Download PDB file...
2026-06-03 16:09:39,613 [ThreadPoolExecutor-12_0] INFO volatility3.framework.automagic: Running automagic: SymbolFinder
2026-06-03 16:09:39,617 [ThreadPoolExecutor-12_0] INFO volatility3.framework.automagic: Running automagic: LinuxSymbolFinder
2026-06-03 16:09:39,621 [ThreadPoolExecutor-12_0] INFO volatility3.framework.automagic: Running automagic: MacSymbolFinder
2026-06-03 16:09:39,622 [ThreadPoolExecutor-12_0] INFO volatility3.framework.automagic: Running automagic: KernelModule
2026-06-03 16:09:39,623 [ThreadPoolExecutor-12_0] WARNING volatility3.framework.plugins: Automagic exception occurred: sqlite3.ProgrammingError: SQLite objects created in a thread can only be used in that same thread. The object was created in thread id 281473420337408 and this is thread id 281472922898688.
2026-06-03 16:09:39,623 [ThreadPoolExecutor-12_0] WARNING volatility3.framework.plugins: Automagic exception occurred: _lzma.LZMAError: Input format not supported by decoder
2026-06-03 16:09:39,624 [mulder-job_0] INFO mulder.server.tools.extract.volatility: Volatility batch: psscan -> error
2026-06-03 16:09:39,626 [ThreadPoolExecutor-14_0] INFO volatility3.framework.automagic: Running automagic: SymbolCacheMagic
2026-06-03 16:09:39,665 [ThreadPoolExecutor-14_0] INFO volatility3.framework.automagic: Running automagic: ConstructionMagic
2026-06-03 16:09:39,675 [ThreadPoolExecutor-14_0] INFO volatility3.framework.automagic: Running automagic: LayerStacker
2026-06-03 16:09:39,679 [ThreadPoolExecutor-14_0] INFO volatility3.framework.automagic: Running automagic: WinSwapLayers
2026-06-03 16:09:39,683 [ThreadPoolExecutor-14_0] INFO volatility3.framework.automagic: Running automagic: KernelPDBScanner
2026-06-03 16:09:39,701 [MainThread] INFO mulder.server.app: Resource throttle: run_mmls waiting (cpu=100%>=90.0%, waited 150s)
2026-06-03 16:09:39,717 [ThreadPoolExecutor-14_0] INFO volatility3.framework.symbols.windows.pdbconv: Download PDB file...
2026-06-03 16:09:44,764 [MainThread] INFO mulder.server.app: Resource throttle: run_mmls waiting (cpu=100%>=90.0%, waited 155s)
2026-06-03 16:09:50,029 [MainThread] INFO mulder.server.app: Resource throttle: run_mmls waiting (cpu=100%>=90.0%, waited 160s)
2026-06-03 16:09:55,101 [MainThread] INFO mulder.server.app: Resource throttle: run_mmls waiting (cpu=100%>=90.0%, waited 165s)
2026-06-03 16:10:00,187 [MainThread] INFO mulder.server.app: Resource throttle: run_mmls waiting (cpu=100%>=90.0%, waited 170s)
2026-06-03 16:10:03,774 [ThreadPoolExecutor-13_0] INFO volatility3.framework.automagic: Running automagic: SymbolFinder
2026-06-03 16:10:03,777 [ThreadPoolExecutor-13_0] INFO volatility3.framework.automagic: Running automagic: LinuxSymbolFinder
2026-06-03 16:10:03,779 [ThreadPoolExecutor-13_0] INFO volatility3.framework.automagic: Running automagic: MacSymbolFinder
2026-06-03 16:10:03,779 [ThreadPoolExecutor-13_0] INFO volatility3.framework.automagic: Running automagic: KernelModule
2026-06-03 16:10:03,782 [ThreadPoolExecutor-13_0] WARNING volatility3.framework.plugins: Automagic exception occurred: sqlite3.ProgrammingError: SQLite objects created in a thread can only be used in that same thread. The object was created in thread id 281473407471872 and this is thread id 281472951775488.
2026-06-03 16:10:03,786 [ThreadPoolExecutor-13_0] WARNING volatility3.framework.plugins: Automagic exception occurred: _lzma.LZMAError: Corrupt input data
2026-06-03 16:10:03,787 [mulder-job_1] INFO mulder.server.tools.extract.volatility: Volatility batch: svcscan -> error
2026-06-03 16:10:03,791 [ThreadPoolExecutor-15_0] INFO volatility3.framework.automagic: Running automagic: SymbolCacheMagic
2026-06-03 16:10:03,838 [ThreadPoolExecutor-15_0] INFO volatility3.framework.automagic: Running automagic: ConstructionMagic
2026-06-03 16:10:03,846 [ThreadPoolExecutor-15_0] INFO volatility3.framework.automagic: Running automagic: LayerStacker
2026-06-03 16:10:03,848 [ThreadPoolExecutor-15_0] INFO volatility3.framework.automagic: Running automagic: WinSwapLayers
2026-06-03 16:10:03,852 [ThreadPoolExecutor-15_0] INFO volatility3.framework.automagic: Running automagic: KernelPDBScanner
2026-06-03 16:10:03,898 [ThreadPoolExecutor-15_0] INFO volatility3.framework.symbols.windows.pdbconv: Download PDB file...
2026-06-03 16:10:04,744 [ThreadPoolExecutor-14_0] INFO volatility3.framework.automagic: Running automagic: SymbolFinder
2026-06-03 16:10:04,745 [ThreadPoolExecutor-14_0] INFO volatility3.framework.automagic: Running automagic: LinuxSymbolFinder
2026-06-03 16:10:04,745 [ThreadPoolExecutor-14_0] INFO volatility3.framework.automagic: Running automagic: MacSymbolFinder
2026-06-03 16:10:04,746 [ThreadPoolExecutor-14_0] INFO volatility3.framework.automagic: Running automagic: KernelModule
2026-06-03 16:10:04,748 [ThreadPoolExecutor-14_0] WARNING volatility3.framework.plugins: Automagic exception occurred: sqlite3.ProgrammingError: SQLite objects created in a thread can only be used in that same thread. The object was created in thread id 281473420337408 and this is thread id 281472922898688.
2026-06-03 16:10:04,752 [ThreadPoolExecutor-14_0] WARNING volatility3.framework.plugins: Automagic exception occurred: _lzma.LZMAError: Input format not supported by decoder
2026-06-03 16:10:04,756 [mulder-job_0] INFO mulder.server.tools.extract.volatility: Volatility batch: dlllist -> error
2026-06-03 16:10:04,762 [ThreadPoolExecutor-16_0] INFO volatility3.framework.automagic: Running automagic: SymbolCacheMagic
2026-06-03 16:10:04,785 [ThreadPoolExecutor-16_0] INFO volatility3.framework.automagic: Running automagic: ConstructionMagic
2026-06-03 16:10:04,791 [ThreadPoolExecutor-16_0] INFO volatility3.framework.automagic: Running automagic: LayerStacker
2026-06-03 16:10:04,792 [ThreadPoolExecutor-16_0] INFO volatility3.framework.automagic: Running automagic: WinSwapLayers
2026-06-03 16:10:04,793 [ThreadPoolExecutor-16_0] INFO volatility3.framework.automagic: Running automagic: KernelPDBScanner
2026-06-03 16:10:04,834 [ThreadPoolExecutor-16_0] INFO volatility3.framework.symbols.windows.pdbconv: Download PDB file...
2026-06-03 16:10:05,218 [MainThread] INFO mulder.server.app: Resource throttle: run_mmls waiting (cpu=100%>=90.0%, waited 175s)
2026-06-03 16:10:10,366 [MainThread] INFO mulder.server.app: Resource throttle: run_mmls waiting (cpu=100%>=90.0%, waited 180s)
2026-06-03 16:10:15,402 [MainThread] INFO mulder.server.app: Resource throttle: run_mmls waiting (cpu=100%>=90.0%, waited 185s)
2026-06-03 16:10:20,421 [MainThread] INFO mulder.server.app: Resource throttle: run_mmls waiting (cpu=100%>=90.0%, waited 190s)
2026-06-03 16:10:25,469 [MainThread] INFO mulder.server.app: Resource throttle: run_mmls waiting (cpu=100%>=90.0%, waited 195s)
2026-06-03 16:10:30,492 [MainThread] INFO mulder.server.app: Resource throttle: run_mmls waiting (cpu=100%>=90.0%, waited 200s)
2026-06-03 16:10:30,494 [ThreadPoolExecutor-15_0] INFO volatility3.framework.automagic: Running automagic: SymbolFinder
2026-06-03 16:10:30,507 [ThreadPoolExecutor-15_0] INFO volatility3.framework.automagic: Running automagic: LinuxSymbolFinder
2026-06-03 16:10:30,517 [ThreadPoolExecutor-15_0] INFO volatility3.framework.automagic: Running automagic: MacSymbolFinder
2026-06-03 16:10:30,523 [ThreadPoolExecutor-15_0] INFO volatility3.framework.automagic: Running automagic: KernelModule
2026-06-03 16:10:31,605 [mulder-job_1] INFO mulder.server.tools.extract.volatility: Volatility batch: envars -> header_only
2026-06-03 16:10:31,616 [ThreadPoolExecutor-17_0] INFO volatility3.framework.automagic: Running automagic: SymbolCacheMagic
2026-06-03 16:10:31,699 [ThreadPoolExecutor-17_0] INFO volatility3.framework.automagic: Running automagic: ConstructionMagic
2026-06-03 16:10:31,731 [ThreadPoolExecutor-17_0] INFO volatility3.framework.automagic: Running automagic: LayerStacker
2026-06-03 16:10:31,750 [ThreadPoolExecutor-17_0] INFO volatility3.framework.automagic: Running automagic: WinSwapLayers
2026-06-03 16:10:31,764 [ThreadPoolExecutor-17_0] INFO volatility3.framework.automagic: Running automagic: KernelPDBScanner
2026-06-03 16:10:31,888 [ThreadPoolExecutor-17_0] INFO volatility3.framework.symbols.windows.pdbconv: Download PDB file...
2026-06-03 16:10:33,567 [ThreadPoolExecutor-16_0] INFO volatility3.framework.automagic: Running automagic: SymbolFinder
2026-06-03 16:10:33,579 [ThreadPoolExecutor-16_0] INFO volatility3.framework.automagic: Running automagic: LinuxSymbolFinder
2026-06-03 16:10:33,590 [ThreadPoolExecutor-16_0] INFO volatility3.framework.automagic: Running automagic: MacSymbolFinder
2026-06-03 16:10:33,603 [ThreadPoolExecutor-16_0] INFO volatility3.framework.automagic: Running automagic: KernelModule
2026-06-03 16:10:33,775 [mulder-job_0] INFO mulder.server.tools.extract.volatility: Volatility batch: svcscan -> header_only
2026-06-03 16:10:33,785 [ThreadPoolExecutor-18_0] INFO volatility3.framework.automagic: Running automagic: SymbolCacheMagic
2026-06-03 16:10:33,839 [ThreadPoolExecutor-18_0] INFO volatility3.framework.automagic: Running automagic: ConstructionMagic
2026-06-03 16:10:33,855 [ThreadPoolExecutor-18_0] INFO volatility3.framework.automagic: Running automagic: LayerStacker
2026-06-03 16:10:33,910 [ThreadPoolExecutor-18_0] INFO volatility3.framework.automagic: Running automagic: WinSwapLayers
2026-06-03 16:10:33,919 [ThreadPoolExecutor-18_0] INFO volatility3.framework.automagic: Running automagic: KernelPDBScanner
2026-06-03 16:10:34,335 [ThreadPoolExecutor-18_0] INFO volatility3.framework.symbols.windows.pdbconv: Download PDB file...
2026-06-03 16:10:35,521 [MainThread] INFO mulder.server.app: Resource throttle: run_mmls waiting (cpu=100%>=90.0%, waited 205s)
2026-06-03 16:10:40,577 [MainThread] INFO mulder.server.app: Resource throttle: run_mmls waiting (cpu=100%>=90.0%, waited 210s)
2026-06-03 16:10:45,778 [MainThread] INFO mulder.server.app: Resource throttle: run_mmls waiting (cpu=100%>=90.0%, waited 215s)
2026-06-03 16:10:50,807 [MainThread] INFO mulder.server.app: Resource throttle: run_mmls waiting (cpu=100%>=90.0%, waited 220s)
2026-06-03 16:10:55,829 [MainThread] INFO mulder.server.app: Resource throttle: run_mmls waiting (cpu=100%>=90.0%, waited 225s)
2026-06-03 16:10:57,811 [ThreadPoolExecutor-17_0] INFO volatility3.framework.automagic: Running automagic: SymbolFinder
2026-06-03 16:10:57,828 [ThreadPoolExecutor-17_0] INFO volatility3.framework.automagic: Running automagic: LinuxSymbolFinder
2026-06-03 16:10:57,833 [ThreadPoolExecutor-17_0] INFO volatility3.framework.automagic: Running automagic: MacSymbolFinder
2026-06-03 16:10:57,839 [ThreadPoolExecutor-17_0] INFO volatility3.framework.automagic: Running automagic: KernelModule
2026-06-03 16:11:00,172 [ThreadPoolExecutor-18_0] INFO volatility3.framework.automagic: Running automagic: SymbolFinder
2026-06-03 16:11:00,173 [ThreadPoolExecutor-18_0] INFO volatility3.framework.automagic: Running automagic: LinuxSymbolFinder
2026-06-03 16:11:00,174 [ThreadPoolExecutor-18_0] INFO volatility3.framework.automagic: Running automagic: MacSymbolFinder
2026-06-03 16:11:00,178 [ThreadPoolExecutor-18_0] INFO volatility3.framework.automagic: Running automagic: KernelModule
2026-06-03 16:11:00,261 [mulder-job_0] INFO mulder.server.tools.extract.volatility: Volatility batch: envars -> header_only
2026-06-03 16:11:00,285 [ThreadPoolExecutor-19_0] INFO volatility3.framework.automagic: Running automagic: SymbolCacheMagic
2026-06-03 16:11:00,349 [ThreadPoolExecutor-19_0] INFO volatility3.framework.automagic: Running automagic: ConstructionMagic
2026-06-03 16:11:00,358 [ThreadPoolExecutor-19_0] INFO volatility3.framework.automagic: Running automagic: LayerStacker
2026-06-03 16:11:00,360 [ThreadPoolExecutor-19_0] INFO volatility3.framework.automagic: Running automagic: WinSwapLayers
2026-06-03 16:11:00,364 [ThreadPoolExecutor-19_0] INFO volatility3.framework.automagic: Running automagic: KernelPDBScanner
2026-06-03 16:11:00,405 [ThreadPoolExecutor-19_0] INFO volatility3.framework.symbols.windows.pdbconv: Download PDB file...
2026-06-03 16:11:00,863 [MainThread] INFO mulder.server.app: Resource throttle: run_mmls waiting (cpu=100%>=90.0%, waited 230s)
2026-06-03 16:11:05,920 [MainThread] INFO mulder.server.app: Resource throttle: run_mmls waiting (cpu=100%>=90.0%, waited 235s)
2026-06-03 16:11:11,247 [MainThread] INFO mulder.server.app: Resource throttle: run_mmls waiting (cpu=100%>=90.0%, waited 240s)
2026-06-03 16:11:15,669 [mulder-job_4] WARNING mulder.server.tools.extract.carving: Feature file email.txt is 822859090 bytes; reading first 268435456 only
2026-06-03 16:11:16,263 [MainThread] INFO mulder.server.app: Resource throttle: run_mmls waiting (cpu=100%>=90.0%, waited 245s)
2026-06-03 16:11:21,313 [MainThread] INFO mulder.server.app: Resource throttle: run_mmls waiting (cpu=100%>=90.0%, waited 250s)
2026-06-03 16:11:26,090 [ThreadPoolExecutor-19_0] INFO volatility3.framework.automagic: Running automagic: SymbolFinder
2026-06-03 16:11:26,096 [ThreadPoolExecutor-19_0] INFO volatility3.framework.automagic: Running automagic: LinuxSymbolFinder
2026-06-03 16:11:26,101 [ThreadPoolExecutor-19_0] INFO volatility3.framework.automagic: Running automagic: MacSymbolFinder
2026-06-03 16:11:26,102 [ThreadPoolExecutor-19_0] INFO volatility3.framework.automagic: Running automagic: KernelModule
2026-06-03 16:11:26,823 [MainThread] INFO mulder.server.app: Resource throttle: run_mmls waiting (cpu=100%>=90.0%, waited 255s)
2026-06-03 16:11:32,927 [MainThread] INFO mulder.server.app: Resource throttle: run_mmls waiting (cpu=100%>=90.0%, waited 260s)
2026-06-03 16:11:37,982 [MainThread] INFO mulder.server.app: Resource throttle: run_mmls waiting (cpu=100%>=90.0%, waited 265s)
2026-06-03 16:11:43,470 [MainThread] INFO mulder.server.app: Resource throttle: run_mmls waiting (cpu=100%>=90.0%, waited 270s)
2026-06-03 16:11:48,558 [MainThread] INFO mulder.server.app: Resource throttle: run_mmls waiting (cpu=100%>=90.0%, waited 275s)
2026-06-03 16:11:53,649 [MainThread] INFO mulder.server.app: Resource throttle: run_mmls waiting (cpu=100%>=90.0%, waited 280s)
2026-06-03 16:11:58,674 [MainThread] INFO mulder.server.app: Resource throttle: run_mmls waiting (cpu=100%>=90.0%, waited 285s)
2026-06-03 16:12:00,232 [mulder-job_1] INFO mulder.server.tools.extract.volatility: Volatility batch: filescan -> header_only
2026-06-03 16:12:00,280 [mulder-job_1] INFO mulder.server.jobs: Job job_fc076fe9 (run_volatility_batch) completed
2026-06-03 16:12:00,283 [mulder-job_1] INFO mulder.server.jobs: [JOB_COMPLETE] run_volatility_batch|completed|
2026-06-03 16:12:03,693 [MainThread] INFO mulder.server.app: Resource throttle: run_mmls waiting (cpu=100%>=90.0%, waited 290s)
2026-06-03 16:12:08,734 [MainThread] INFO mulder.server.app: Resource throttle: run_mmls waiting (cpu=100%>=90.0%, waited 295s)
2026-06-03 16:12:11,533 [mulder-job_0] INFO mulder.server.tools.extract.volatility: Volatility batch: filescan -> header_only
2026-06-03 16:12:11,538 [mulder-job_0] INFO mulder.server.jobs: Job job_be3ce46b (run_volatility_batch) completed
2026-06-03 16:12:11,538 [mulder-job_0] INFO mulder.server.jobs: [JOB_COMPLETE] run_volatility_batch|completed|
2026-06-03 16:12:14,206 [AnyIO worker thread] INFO mulder.server.tools.extract.tsk: mmls failed on /evidence/base-file-cdrive.E01: no_partition_table
2026-06-03 16:12:14,210 [MainThread] INFO mcp.server.lowlevel.server: Warning: FutureWarning: This API (volatility3.plugins.windows.malware.malfind.Malfind.run) will be removed in the first release after 2026-06-07. This plugin has been renamed, please call volatility3.plugins.windows.malware.malfind.Malfind rather than volatility3.plugins.windows.malfind.Malfind.
2026-06-03 16:12:21,571 [MainThread] INFO mcp.server.lowlevel.server: Processing request of type CallToolRequest
2026-06-03 16:12:21,578 [MainThread] INFO mulder.server.app: Resource throttle: wait waiting (cpu=100%>=90.0%, waited 0s)
2026-06-03 16:12:26,587 [MainThread] INFO mulder.server.app: Resource throttle: wait waiting (cpu=100%>=90.0%, waited 5s)
2026-06-03 16:12:31,596 [MainThread] INFO mulder.server.app: Resource throttle: wait waiting (cpu=100%>=90.0%, waited 10s)
2026-06-03 16:12:36,606 [MainThread] INFO mulder.server.app: Resource throttle: wait waiting (cpu=100%>=90.0%, waited 15s)
2026-06-03 16:12:41,612 [MainThread] INFO mulder.server.app: Resource throttle: wait waiting (cpu=100%>=90.0%, waited 20s)
2026-06-03 16:12:46,620 [MainThread] INFO mulder.server.app: Resource throttle: wait waiting (cpu=100%>=90.0%, waited 25s)
2026-06-03 16:12:51,631 [MainThread] INFO mulder.server.app: Resource throttle: wait waiting (cpu=100%>=90.0%, waited 30s)
2026-06-03 16:12:56,641 [MainThread] INFO mulder.server.app: Resource throttle: wait waiting (cpu=100%>=90.0%, waited 35s)
2026-06-03 16:13:01,650 [MainThread] INFO mulder.server.app: Resource throttle: wait waiting (cpu=100%>=90.0%, waited 40s)
2026-06-03 16:13:06,659 [MainThread] INFO mulder.server.app: Resource throttle: wait waiting (cpu=100%>=90.0%, waited 45s)
2026-06-03 16:13:11,666 [MainThread] INFO mulder.server.app: Resource throttle: wait waiting (cpu=100%>=90.0%, waited 50s)
2026-06-03 16:13:16,676 [MainThread] INFO mulder.server.app: Resource throttle: wait waiting (cpu=100%>=90.0%, waited 55s)
2026-06-03 16:13:21,682 [MainThread] INFO mulder.server.app: Resource throttle: wait waiting (cpu=100%>=90.0%, waited 60s)
2026-06-03 16:13:26,688 [MainThread] INFO mulder.server.app: Resource throttle: wait waiting (cpu=100%>=90.0%, waited 65s)
2026-06-03 16:13:31,697 [MainThread] INFO mulder.server.app: Resource throttle: wait waiting (cpu=100%>=90.0%, waited 70s)
2026-06-03 16:13:36,707 [MainThread] INFO mulder.server.app: Resource throttle: wait waiting (cpu=100%>=90.0%, waited 75s)
2026-06-03 16:13:41,713 [MainThread] INFO mulder.server.app: Resource throttle: wait waiting (cpu=100%>=90.0%, waited 80s)
2026-06-03 16:13:46,722 [MainThread] INFO mulder.server.app: Resource throttle: wait waiting (cpu=100%>=90.0%, waited 85s)
2026-06-03 16:13:51,729 [MainThread] INFO mulder.server.app: Resource throttle: wait waiting (cpu=100%>=90.0%, waited 90s)
2026-06-03 16:13:56,741 [MainThread] INFO mulder.server.app: Resource throttle: wait waiting (cpu=100%>=90.0%, waited 95s)
2026-06-03 16:14:01,753 [MainThread] INFO mulder.server.app: Resource throttle: wait waiting (cpu=100%>=90.0%, waited 100s)
2026-06-03 16:14:06,765 [MainThread] INFO mulder.server.app: Resource throttle: wait waiting (cpu=100%>=90.0%, waited 105s)
2026-06-03 16:14:11,776 [MainThread] INFO mulder.server.app: Resource throttle: wait waiting (cpu=100%>=90.0%, waited 110s)
2026-06-03 16:14:16,782 [MainThread] INFO mulder.server.app: Resource throttle: wait waiting (cpu=100%>=90.0%, waited 115s)
2026-06-03 16:14:21,791 [MainThread] INFO mulder.server.app: Resource throttle: wait waiting (cpu=100%>=90.0%, waited 120s)
2026-06-03 16:14:26,798 [MainThread] INFO mulder.server.app: Resource throttle: wait waiting (cpu=100%>=90.0%, waited 125s)
2026-06-03 16:14:30,529 [mulder-job_4] INFO mulder.server.jobs: Job job_358bc9ae (run_bulk_extractor) completed
2026-06-03 16:14:30,545 [mulder-job_4] INFO mulder.server.jobs: [JOB_COMPLETE] run_bulk_extractor|completed|
2026-06-03 16:14:31,807 [MainThread] INFO mulder.server.app: Resource throttle: wait waiting (cpu=100%>=90.0%, waited 130s)
2026-06-03 16:14:35,541 [MainThread] INFO mcp.server.lowlevel.server: Processing request of type CallToolRequest
2026-06-03 16:14:35,545 [MainThread] INFO mulder.server.app: Resource throttle: get_completed_results waiting (cpu=100%>=90.0%, waited 0s)
2026-06-03 16:14:36,815 [MainThread] INFO mulder.server.app: Resource throttle: wait waiting (cpu=100%>=90.0%, waited 135s)
2026-06-03 16:14:40,555 [MainThread] INFO mulder.server.app: Resource throttle: get_completed_results waiting (cpu=100%>=90.0%, waited 5s)
2026-06-03 16:14:41,829 [MainThread] INFO mulder.server.app: Resource throttle: wait waiting (cpu=100%>=90.0%, waited 140s)
2026-06-03 16:14:45,561 [MainThread] INFO mulder.server.app: Resource throttle: get_completed_results waiting (cpu=100%>=90.0%, waited 10s)
2026-06-03 16:14:46,840 [MainThread] INFO mulder.server.app: Resource throttle: wait waiting (cpu=100%>=90.0%, waited 145s)
2026-06-03 16:14:50,571 [MainThread] INFO mulder.server.app: Resource throttle: get_completed_results waiting (cpu=100%>=90.0%, waited 15s)
2026-06-03 16:14:51,847 [MainThread] INFO mulder.server.app: Resource throttle: wait waiting (cpu=100%>=90.0%, waited 150s)
2026-06-03 16:14:55,583 [MainThread] INFO mulder.server.app: Resource throttle: get_completed_results waiting (cpu=100%>=90.0%, waited 20s)
2026-06-03 16:14:56,857 [MainThread] INFO mulder.server.app: Resource throttle: wait waiting (cpu=100%>=90.0%, waited 155s)
2026-06-03 16:15:00,592 [MainThread] INFO mulder.server.app: Resource throttle: get_completed_results waiting (cpu=100%>=90.0%, waited 25s)
2026-06-03 16:15:01,863 [MainThread] INFO mulder.server.app: Resource throttle: wait waiting (cpu=100%>=90.0%, waited 160s)
2026-06-03 16:15:05,600 [MainThread] INFO mulder.server.app: Resource throttle: get_completed_results waiting (cpu=100%>=90.0%, waited 30s)
2026-06-03 16:15:06,874 [MainThread] INFO mulder.server.app: Resource throttle: wait waiting (cpu=100%>=90.0%, waited 165s)
2026-06-03 16:15:10,608 [MainThread] INFO mulder.server.app: Resource throttle: get_completed_results waiting (cpu=100%>=90.0%, waited 35s)
2026-06-03 16:15:11,881 [MainThread] INFO mulder.server.app: Resource throttle: wait waiting (cpu=100%>=90.0%, waited 170s)
2026-06-03 16:15:15,619 [MainThread] INFO mulder.server.app: Resource throttle: get_completed_results waiting (cpu=100%>=90.0%, waited 40s)
2026-06-03 16:15:16,919 [MainThread] INFO mulder.server.app: Resource throttle: wait waiting (cpu=100%>=90.0%, waited 175s)
2026-06-03 16:15:20,628 [MainThread] INFO mulder.server.app: Resource throttle: get_completed_results waiting (cpu=100%>=90.0%, waited 45s)
2026-06-03 16:15:21,927 [MainThread] INFO mulder.server.app: Resource throttle: wait waiting (cpu=100%>=90.0%, waited 180s)
2026-06-03 16:15:25,637 [MainThread] INFO mulder.server.app: Resource throttle: get_completed_results waiting (cpu=100%>=90.0%, waited 50s)
2026-06-03 16:15:26,933 [MainThread] INFO mulder.server.app: Resource throttle: wait waiting (cpu=100%>=90.0%, waited 185s)
2026-06-03 16:15:30,647 [MainThread] INFO mulder.server.app: Resource throttle: get_completed_results waiting (cpu=100%>=90.0%, waited 55s)
2026-06-03 16:15:31,943 [MainThread] INFO mulder.server.app: Resource throttle: wait waiting (cpu=100%>=90.0%, waited 190s)
2026-06-03 16:15:35,656 [MainThread] INFO mulder.server.app: Resource throttle: get_completed_results waiting (cpu=100%>=90.0%, waited 60s)
2026-06-03 16:15:36,952 [MainThread] INFO mulder.server.app: Resource throttle: wait waiting (cpu=100%>=90.0%, waited 195s)
2026-06-03 16:15:40,664 [MainThread] INFO mulder.server.app: Resource throttle: get_completed_results waiting (cpu=100%>=90.0%, waited 65s)
2026-06-03 16:15:41,961 [MainThread] INFO mulder.server.app: Resource throttle: wait waiting (cpu=100%>=90.0%, waited 200s)
2026-06-03 16:15:45,673 [MainThread] INFO mulder.server.app: Resource throttle: get_completed_results waiting (cpu=100%>=90.0%, waited 70s)
2026-06-03 16:15:46,971 [MainThread] INFO mulder.server.app: Resource throttle: wait waiting (cpu=100%>=90.0%, waited 205s)
2026-06-03 16:15:50,682 [MainThread] INFO mulder.server.app: Resource throttle: get_completed_results waiting (cpu=100%>=90.0%, waited 75s)
2026-06-03 16:15:51,977 [MainThread] INFO mulder.server.app: Resource throttle: wait waiting (cpu=100%>=90.0%, waited 210s)
2026-06-03 16:15:55,689 [MainThread] INFO mulder.server.app: Resource throttle: get_completed_results waiting (cpu=100%>=90.0%, waited 80s)
2026-06-03 16:15:56,983 [MainThread] INFO mulder.server.app: Resource throttle: wait waiting (cpu=100%>=90.0%, waited 215s)
2026-06-03 16:16:00,695 [MainThread] INFO mulder.server.app: Resource throttle: get_completed_results waiting (cpu=100%>=90.0%, waited 85s)
2026-06-03 16:16:01,994 [MainThread] INFO mulder.server.app: Resource throttle: wait waiting (cpu=100%>=90.0%, waited 220s)
2026-06-03 16:16:05,704 [MainThread] INFO mulder.server.app: Resource throttle: get_completed_results waiting (cpu=100%>=90.0%, waited 90s)
2026-06-03 16:16:07,004 [MainThread] INFO mulder.server.app: Resource throttle: wait waiting (cpu=100%>=90.0%, waited 225s)
2026-06-03 16:16:10,710 [MainThread] INFO mulder.server.app: Resource throttle: get_completed_results waiting (cpu=100%>=90.0%, waited 95s)
2026-06-03 16:16:12,012 [MainThread] INFO mulder.server.app: Resource throttle: wait waiting (cpu=100%>=90.0%, waited 230s)
2026-06-03 16:16:15,732 [MainThread] INFO mulder.server.app: Resource throttle: get_completed_results waiting (cpu=100%>=90.0%, waited 100s)
2026-06-03 16:16:17,018 [MainThread] INFO mulder.server.app: Resource throttle: wait waiting (cpu=100%>=90.0%, waited 235s)
2026-06-03 16:16:20,743 [MainThread] INFO mulder.server.app: Resource throttle: get_completed_results waiting (cpu=100%>=90.0%, waited 105s)
2026-06-03 16:16:22,026 [MainThread] INFO mulder.server.app: Resource throttle: wait waiting (cpu=100%>=90.0%, waited 240s)
2026-06-03 16:16:25,753 [MainThread] INFO mulder.server.app: Resource throttle: get_completed_results waiting (cpu=100%>=90.0%, waited 110s)
2026-06-03 16:16:27,032 [MainThread] INFO mulder.server.app: Resource throttle: wait waiting (cpu=100%>=90.0%, waited 245s)
2026-06-03 16:16:30,761 [MainThread] INFO mulder.server.app: Resource throttle: get_completed_results waiting (cpu=100%>=90.0%, waited 115s)
2026-06-03 16:16:32,039 [MainThread] INFO mulder.server.app: Resource throttle: wait waiting (cpu=100%>=90.0%, waited 250s)
2026-06-03 16:16:35,772 [MainThread] INFO mulder.server.app: Resource throttle: get_completed_results waiting (cpu=100%>=90.0%, waited 120s)
2026-06-03 16:16:37,047 [MainThread] INFO mulder.server.app: Resource throttle: wait waiting (cpu=100%>=90.0%, waited 255s)
2026-06-03 16:16:40,781 [MainThread] INFO mulder.server.app: Resource throttle: get_completed_results waiting (cpu=100%>=90.0%, waited 125s)
2026-06-03 16:16:42,056 [MainThread] INFO mulder.server.app: Resource throttle: wait waiting (cpu=100%>=90.0%, waited 260s)
2026-06-03 16:16:45,791 [MainThread] INFO mulder.server.app: Resource throttle: get_completed_results waiting (cpu=100%>=90.0%, waited 130s)
2026-06-03 16:16:47,114 [MainThread] INFO mulder.server.app: Resource throttle: wait waiting (cpu=100%>=90.0%, waited 265s)
2026-06-03 16:16:50,797 [MainThread] INFO mulder.server.app: Resource throttle: get_completed_results waiting (cpu=100%>=90.0%, waited 135s)
2026-06-03 16:16:52,132 [MainThread] INFO mulder.server.app: Resource throttle: wait waiting (cpu=100%>=90.0%, waited 270s)
2026-06-03 16:16:55,812 [MainThread] INFO mulder.server.app: Resource throttle: get_completed_results waiting (cpu=100%>=90.0%, waited 140s)
2026-06-03 16:16:57,141 [MainThread] INFO mulder.server.app: Resource throttle: wait waiting (cpu=100%>=90.0%, waited 275s)
2026-06-03 16:17:00,823 [MainThread] INFO mulder.server.app: Resource throttle: get_completed_results waiting (cpu=100%>=90.0%, waited 145s)
2026-06-03 16:17:02,151 [MainThread] INFO mulder.server.app: Resource throttle: wait waiting (cpu=100%>=90.0%, waited 280s)
2026-06-03 16:17:05,832 [MainThread] INFO mulder.server.app: Resource throttle: get_completed_results waiting (cpu=97%>=90.0%, waited 150s)
2026-06-03 16:17:07,157 [MainThread] INFO mulder.server.app: Resource throttle: wait waiting (cpu=97%>=90.0%, waited 285s)
2026-06-03 16:17:10,840 [MainThread] INFO mulder.server.app: Resource throttle: get_completed_results waiting (cpu=100%>=90.0%, waited 155s)
2026-06-03 16:17:12,165 [MainThread] INFO mulder.server.app: Resource throttle: wait waiting (cpu=100%>=90.0%, waited 290s)
2026-06-03 16:17:15,848 [MainThread] INFO mulder.server.app: Resource throttle: get_completed_results waiting (cpu=100%>=90.0%, waited 160s)
2026-06-03 16:17:17,178 [MainThread] INFO mulder.server.app: Resource throttle: wait waiting (cpu=100%>=90.0%, waited 295s)
2026-06-03 16:17:20,854 [MainThread] INFO mulder.server.app: Resource throttle: get_completed_results waiting (cpu=100%>=90.0%, waited 165s)
2026-06-03 16:17:25,864 [MainThread] INFO mulder.server.app: Resource throttle: get_completed_results waiting (cpu=100%>=90.0%, waited 170s)
2026-06-03 16:17:30,876 [MainThread] INFO mulder.server.app: Resource throttle: get_completed_results waiting (cpu=100%>=90.0%, waited 175s)
2026-06-03 16:17:35,889 [MainThread] INFO mulder.server.app: Resource throttle: get_completed_results waiting (cpu=100%>=90.0%, waited 180s)
2026-06-03 16:17:40,895 [MainThread] INFO mulder.server.app: Resource throttle: get_completed_results waiting (cpu=100%>=90.0%, waited 185s)
2026-06-03 16:17:55,525 [MainThread] INFO mcp.server.lowlevel.server: Processing request of type CallToolRequest
2026-06-03 16:17:55,571 [mulder-job_2] INFO mulder.server.app: Resource throttle: run_hayabusa waiting (cpu=99%>=90.0%, waited 0s)
2026-06-03 16:17:55,572 [mulder-job_1] INFO mulder.server.app: Resource throttle: yara_scan_memory waiting (cpu=99%>=90.0%, waited 0s)
2026-06-03 16:17:55,574 [mulder-job_0] INFO mulder.server.app: Resource throttle: run_prefetch_parser waiting (cpu=100%>=90.0%, waited 0s)
2026-06-03 16:17:55,575 [mulder-job_3] INFO mulder.server.app: Resource throttle: run_registry_parser waiting (cpu=99%>=90.0%, waited 0s)
2026-06-03 16:17:55,575 [AnyIO worker thread] INFO mulder.server.jobs: Submitted batch bg_4b744e41 with 10 jobs: ['yara_scan_memory', 'run_evtx_parser', 'run_hayabusa', 'run_chainsaw', 'run_registry_parser', 'run_prefetch_parser', 'run_amcache_parser', 'run_shimcache_parser', 'run_mft_parser', 'yara_scan_files']
2026-06-03 16:17:55,577 [mulder-job_4] INFO mulder.server.app: Resource throttle: run_amcache_parser waiting (cpu=99%>=90.0%, waited 0s)
2026-06-03 16:17:55,578 [mulder-job_7] INFO mulder.server.app: Resource throttle: run_shimcache_parser waiting (cpu=100%>=90.0%, waited 0s)
2026-06-03 16:17:55,643 [mulder-job_6] INFO mulder.server.jobs: Job job_5275e253 (run_chainsaw) completed
2026-06-03 16:17:55,644 [mulder-job_6] INFO mulder.server.jobs: [JOB_COMPLETE] run_chainsaw|completed|
2026-06-03 16:17:56,041 [mulder-job_6] WARNING mulder.extractors.disk: ewfmount failed on /evidence/base-dc-cdrive.E01: Command '['ewfmount', '/evidence/base-dc-cdrive.E01', '/tmp/mulder_mount_0juz756e/_ewf']' returned non-zero exit status 1. No sub system to mount EWF format.

2026-06-03 16:17:56,401 [mulder-job_6] WARNING mulder.extractors.disk: guestmount failed on E01 /evidence/base-dc-cdrive.E01: Command '['guestmount', '-a', '/evidence/base-dc-cdrive.E01', '-i', '--ro', '/tmp/mulder_mount_0juz756e']' returned non-zero exit status 1.
2026-06-03 16:17:56,402 [mulder-job_6] ERROR mulder.extractors.disk: Could not mount E01 /evidence/base-dc-cdrive.E01 (tried ewfmount+mount and guestmount)
2026-06-03 16:18:00,166 [MainThread] INFO mcp.server.lowlevel.server: Processing request of type CallToolRequest
2026-06-03 16:18:00,592 [mulder-job_1] INFO mulder.server.tools.yara: Updated YARA rules: signature-base
2026-06-03 16:18:00,600 [mulder-job_2] INFO mulder.server.jobs: Job job_373b3e8e (run_hayabusa) completed
2026-06-03 16:18:00,601 [mulder-job_2] INFO mulder.server.jobs: [JOB_COMPLETE] run_hayabusa|completed|
2026-06-03 16:18:00,612 [mulder-job_0] WARNING mulder.extractors.disk: ewfmount failed on /evidence/base-dc-cdrive.E01: Command '['ewfmount', '/evidence/base-dc-cdrive.E01', '/tmp/mulder_mount_g8rsa7ad/_ewf']' returned non-zero exit status 1. No sub system to mount EWF format.

2026-06-03 16:18:00,803 [mulder-job_0] WARNING mulder.extractors.disk: guestmount failed on E01 /evidence/base-dc-cdrive.E01: Command '['guestmount', '-a', '/evidence/base-dc-cdrive.E01', '-i', '--ro', '/tmp/mulder_mount_g8rsa7ad']' returned non-zero exit status 1.
2026-06-03 16:18:00,805 [mulder-job_0] ERROR mulder.extractors.disk: Could not mount E01 /evidence/base-dc-cdrive.E01 (tried ewfmount+mount and guestmount)
2026-06-03 16:18:06,582 [mulder-job_1] INFO mulder.server.tools.yara: YARA rule validation: 731/744 files valid (individual)
2026-06-03 16:18:06,585 [mulder-job_2] INFO mulder.server.tools.yara: YARA rule validation: 731/744 files valid (individual)
2026-06-03 16:18:13,828 [mulder-job_0] WARNING mulder.server.jobs: Job job_641a0068 (run_prefetch_parser) returned error: PECmd.dll produced no CSV output
2026-06-03 16:18:13,832 [mulder-job_0] INFO mulder.server.jobs: [JOB_COMPLETE] run_prefetch_parser|failed|PECmd.dll produced no CSV output
2026-06-03 16:18:47,305 [mulder-job_7] WARNING mulder.server.jobs: Job job_6966b503 (run_shimcache_parser) returned error: AppCompatCacheParser.dll produced no CSV output
2026-06-03 16:18:47,323 [mulder-job_7] INFO mulder.server.jobs: [JOB_COMPLETE] run_shimcache_parser|failed|AppCompatCacheParser.dll produced no CSV output
2026-06-03 16:19:07,520 [mulder-job_4] INFO mulder.server.jobs: Job job_30a120ae (run_amcache_parser) completed
2026-06-03 16:19:07,522 [mulder-job_4] INFO mulder.server.jobs: [JOB_COMPLETE] run_amcache_parser|completed|
2026-06-03 16:19:42,154 [mulder-job_5] INFO mulder.server.jobs: Job job_8807a65b (run_evtx_parser) completed
2026-06-03 16:19:42,160 [mulder-job_5] INFO mulder.server.jobs: [JOB_COMPLETE] run_evtx_parser|completed|
2026-06-03 16:19:43,441 [mulder-job_6] INFO mulder.server.jobs: Job job_3c7ef68a (run_mft_parser) completed
2026-06-03 16:19:43,442 [mulder-job_6] INFO mulder.server.jobs: [JOB_COMPLETE] run_mft_parser|completed|
2026-06-03 16:20:09,276 [mulder-job_1] INFO mulder.server.jobs: Job job_ce9113c4 (yara_scan_memory) completed
2026-06-03 16:20:09,284 [mulder-job_1] INFO mulder.server.jobs: [JOB_COMPLETE] yara_scan_memory|completed|
2026-06-03 16:20:29,627 [mulder-job_2] INFO mulder.server.jobs: Job job_be9085fa (yara_scan_files) completed
2026-06-03 16:20:29,634 [mulder-job_2] INFO mulder.server.jobs: [JOB_COMPLETE] yara_scan_files|completed|
2026-06-03 16:21:08,685 [mulder-job_3] INFO mulder.server.jobs: Job job_ae2fe356 (run_bulk_extractor) completed
2026-06-03 16:21:08,690 [mulder-job_3] INFO mulder.server.jobs: [JOB_COMPLETE] run_bulk_extractor|completed|
2026-06-03 16:21:13,687 [MainThread] INFO mcp.server.lowlevel.server: Processing request of type CallToolRequest
2026-06-03 16:21:14,486 [mulder-job_3] INFO mulder.server.jobs: Job job_9627c2a7 (run_registry_parser) completed
2026-06-03 16:21:14,487 [mulder-job_3] INFO mulder.server.jobs: [JOB_COMPLETE] run_registry_parser|completed|
2026-06-03 16:21:19,261 [MainThread] INFO mcp.server.lowlevel.server: Processing request of type CallToolRequest
2026-06-03 16:21:20,815 [MainThread] INFO mcp.server.lowlevel.server: Processing request of type CallToolRequest
2026-06-03 16:21:20,856 [AnyIO worker thread] INFO mulder.server.jobs: Submitted batch bg_0d4a870c with 6 jobs: ['run_evtx_parser', 'run_registry_parser', 'run_prefetch_parser', 'run_amcache_parser', 'run_shimcache_parser', 'run_mft_parser']
2026-06-03 16:21:20,871 [MainThread] INFO mcp.server.lowlevel.server: Processing request of type CallToolRequest
2026-06-03 16:21:20,888 [AnyIO worker thread] INFO mulder.server.tools.yara: Updated YARA rules: signature-base
2026-06-03 16:21:21,234 [mulder-job_3] WARNING mulder.extractors.disk: ewfmount failed on /evidence/base-file-cdrive.E01: Command '['ewfmount', '/evidence/base-file-cdrive.E01', '/tmp/mulder_mount_i_4u_375/_ewf']' returned non-zero exit status 1. No sub system to mount EWF format.

2026-06-03 16:21:22,228 [mulder-job_3] WARNING mulder.extractors.disk: guestmount failed on E01 /evidence/base-file-cdrive.E01: Command '['guestmount', '-a', '/evidence/base-file-cdrive.E01', '-i', '--ro', '/tmp/mulder_mount_i_4u_375']' returned non-zero exit status 1.
2026-06-03 16:21:22,245 [mulder-job_3] ERROR mulder.extractors.disk: Could not mount E01 /evidence/base-file-cdrive.E01 (tried ewfmount+mount and guestmount)
2026-06-03 16:21:25,774 [MainThread] INFO mcp.server.lowlevel.server: Processing request of type CallToolRequest
2026-06-03 16:21:25,779 [AnyIO worker thread] INFO mulder.server.jobs: Submitted batch bg_0f1e316b with 2 jobs: ['run_prefetch_parser', 'run_shimcache_parser']
2026-06-03 16:21:25,878 [mulder-job_5] WARNING mulder.server.jobs: Job job_815c49bc (run_amcache_parser) returned error: AmcacheParser.dll produced no CSV output
2026-06-03 16:21:25,880 [mulder-job_5] INFO mulder.server.jobs: [JOB_COMPLETE] run_amcache_parser|failed|AmcacheParser.dll produced no CSV output
2026-06-03 16:21:26,186 [mulder-job_0] WARNING mulder.extractors.disk: ewfmount failed on /evidence/base-dc-cdrive.E01: Command '['ewfmount', '/evidence/base-dc-cdrive.E01', '/tmp/mulder_mount_rlqiijd7/_ewf']' returned non-zero exit status 1. No sub system to mount EWF format.

2026-06-03 16:21:26,444 [mulder-job_0] WARNING mulder.extractors.disk: guestmount failed on E01 /evidence/base-dc-cdrive.E01: Command '['guestmount', '-a', '/evidence/base-dc-cdrive.E01', '-i', '--ro', '/tmp/mulder_mount_rlqiijd7']' returned non-zero exit status 1.
2026-06-03 16:21:26,448 [mulder-job_0] ERROR mulder.extractors.disk: Could not mount E01 /evidence/base-dc-cdrive.E01 (tried ewfmount+mount and guestmount)
2026-06-03 16:21:26,906 [mulder-job_1] WARNING mulder.server.jobs: Job job_bbb7d068 (run_prefetch_parser) returned error: PECmd.dll produced no CSV output
2026-06-03 16:21:26,909 [mulder-job_1] INFO mulder.server.jobs: [JOB_COMPLETE] run_prefetch_parser|failed|PECmd.dll produced no CSV output
2026-06-03 16:21:27,435 [AnyIO worker thread] INFO mulder.server.tools.yara: YARA rule validation: 731/744 files valid (individual)
2026-06-03 16:21:29,588 [mulder-job_0] WARNING mulder.server.jobs: Job job_a9a13271 (run_prefetch_parser) returned error: PECmd.dll produced no CSV output
2026-06-03 16:21:29,590 [mulder-job_0] INFO mulder.server.jobs: [JOB_COMPLETE] run_prefetch_parser|failed|PECmd.dll produced no CSV output
2026-06-03 16:21:31,218 [MainThread] INFO mcp.server.lowlevel.server: Processing request of type CallToolRequest
2026-06-03 16:21:48,346 [mulder-job_0] WARNING mulder.server.jobs: Job job_6eb98517 (run_shimcache_parser) returned error: AppCompatCacheParser.dll produced no CSV output
2026-06-03 16:21:48,349 [mulder-job_0] INFO mulder.server.jobs: [JOB_COMPLETE] run_shimcache_parser|failed|AppCompatCacheParser.dll produced no CSV output
2026-06-03 16:21:55,028 [mulder-job_3] INFO mulder.server.jobs: Job job_4fb68762 (run_mft_parser) completed
2026-06-03 16:21:55,031 [mulder-job_3] INFO mulder.server.jobs: [JOB_COMPLETE] run_mft_parser|completed|
2026-06-03 16:21:56,169 [mulder-job_7] WARNING mulder.server.jobs: Job job_d2ad847d (run_shimcache_parser) returned error: AppCompatCacheParser.dll produced no CSV output
2026-06-03 16:21:56,173 [mulder-job_7] INFO mulder.server.jobs: [JOB_COMPLETE] run_shimcache_parser|failed|AppCompatCacheParser.dll produced no CSV output
2026-06-03 16:22:10,500 [mulder-job_4] INFO mulder.server.jobs: Job job_fc37376e (run_evtx_parser) completed
2026-06-03 16:22:10,501 [mulder-job_4] INFO mulder.server.jobs: [JOB_COMPLETE] run_evtx_parser|completed|
2026-06-03 16:22:12,630 [MainThread] INFO mulder.server.app: Mulder MCP server ready (db_dir=/home/mulder/.mulder/cases)
2026-06-03 16:22:12,652 [MainThread] INFO mcp.server.lowlevel.server: Processing request of type ListToolsRequest
2026-06-03 16:22:12,655 [MainThread] INFO mcp.server.lowlevel.server: Processing request of type ListPromptsRequest
2026-06-03 16:22:12,656 [MainThread] INFO mcp.server.lowlevel.server: Processing request of type ListResourcesRequest
2026-06-03 16:22:17,713 [MainThread] INFO mcp.server.lowlevel.server: Processing request of type CallToolRequest
2026-06-03 16:22:17,714 [AnyIO worker thread] INFO mulder.server.app: Opening case database for 'SRL-2018' ...
2026-06-03 16:22:17,735 [AnyIO worker thread] INFO mulder.server.app: Server context ready for case 'SRL-2018'
2026-06-03 16:22:21,962 [MainThread] INFO mcp.server.lowlevel.server: Processing request of type CallToolRequest
2026-06-03 16:22:29,237 [MainThread] INFO mulder.server.app: Mulder MCP server ready (db_dir=/home/mulder/.mulder/cases)
2026-06-03 16:22:29,257 [MainThread] INFO mcp.server.lowlevel.server: Processing request of type ListToolsRequest
2026-06-03 16:22:29,260 [MainThread] INFO mcp.server.lowlevel.server: Processing request of type ListPromptsRequest
2026-06-03 16:22:29,261 [MainThread] INFO mcp.server.lowlevel.server: Processing request of type ListResourcesRequest
2026-06-03 16:22:31,878 [mulder-job_2] INFO mulder.server.jobs: Job job_79324246 (run_registry_parser) completed
2026-06-03 16:22:31,882 [mulder-job_2] INFO mulder.server.jobs: [JOB_COMPLETE] run_registry_parser|completed|
2026-06-03 16:22:36,404 [MainThread] INFO mcp.server.lowlevel.server: Processing request of type CallToolRequest
2026-06-03 16:22:40,115 [MainThread] INFO mcp.server.lowlevel.server: Processing request of type CallToolRequest
2026-06-03 16:22:44,038 [MainThread] INFO mcp.server.lowlevel.server: Processing request of type CallToolRequest
2026-06-03 16:22:44,040 [AnyIO worker thread] INFO mulder.server.app: Opening case database for 'SRL-2018' ...
2026-06-03 16:22:44,046 [AnyIO worker thread] INFO mulder.server.app: Server context ready for case 'SRL-2018'
2026-06-03 16:22:50,229 [MainThread] INFO mcp.server.lowlevel.server: Processing request of type CallToolRequest
2026-06-03 16:22:50,254 [MainThread] INFO mcp.server.lowlevel.server: Processing request of type CallToolRequest
2026-06-03 16:23:03,072 [MainThread] INFO mcp.server.lowlevel.server: Processing request of type CallToolRequest
2026-06-03 16:23:11,679 [MainThread] INFO mcp.server.lowlevel.server: Processing request of type CallToolRequest
2026-06-03 16:23:12,458 [MainThread] INFO mcp.server.lowlevel.server: Processing request of type CallToolRequest
2026-06-03 16:23:12,467 [MainThread] INFO mcp.server.lowlevel.server: Processing request of type CallToolRequest
2026-06-03 16:23:13,015 [MainThread] INFO mcp.server.lowlevel.server: Processing request of type CallToolRequest
2026-06-03 16:23:24,637 [MainThread] INFO mcp.server.lowlevel.server: Processing request of type CallToolRequest
2026-06-03 16:23:24,676 [MainThread] INFO mcp.server.lowlevel.server: Processing request of type CallToolRequest
2026-06-03 16:23:27,034 [MainThread] INFO mcp.server.lowlevel.server: Processing request of type CallToolRequest
2026-06-03 16:23:34,428 [MainThread] INFO mcp.server.lowlevel.server: Processing request of type CallToolRequest
2026-06-03 16:23:35,436 [MainThread] INFO mcp.server.lowlevel.server: Processing request of type CallToolRequest
2026-06-03 16:23:35,438 [AnyIO worker thread] INFO mulder.server.jobs: Submitted batch bg_56d49a70 with 3 jobs: ['run_prefetch_parser', 'run_amcache_parser', 'run_shimcache_parser']
2026-06-03 16:23:35,621 [mulder-job_0] WARNING mulder.extractors.disk: ewfmount failed on /evidence/base-file-cdrive.E01: Command '['ewfmount', '/evidence/base-file-cdrive.E01', '/tmp/mulder_mount_j9k8h3yn/_ewf']' returned non-zero exit status 1. No sub system to mount EWF format.

2026-06-03 16:23:35,857 [mulder-job_0] WARNING mulder.extractors.disk: guestmount failed on E01 /evidence/base-file-cdrive.E01: Command '['guestmount', '-a', '/evidence/base-file-cdrive.E01', '-i', '--ro', '/tmp/mulder_mount_j9k8h3yn']' returned non-zero exit status 1.
2026-06-03 16:23:35,859 [mulder-job_0] ERROR mulder.extractors.disk: Could not mount E01 /evidence/base-file-cdrive.E01 (tried ewfmount+mount and guestmount)
2026-06-03 16:23:39,156 [mulder-job_1] WARNING mulder.server.jobs: Job job_d03f27e9 (run_amcache_parser) returned error: AmcacheParser.dll produced no CSV output
2026-06-03 16:23:39,157 [mulder-job_1] INFO mulder.server.jobs: [JOB_COMPLETE] run_amcache_parser|failed|AmcacheParser.dll produced no CSV output
2026-06-03 16:23:39,890 [mulder-job_5] WARNING mulder.server.jobs: Job job_28a02eb2 (run_prefetch_parser) returned error: PECmd.dll produced no CSV output
2026-06-03 16:23:39,891 [mulder-job_5] INFO mulder.server.jobs: [JOB_COMPLETE] run_prefetch_parser|failed|PECmd.dll produced no CSV output
2026-06-03 16:23:40,336 [MainThread] INFO mcp.server.lowlevel.server: Processing request of type CallToolRequest
2026-06-03 16:23:44,920 [MainThread] INFO mcp.server.lowlevel.server: Processing request of type CallToolRequest
2026-06-03 16:23:55,703 [MainThread] INFO mcp.server.lowlevel.server: Processing request of type CallToolRequest
2026-06-03 16:24:06,843 [mulder-job_0] WARNING mulder.server.jobs: Job job_e651cfa6 (run_shimcache_parser) returned error: AppCompatCacheParser.dll produced no CSV output
2026-06-03 16:24:06,845 [mulder-job_0] INFO mulder.server.jobs: [JOB_COMPLETE] run_shimcache_parser|failed|AppCompatCacheParser.dll produced no CSV output
2026-06-03 16:24:09,013 [MainThread] INFO mcp.server.lowlevel.server: Processing request of type CallToolRequest
2026-06-03 16:24:13,090 [MainThread] INFO mcp.server.lowlevel.server: Processing request of type CallToolRequest
2026-06-03 16:24:13,110 [AnyIO worker thread] INFO mulder.server.jobs: Submitted batch bg_b6362071 with 2 jobs: ['run_hayabusa', 'run_chainsaw']
2026-06-03 16:24:13,130 [mulder-job_4] INFO mulder.server.jobs: Job job_2428e6bb (run_hayabusa) completed
2026-06-03 16:24:13,132 [mulder-job_4] INFO mulder.server.jobs: [JOB_COMPLETE] run_hayabusa|completed|
2026-06-03 16:24:13,157 [mulder-job_2] INFO mulder.server.jobs: Job job_90d55225 (run_chainsaw) completed
2026-06-03 16:24:13,157 [mulder-job_2] INFO mulder.server.jobs: [JOB_COMPLETE] run_chainsaw|completed|
2026-06-03 16:24:17,301 [MainThread] INFO mcp.server.lowlevel.server: Processing request of type CallToolRequest
2026-06-03 16:24:19,258 [MainThread] INFO mcp.server.lowlevel.server: Processing request of type CallToolRequest
2026-06-03 16:24:19,288 [MainThread] INFO mcp.server.lowlevel.server: Processing request of type CallToolRequest
2026-06-03 16:24:21,714 [MainThread] INFO mcp.server.lowlevel.server: Processing request of type CallToolRequest
2026-06-03 16:24:39,087 [MainThread] INFO mcp.server.lowlevel.server: Processing request of type CallToolRequest
2026-06-03 16:24:40,366 [MainThread] INFO mcp.server.lowlevel.server: Processing request of type CallToolRequest
2026-06-03 16:24:40,796 [MainThread] INFO mulder.server.app: Mulder MCP server ready (db_dir=/home/mulder/.mulder/cases)
2026-06-03 16:24:40,815 [MainThread] INFO mcp.server.lowlevel.server: Processing request of type ListToolsRequest
2026-06-03 16:24:40,818 [MainThread] INFO mcp.server.lowlevel.server: Processing request of type ListPromptsRequest
2026-06-03 16:24:40,819 [MainThread] INFO mcp.server.lowlevel.server: Processing request of type ListResourcesRequest
2026-06-03 16:24:40,856 [MainThread] INFO mcp.server.lowlevel.server: Processing request of type CallToolRequest
2026-06-03 16:24:41,733 [MainThread] INFO mcp.server.lowlevel.server: Processing request of type CallToolRequest
2026-06-03 16:24:41,806 [MainThread] INFO mcp.server.lowlevel.server: Processing request of type CallToolRequest
2026-06-03 16:24:47,028 [MainThread] INFO mcp.server.lowlevel.server: Processing request of type CallToolRequest
2026-06-03 16:24:47,047 [MainThread] INFO mcp.server.lowlevel.server: Processing request of type CallToolRequest
2026-06-03 16:24:52,789 [MainThread] INFO mcp.server.lowlevel.server: Processing request of type CallToolRequest
2026-06-03 16:24:56,633 [MainThread] INFO mcp.server.lowlevel.server: Processing request of type CallToolRequest
2026-06-03 16:24:56,639 [AnyIO worker thread] INFO mulder.server.app: Opening case database for 'SRL-2018' ...
2026-06-03 16:24:56,652 [AnyIO worker thread] INFO mulder.server.app: Server context ready for case 'SRL-2018'
2026-06-03 16:25:01,667 [MainThread] INFO mcp.server.lowlevel.server: Processing request of type CallToolRequest
2026-06-03 16:25:01,706 [MainThread] INFO mcp.server.lowlevel.server: Processing request of type CallToolRequest
2026-06-03 16:25:04,413 [MainThread] INFO mcp.server.lowlevel.server: Processing request of type CallToolRequest
2026-06-03 16:25:04,839 [MainThread] INFO mcp.server.lowlevel.server: Processing request of type CallToolRequest
2026-06-03 16:25:05,347 [MainThread] INFO mcp.server.lowlevel.server: Processing request of type CallToolRequest
2026-06-03 16:25:05,354 [AnyIO worker thread] WARNING mulder.db: FTS5 COUNT failed for query 'temp\\\\registry', returning 0
Traceback (most recent call last):
  File "/usr/local/lib/python3.12/dist-packages/sqlalchemy/engine/base.py", line 1969, in _exec_single_context
    self.dialect.do_execute(
  File "/usr/local/lib/python3.12/dist-packages/sqlalchemy/engine/default.py", line 952, in do_execute
    cursor.execute(statement, parameters)
sqlite3.OperationalError: fts5: syntax error near "\"

The above exception was the direct cause of the following exception:

Traceback (most recent call last):
  File "/app/src/mulder/db.py", line 699, in count_search_windows
    result = conn.execute(stmt, {"q": safe_query}).scalar()
             ^^^^^^^^^^^^^^^^^^^^^^^^^^^^^^^^^^^^^
  File "/usr/local/lib/python3.12/dist-packages/sqlalchemy/engine/base.py", line 1421, in execute
    return meth(
           ^^^^^
  File "/usr/local/lib/python3.12/dist-packages/sqlalchemy/sql/elements.py", line 526, in _execute_on_connection
    return connection._execute_clauseelement(
           ^^^^^^^^^^^^^^^^^^^^^^^^^^^^^^^^^^
  File "/usr/local/lib/python3.12/dist-packages/sqlalchemy/engine/base.py", line 1643, in _execute_clauseelement
    ret = self._execute_context(
          ^^^^^^^^^^^^^^^^^^^^^^
  File "/usr/local/lib/python3.12/dist-packages/sqlalchemy/engine/base.py", line 1848, in _execute_context
    return self._exec_single_context(
           ^^^^^^^^^^^^^^^^^^^^^^^^^^
  File "/usr/local/lib/python3.12/dist-packages/sqlalchemy/engine/base.py", line 1988, in _exec_single_context
    self._handle_dbapi_exception(
  File "/usr/local/lib/python3.12/dist-packages/sqlalchemy/engine/base.py", line 2365, in _handle_dbapi_exception
    raise sqlalchemy_exception.with_traceback(exc_info[2]) from e
  File "/usr/local/lib/python3.12/dist-packages/sqlalchemy/engine/base.py", line 1969, in _exec_single_context
    self.dialect.do_execute(
  File "/usr/local/lib/python3.12/dist-packages/sqlalchemy/engine/default.py", line 952, in do_execute
    cursor.execute(statement, parameters)
sqlalchemy.exc.OperationalError: (sqlite3.OperationalError) fts5: syntax error near "\"
[SQL: SELECT count(*) AS count_1 
FROM windows JOIN sources ON windows.source_id = sources.source_id 
WHERE windows.window_id IN (SELECT rowid 
FROM windows_fts 
WHERE windows_fts MATCH ?)]
[parameters: ('temp\\\\registry',)]
(Background on this error at: https://sqlalche.me/e/20/e3q8)
2026-06-03 16:25:05,826 [AnyIO worker thread] WARNING mulder.db: FTS5 MATCH failed for query 'temp\\\\registry', returning empty
Traceback (most recent call last):
  File "/usr/local/lib/python3.12/dist-packages/sqlalchemy/engine/base.py", line 1969, in _exec_single_context
    self.dialect.do_execute(
  File "/usr/local/lib/python3.12/dist-packages/sqlalchemy/engine/default.py", line 952, in do_execute
    cursor.execute(statement, parameters)
sqlite3.OperationalError: fts5: syntax error near "\"

The above exception was the direct cause of the following exception:

Traceback (most recent call last):
  File "/app/src/mulder/db.py", line 615, in search_windows
    rows = conn.execute(stmt, {"q": safe_query}).fetchall()
           ^^^^^^^^^^^^^^^^^^^^^^^^^^^^^^^^^^^^^
  File "/usr/local/lib/python3.12/dist-packages/sqlalchemy/engine/base.py", line 1421, in execute
    return meth(
           ^^^^^
  File "/usr/local/lib/python3.12/dist-packages/sqlalchemy/sql/elements.py", line 526, in _execute_on_connection
    return connection._execute_clauseelement(
           ^^^^^^^^^^^^^^^^^^^^^^^^^^^^^^^^^^
  File "/usr/local/lib/python3.12/dist-packages/sqlalchemy/engine/base.py", line 1643, in _execute_clauseelement
    ret = self._execute_context(
          ^^^^^^^^^^^^^^^^^^^^^^
  File "/usr/local/lib/python3.12/dist-packages/sqlalchemy/engine/base.py", line 1848, in _execute_context
    return self._exec_single_context(
           ^^^^^^^^^^^^^^^^^^^^^^^^^^
  File "/usr/local/lib/python3.12/dist-packages/sqlalchemy/engine/base.py", line 1988, in _exec_single_context
    self._handle_dbapi_exception(
  File "/usr/local/lib/python3.12/dist-packages/sqlalchemy/engine/base.py", line 2365, in _handle_dbapi_exception
    raise sqlalchemy_exception.with_traceback(exc_info[2]) from e
  File "/usr/local/lib/python3.12/dist-packages/sqlalchemy/engine/base.py", line 1969, in _exec_single_context
    self.dialect.do_execute(
  File "/usr/local/lib/python3.12/dist-packages/sqlalchemy/engine/default.py", line 952, in do_execute
    cursor.execute(statement, parameters)
sqlalchemy.exc.OperationalError: (sqlite3.OperationalError) fts5: syntax error near "\"
[SQL: SELECT windows.window_id, windows.source_id, windows.line_start, windows.line_end, windows.event_time, windows.raw_text, sources.source_name 
FROM windows JOIN sources ON windows.source_id = sources.source_id 
WHERE windows.window_id IN (SELECT rowid 
FROM windows_fts 
WHERE windows_fts MATCH ?) ORDER BY windows.event_time ASC NULLS LAST
 LIMIT ? OFFSET ?]
[parameters: ('temp\\\\registry', 10, 0)]
(Background on this error at: https://sqlalche.me/e/20/e3q8)
2026-06-03 16:25:06,196 [MainThread] INFO mcp.server.lowlevel.server: Processing request of type CallToolRequest
2026-06-03 16:25:06,583 [MainThread] INFO mcp.server.lowlevel.server: Processing request of type CallToolRequest
2026-06-03 16:25:11,873 [MainThread] INFO mcp.server.lowlevel.server: Processing request of type CallToolRequest
2026-06-03 16:25:20,527 [MainThread] INFO mcp.server.lowlevel.server: Processing request of type CallToolRequest
2026-06-03 16:25:21,191 [MainThread] INFO mcp.server.lowlevel.server: Processing request of type CallToolRequest
2026-06-03 16:25:24,038 [MainThread] INFO mcp.server.lowlevel.server: Processing request of type CallToolRequest
2026-06-03 16:25:24,797 [MainThread] INFO mcp.server.lowlevel.server: Processing request of type CallToolRequest
2026-06-03 16:25:24,925 [MainThread] INFO mcp.server.lowlevel.server: Processing request of type CallToolRequest
2026-06-03 16:25:25,126 [MainThread] INFO mcp.server.lowlevel.server: Processing request of type CallToolRequest
2026-06-03 16:25:27,700 [MainThread] INFO mcp.server.lowlevel.server: Processing request of type CallToolRequest
2026-06-03 16:25:27,709 [AnyIO worker thread] WARNING mulder.db: FTS5 COUNT failed for query '\\\\temp\\\\registry', returning 0
Traceback (most recent call last):
  File "/usr/local/lib/python3.12/dist-packages/sqlalchemy/engine/base.py", line 1969, in _exec_single_context
    self.dialect.do_execute(
  File "/usr/local/lib/python3.12/dist-packages/sqlalchemy/engine/default.py", line 952, in do_execute
    cursor.execute(statement, parameters)
sqlite3.OperationalError: fts5: syntax error near "\"

The above exception was the direct cause of the following exception:

Traceback (most recent call last):
  File "/app/src/mulder/db.py", line 699, in count_search_windows
    result = conn.execute(stmt, {"q": safe_query}).scalar()
             ^^^^^^^^^^^^^^^^^^^^^^^^^^^^^^^^^^^^^
  File "/usr/local/lib/python3.12/dist-packages/sqlalchemy/engine/base.py", line 1421, in execute
    return meth(
           ^^^^^
  File "/usr/local/lib/python3.12/dist-packages/sqlalchemy/sql/elements.py", line 526, in _execute_on_connection
    return connection._execute_clauseelement(
           ^^^^^^^^^^^^^^^^^^^^^^^^^^^^^^^^^^
  File "/usr/local/lib/python3.12/dist-packages/sqlalchemy/engine/base.py", line 1643, in _execute_clauseelement
    ret = self._execute_context(
          ^^^^^^^^^^^^^^^^^^^^^^
  File "/usr/local/lib/python3.12/dist-packages/sqlalchemy/engine/base.py", line 1848, in _execute_context
    return self._exec_single_context(
           ^^^^^^^^^^^^^^^^^^^^^^^^^^
  File "/usr/local/lib/python3.12/dist-packages/sqlalchemy/engine/base.py", line 1988, in _exec_single_context
    self._handle_dbapi_exception(
  File "/usr/local/lib/python3.12/dist-packages/sqlalchemy/engine/base.py", line 2365, in _handle_dbapi_exception
    raise sqlalchemy_exception.with_traceback(exc_info[2]) from e
  File "/usr/local/lib/python3.12/dist-packages/sqlalchemy/engine/base.py", line 1969, in _exec_single_context
    self.dialect.do_execute(
  File "/usr/local/lib/python3.12/dist-packages/sqlalchemy/engine/default.py", line 952, in do_execute
    cursor.execute(statement, parameters)
sqlalchemy.exc.OperationalError: (sqlite3.OperationalError) fts5: syntax error near "\"
[SQL: SELECT count(*) AS count_1 
FROM windows JOIN sources ON windows.source_id = sources.source_id 
WHERE windows.window_id IN (SELECT rowid 
FROM windows_fts 
WHERE windows_fts MATCH ?) AND (sources.source_name = ? OR sources.source_name LIKE ?)]
[parameters: ('\\\\temp\\\\registry', 'ez.mft', 'ez.mft.%')]
(Background on this error at: https://sqlalche.me/e/20/e3q8)
2026-06-03 16:25:28,102 [AnyIO worker thread] WARNING mulder.db: FTS5 MATCH failed for query '\\\\temp\\\\registry', returning empty
Traceback (most recent call last):
  File "/usr/local/lib/python3.12/dist-packages/sqlalchemy/engine/base.py", line 1969, in _exec_single_context
    self.dialect.do_execute(
  File "/usr/local/lib/python3.12/dist-packages/sqlalchemy/engine/default.py", line 952, in do_execute
    cursor.execute(statement, parameters)
sqlite3.OperationalError: fts5: syntax error near "\"

The above exception was the direct cause of the following exception:

Traceback (most recent call last):
  File "/app/src/mulder/db.py", line 615, in search_windows
    rows = conn.execute(stmt, {"q": safe_query}).fetchall()
           ^^^^^^^^^^^^^^^^^^^^^^^^^^^^^^^^^^^^^
  File "/usr/local/lib/python3.12/dist-packages/sqlalchemy/engine/base.py", line 1421, in execute
    return meth(
           ^^^^^
  File "/usr/local/lib/python3.12/dist-packages/sqlalchemy/sql/elements.py", line 526, in _execute_on_connection
    return connection._execute_clauseelement(
           ^^^^^^^^^^^^^^^^^^^^^^^^^^^^^^^^^^
  File "/usr/local/lib/python3.12/dist-packages/sqlalchemy/engine/base.py", line 1643, in _execute_clauseelement
    ret = self._execute_context(
          ^^^^^^^^^^^^^^^^^^^^^^
  File "/usr/local/lib/python3.12/dist-packages/sqlalchemy/engine/base.py", line 1848, in _execute_context
    return self._exec_single_context(
           ^^^^^^^^^^^^^^^^^^^^^^^^^^
  File "/usr/local/lib/python3.12/dist-packages/sqlalchemy/engine/base.py", line 1988, in _exec_single_context
    self._handle_dbapi_exception(
  File "/usr/local/lib/python3.12/dist-packages/sqlalchemy/engine/base.py", line 2365, in _handle_dbapi_exception
    raise sqlalchemy_exception.with_traceback(exc_info[2]) from e
  File "/usr/local/lib/python3.12/dist-packages/sqlalchemy/engine/base.py", line 1969, in _exec_single_context
    self.dialect.do_execute(
  File "/usr/local/lib/python3.12/dist-packages/sqlalchemy/engine/default.py", line 952, in do_execute
    cursor.execute(statement, parameters)
sqlalchemy.exc.OperationalError: (sqlite3.OperationalError) fts5: syntax error near "\"
[SQL: SELECT windows.window_id, windows.source_id, windows.line_start, windows.line_end, windows.event_time, windows.raw_text, sources.source_name 
FROM windows JOIN sources ON windows.source_id = sources.source_id 
WHERE windows.window_id IN (SELECT rowid 
FROM windows_fts 
WHERE windows_fts MATCH ?) AND (sources.source_name = ? OR sources.source_name LIKE ?) ORDER BY windows.event_time ASC NULLS LAST
 LIMIT ? OFFSET ?]
[parameters: ('\\\\temp\\\\registry', 'ez.mft', 'ez.mft.%', 20, 0)]
(Background on this error at: https://sqlalche.me/e/20/e3q8)
2026-06-03 16:25:28,455 [MainThread] INFO mcp.server.lowlevel.server: Processing request of type CallToolRequest
2026-06-03 16:25:28,995 [MainThread] INFO mcp.server.lowlevel.server: Processing request of type CallToolRequest
2026-06-03 16:25:34,951 [MainThread] INFO mcp.server.lowlevel.server: Processing request of type CallToolRequest
2026-06-03 16:25:35,234 [MainThread] INFO mcp.server.lowlevel.server: Processing request of type CallToolRequest
2026-06-03 16:25:43,115 [MainThread] INFO mcp.server.lowlevel.server: Processing request of type CallToolRequest
2026-06-03 16:25:45,677 [MainThread] INFO mcp.server.lowlevel.server: Processing request of type CallToolRequest
2026-06-03 16:26:05,267 [MainThread] INFO mcp.server.lowlevel.server: Processing request of type CallToolRequest
2026-06-03 16:26:07,875 [MainThread] INFO mcp.server.lowlevel.server: Processing request of type CallToolRequest
2026-06-03 16:26:18,225 [MainThread] INFO mcp.server.lowlevel.server: Processing request of type CallToolRequest
2026-06-03 16:26:28,826 [MainThread] INFO mcp.server.lowlevel.server: Processing request of type CallToolRequest
2026-06-03 16:26:58,221 [MainThread] INFO mcp.server.lowlevel.server: Processing request of type CallToolRequest
2026-06-03 16:26:58,262 [MainThread] INFO mcp.server.lowlevel.server: Processing request of type CallToolRequest
2026-06-03 16:27:04,847 [MainThread] INFO mcp.server.lowlevel.server: Processing request of type CallToolRequest
2026-06-03 16:27:05,303 [MainThread] INFO mcp.server.lowlevel.server: Processing request of type CallToolRequest
2026-06-03 16:27:05,737 [MainThread] INFO mcp.server.lowlevel.server: Processing request of type CallToolRequest
2026-06-03 16:27:15,982 [MainThread] INFO mcp.server.lowlevel.server: Processing request of type CallToolRequest
2026-06-03 16:27:16,378 [MainThread] INFO mcp.server.lowlevel.server: Processing request of type CallToolRequest
2026-06-03 16:27:17,340 [MainThread] INFO mcp.server.lowlevel.server: Processing request of type CallToolRequest
2026-06-03 16:27:19,020 [MainThread] INFO mcp.server.lowlevel.server: Processing request of type CallToolRequest
2026-06-03 16:27:19,309 [MainThread] INFO mcp.server.lowlevel.server: Processing request of type CallToolRequest
2026-06-03 16:27:20,857 [MainThread] INFO mcp.server.lowlevel.server: Processing request of type CallToolRequest
2026-06-03 16:27:47,926 [MainThread] INFO mcp.server.lowlevel.server: Processing request of type CallToolRequest
2026-06-03 16:27:49,298 [MainThread] INFO mcp.server.lowlevel.server: Processing request of type CallToolRequest
2026-06-03 16:27:50,101 [MainThread] INFO mcp.server.lowlevel.server: Processing request of type CallToolRequest
2026-06-03 16:27:50,587 [MainThread] INFO mcp.server.lowlevel.server: Processing request of type CallToolRequest
2026-06-03 16:27:50,679 [MainThread] INFO mcp.server.lowlevel.server: Processing request of type CallToolRequest
2026-06-03 16:27:51,153 [MainThread] INFO mcp.server.lowlevel.server: Processing request of type CallToolRequest
2026-06-03 16:27:51,212 [MainThread] INFO mcp.server.lowlevel.server: Processing request of type CallToolRequest
2026-06-03 16:27:52,621 [MainThread] INFO mcp.server.lowlevel.server: Processing request of type CallToolRequest
2026-06-03 16:28:01,364 [MainThread] INFO mcp.server.lowlevel.server: Processing request of type CallToolRequest
2026-06-03 16:28:04,316 [MainThread] INFO mcp.server.lowlevel.server: Processing request of type CallToolRequest
2026-06-03 16:28:04,341 [AnyIO worker thread] WARNING mulder.db: FTS5 COUNT failed for query 'temp\\\\\\\\registry', returning 0
Traceback (most recent call last):
  File "/usr/local/lib/python3.12/dist-packages/sqlalchemy/engine/base.py", line 1969, in _exec_single_context
    self.dialect.do_execute(
  File "/usr/local/lib/python3.12/dist-packages/sqlalchemy/engine/default.py", line 952, in do_execute
    cursor.execute(statement, parameters)
sqlite3.OperationalError: fts5: syntax error near "\"

The above exception was the direct cause of the following exception:

Traceback (most recent call last):
  File "/app/src/mulder/db.py", line 699, in count_search_windows
    result = conn.execute(stmt, {"q": safe_query}).scalar()
             ^^^^^^^^^^^^^^^^^^^^^^^^^^^^^^^^^^^^^
  File "/usr/local/lib/python3.12/dist-packages/sqlalchemy/engine/base.py", line 1421, in execute
    return meth(
           ^^^^^
  File "/usr/local/lib/python3.12/dist-packages/sqlalchemy/sql/elements.py", line 526, in _execute_on_connection
    return connection._execute_clauseelement(
           ^^^^^^^^^^^^^^^^^^^^^^^^^^^^^^^^^^
  File "/usr/local/lib/python3.12/dist-packages/sqlalchemy/engine/base.py", line 1643, in _execute_clauseelement
    ret = self._execute_context(
          ^^^^^^^^^^^^^^^^^^^^^^
  File "/usr/local/lib/python3.12/dist-packages/sqlalchemy/engine/base.py", line 1848, in _execute_context
    return self._exec_single_context(
           ^^^^^^^^^^^^^^^^^^^^^^^^^^
  File "/usr/local/lib/python3.12/dist-packages/sqlalchemy/engine/base.py", line 1988, in _exec_single_context
    self._handle_dbapi_exception(
  File "/usr/local/lib/python3.12/dist-packages/sqlalchemy/engine/base.py", line 2365, in _handle_dbapi_exception
    raise sqlalchemy_exception.with_traceback(exc_info[2]) from e
  File "/usr/local/lib/python3.12/dist-packages/sqlalchemy/engine/base.py", line 1969, in _exec_single_context
    self.dialect.do_execute(
  File "/usr/local/lib/python3.12/dist-packages/sqlalchemy/engine/default.py", line 952, in do_execute
    cursor.execute(statement, parameters)
sqlalchemy.exc.OperationalError: (sqlite3.OperationalError) fts5: syntax error near "\"
[SQL: SELECT count(*) AS count_1 
FROM windows JOIN sources ON windows.source_id = sources.source_id 
WHERE windows.window_id IN (SELECT rowid 
FROM windows_fts 
WHERE windows_fts MATCH ?) AND (sources.source_name = ? OR sources.source_name LIKE ?)]
[parameters: ('temp\\\\\\\\registry', 'tsk.filelist', 'tsk.filelist.%')]
(Background on this error at: https://sqlalche.me/e/20/e3q8)
2026-06-03 16:28:04,763 [AnyIO worker thread] WARNING mulder.db: FTS5 MATCH failed for query 'temp\\\\\\\\registry', returning empty
Traceback (most recent call last):
  File "/usr/local/lib/python3.12/dist-packages/sqlalchemy/engine/base.py", line 1969, in _exec_single_context
    self.dialect.do_execute(
  File "/usr/local/lib/python3.12/dist-packages/sqlalchemy/engine/default.py", line 952, in do_execute
    cursor.execute(statement, parameters)
sqlite3.OperationalError: fts5: syntax error near "\"

The above exception was the direct cause of the following exception:

Traceback (most recent call last):
  File "/app/src/mulder/db.py", line 615, in search_windows
    rows = conn.execute(stmt, {"q": safe_query}).fetchall()
           ^^^^^^^^^^^^^^^^^^^^^^^^^^^^^^^^^^^^^
  File "/usr/local/lib/python3.12/dist-packages/sqlalchemy/engine/base.py", line 1421, in execute
    return meth(
           ^^^^^
  File "/usr/local/lib/python3.12/dist-packages/sqlalchemy/sql/elements.py", line 526, in _execute_on_connection
    return connection._execute_clauseelement(
           ^^^^^^^^^^^^^^^^^^^^^^^^^^^^^^^^^^
  File "/usr/local/lib/python3.12/dist-packages/sqlalchemy/engine/base.py", line 1643, in _execute_clauseelement
    ret = self._execute_context(
          ^^^^^^^^^^^^^^^^^^^^^^
  File "/usr/local/lib/python3.12/dist-packages/sqlalchemy/engine/base.py", line 1848, in _execute_context
    return self._exec_single_context(
           ^^^^^^^^^^^^^^^^^^^^^^^^^^
  File "/usr/local/lib/python3.12/dist-packages/sqlalchemy/engine/base.py", line 1988, in _exec_single_context
    self._handle_dbapi_exception(
  File "/usr/local/lib/python3.12/dist-packages/sqlalchemy/engine/base.py", line 2365, in _handle_dbapi_exception
    raise sqlalchemy_exception.with_traceback(exc_info[2]) from e
  File "/usr/local/lib/python3.12/dist-packages/sqlalchemy/engine/base.py", line 1969, in _exec_single_context
    self.dialect.do_execute(
  File "/usr/local/lib/python3.12/dist-packages/sqlalchemy/engine/default.py", line 952, in do_execute
    cursor.execute(statement, parameters)
sqlalchemy.exc.OperationalError: (sqlite3.OperationalError) fts5: syntax error near "\"
[SQL: SELECT windows.window_id, windows.source_id, windows.line_start, windows.line_end, windows.event_time, windows.raw_text, sources.source_name 
FROM windows JOIN sources ON windows.source_id = sources.source_id 
WHERE windows.window_id IN (SELECT rowid 
FROM windows_fts 
WHERE windows_fts MATCH ?) AND (sources.source_name = ? OR sources.source_name LIKE ?) ORDER BY windows.event_time ASC NULLS LAST
 LIMIT ? OFFSET ?]
[parameters: ('temp\\\\\\\\registry', 'tsk.filelist', 'tsk.filelist.%', 20, 0)]
(Background on this error at: https://sqlalche.me/e/20/e3q8)
2026-06-03 16:28:07,163 [MainThread] INFO mcp.server.lowlevel.server: Processing request of type CallToolRequest
2026-06-03 16:28:07,664 [MainThread] INFO mcp.server.lowlevel.server: Processing request of type CallToolRequest
2026-06-03 16:28:19,965 [MainThread] INFO mcp.server.lowlevel.server: Processing request of type CallToolRequest
2026-06-03 16:28:20,415 [MainThread] INFO mcp.server.lowlevel.server: Processing request of type CallToolRequest
2026-06-03 16:28:21,260 [MainThread] INFO mcp.server.lowlevel.server: Processing request of type CallToolRequest
2026-06-03 16:28:21,275 [MainThread] INFO mcp.server.lowlevel.server: Processing request of type CallToolRequest
2026-06-03 16:28:31,086 [MainThread] INFO mcp.server.lowlevel.server: Processing request of type CallToolRequest
2026-06-03 16:28:31,992 [MainThread] INFO mcp.server.lowlevel.server: Processing request of type CallToolRequest
2026-06-03 16:28:32,807 [MainThread] INFO mcp.server.lowlevel.server: Processing request of type CallToolRequest
2026-06-03 16:28:33,021 [MainThread] INFO mcp.server.lowlevel.server: Processing request of type CallToolRequest
2026-06-03 16:28:33,059 [MainThread] INFO mulder.server.app: Mulder MCP server ready (db_dir=/home/mulder/.mulder/cases)
2026-06-03 16:28:33,078 [MainThread] INFO mcp.server.lowlevel.server: Processing request of type CallToolRequest
2026-06-03 16:28:51,472 [MainThread] INFO mcp.server.lowlevel.server: Processing request of type CallToolRequest
2026-06-03 16:28:51,489 [AnyIO worker thread] INFO mulder.server.app: Opening case database for 'SRL-2018' ...
2026-06-03 16:28:51,550 [AnyIO worker thread] INFO mulder.server.app: Server context ready for case 'SRL-2018'
2026-06-03 16:28:58,747 [MainThread] INFO mcp.server.lowlevel.server: Processing request of type CallToolRequest
2026-06-03 16:28:59,640 [MainThread] INFO mcp.server.lowlevel.server: Processing request of type CallToolRequest
2026-06-03 16:29:00,095 [MainThread] INFO mcp.server.lowlevel.server: Processing request of type CallToolRequest
2026-06-03 16:29:05,444 [MainThread] INFO mulder.server.app: Mulder MCP server ready (db_dir=/home/mulder/.mulder/cases)
2026-06-03 16:29:05,461 [MainThread] INFO mcp.server.lowlevel.server: Processing request of type CallToolRequest
2026-06-03 16:29:05,465 [MainThread] INFO mcp.server.lowlevel.server: Processing request of type CallToolRequest
2026-06-03 16:29:05,801 [MainThread] INFO mcp.server.lowlevel.server: Processing request of type CallToolRequest
2026-06-03 16:29:06,435 [MainThread] INFO mcp.server.lowlevel.server: Processing request of type CallToolRequest
2026-06-03 16:29:11,689 [MainThread] INFO mcp.server.lowlevel.server: Processing request of type CallToolRequest
2026-06-03 16:29:11,694 [AnyIO worker thread] INFO mulder.server.app: Opening case database for 'SRL-2018' ...
2026-06-03 16:29:11,733 [AnyIO worker thread] INFO mulder.server.app: Server context ready for case 'SRL-2018'
2026-06-03 16:29:13,147 [MainThread] INFO mcp.server.lowlevel.server: Processing request of type CallToolRequest
2026-06-03 16:29:16,468 [MainThread] INFO mcp.server.lowlevel.server: Processing request of type CallToolRequest
2026-06-03 16:29:17,019 [MainThread] INFO mcp.server.lowlevel.server: Processing request of type CallToolRequest
2026-06-03 16:29:17,721 [MainThread] INFO mcp.server.lowlevel.server: Processing request of type CallToolRequest
2026-06-03 16:29:21,784 [MainThread] INFO mcp.server.lowlevel.server: Processing request of type CallToolRequest
2026-06-03 16:29:33,613 [MainThread] INFO mcp.server.lowlevel.server: Processing request of type CallToolRequest
2026-06-03 16:29:33,864 [MainThread] INFO mcp.server.lowlevel.server: Processing request of type CallToolRequest
2026-06-03 16:30:05,512 [MainThread] INFO mcp.server.lowlevel.server: Processing request of type CallToolRequest
2026-06-03 16:30:11,749 [MainThread] INFO mcp.server.lowlevel.server: Processing request of type CallToolRequest
2026-06-03 16:30:11,920 [MainThread] INFO mcp.server.lowlevel.server: Processing request of type CallToolRequest
2026-06-03 16:30:13,110 [MainThread] INFO mcp.server.lowlevel.server: Processing request of type CallToolRequest
2026-06-03 16:30:13,607 [MainThread] INFO mcp.server.lowlevel.server: Processing request of type CallToolRequest
2026-06-03 16:30:20,365 [MainThread] INFO mcp.server.lowlevel.server: Processing request of type CallToolRequest
2026-06-03 16:30:34,365 [MainThread] INFO mcp.server.lowlevel.server: Processing request of type CallToolRequest
2026-06-03 16:30:42,886 [MainThread] INFO mcp.server.lowlevel.server: Processing request of type CallToolRequest
2026-06-03 16:30:43,410 [MainThread] INFO mcp.server.lowlevel.server: Processing request of type CallToolRequest
2026-06-03 16:30:45,136 [MainThread] INFO mcp.server.lowlevel.server: Processing request of type CallToolRequest
2026-06-03 16:30:49,613 [MainThread] INFO mcp.server.lowlevel.server: Processing request of type CallToolRequest
2026-06-03 16:30:50,478 [MainThread] INFO mcp.server.lowlevel.server: Processing request of type CallToolRequest
2026-06-03 16:30:52,099 [MainThread] INFO mcp.server.lowlevel.server: Processing request of type CallToolRequest
2026-06-03 16:30:59,539 [MainThread] INFO mcp.server.lowlevel.server: Processing request of type CallToolRequest
2026-06-03 16:31:13,544 [MainThread] INFO mcp.server.lowlevel.server: Processing request of type CallToolRequest
2026-06-03 16:31:18,989 [MainThread] INFO mcp.server.lowlevel.server: Processing request of type CallToolRequest
2026-06-03 16:31:22,008 [MainThread] INFO mcp.server.lowlevel.server: Processing request of type CallToolRequest
2026-06-03 16:31:22,846 [MainThread] INFO mcp.server.lowlevel.server: Processing request of type CallToolRequest
2026-06-03 16:31:23,981 [MainThread] INFO mcp.server.lowlevel.server: Processing request of type CallToolRequest
2026-06-03 16:31:26,300 [MainThread] INFO mcp.server.lowlevel.server: Processing request of type CallToolRequest
2026-06-03 16:31:39,694 [MainThread] INFO mcp.server.lowlevel.server: Processing request of type CallToolRequest
2026-06-03 16:31:41,195 [MainThread] INFO mcp.server.lowlevel.server: Processing request of type CallToolRequest
2026-06-03 16:31:41,525 [MainThread] INFO mcp.server.lowlevel.server: Processing request of type CallToolRequest
2026-06-03 16:31:47,958 [MainThread] INFO mcp.server.lowlevel.server: Processing request of type CallToolRequest
2026-06-03 16:32:10,422 [MainThread] INFO mcp.server.lowlevel.server: Processing request of type CallToolRequest
2026-06-03 16:32:11,620 [MainThread] INFO mcp.server.lowlevel.server: Processing request of type CallToolRequest
2026-06-03 16:32:15,892 [MainThread] INFO mcp.server.lowlevel.server: Processing request of type CallToolRequest
2026-06-03 16:32:26,444 [MainThread] INFO mcp.server.lowlevel.server: Processing request of type CallToolRequest
2026-06-03 16:32:41,857 [MainThread] INFO mcp.server.lowlevel.server: Processing request of type CallToolRequest
2026-06-03 16:32:45,474 [MainThread] INFO mulder.server.app: Mulder MCP server ready (db_dir=/home/mulder/.mulder/cases)
2026-06-03 16:32:45,497 [MainThread] INFO mcp.server.lowlevel.server: Processing request of type ListToolsRequest
2026-06-03 16:32:45,500 [MainThread] INFO mcp.server.lowlevel.server: Processing request of type ListPromptsRequest
2026-06-03 16:32:45,502 [MainThread] INFO mcp.server.lowlevel.server: Processing request of type ListResourcesRequest
2026-06-03 16:32:51,522 [MainThread] INFO mcp.server.lowlevel.server: Processing request of type CallToolRequest
2026-06-03 16:32:53,569 [MainThread] INFO mcp.server.lowlevel.server: Processing request of type CallToolRequest
2026-06-03 16:32:57,978 [MainThread] INFO mcp.server.lowlevel.server: Processing request of type CallToolRequest
2026-06-03 16:32:57,987 [AnyIO worker thread] WARNING mulder.server.tools.case: Overriding requested case_id 'base-rd-01' with MULDER_CASE_ID='SRL-2018'
2026-06-03 16:32:57,996 [MainThread] INFO mcp.server.lowlevel.server: Processing request of type CallToolRequest
2026-06-03 16:32:58,038 [AnyIO worker thread] INFO mulder.server.app: Server context ready for case 'SRL-2018'
2026-06-03 16:33:08,834 [MainThread] INFO mcp.server.lowlevel.server: Processing request of type CallToolRequest
2026-06-03 16:33:08,838 [AnyIO worker thread] INFO mulder.server.app: Opening case database for 'SRL-2018' ...
2026-06-03 16:33:08,851 [AnyIO worker thread] INFO mulder.server.app: Server context ready for case 'SRL-2018'
2026-06-03 16:33:12,558 [MainThread] INFO mcp.server.lowlevel.server: Processing request of type CallToolRequest
2026-06-03 16:33:29,318 [MainThread] INFO mcp.server.lowlevel.server: Processing request of type CallToolRequest
2026-06-03 16:33:44,166 [MainThread] INFO mulder.server.app: Mulder MCP server ready (db_dir=/home/mulder/.mulder/cases)
2026-06-03 16:33:44,185 [MainThread] INFO mcp.server.lowlevel.server: Processing request of type ListToolsRequest
2026-06-03 16:33:44,187 [MainThread] INFO mcp.server.lowlevel.server: Processing request of type ListPromptsRequest
2026-06-03 16:33:44,188 [MainThread] INFO mcp.server.lowlevel.server: Processing request of type ListResourcesRequest
2026-06-03 16:33:50,341 [MainThread] INFO mcp.server.lowlevel.server: Processing request of type CallToolRequest
2026-06-03 16:33:51,947 [MainThread] INFO mcp.server.lowlevel.server: Processing request of type CallToolRequest
2026-06-03 16:33:57,243 [MainThread] INFO mcp.server.lowlevel.server: Processing request of type CallToolRequest
2026-06-03 16:33:57,245 [AnyIO worker thread] INFO mulder.server.app: Opening case database for 'SRL-2018' ...
2026-06-03 16:33:57,255 [AnyIO worker thread] INFO mulder.server.app: Server context ready for case 'SRL-2018'
2026-06-03 16:34:02,248 [MainThread] INFO mcp.server.lowlevel.server: Processing request of type CallToolRequest
2026-06-03 16:34:02,329 [MainThread] INFO mcp.server.lowlevel.server: Processing request of type CallToolRequest
2026-06-03 16:34:02,445 [AnyIO worker thread] INFO mulder.server.tools.extract.tsk: mmls failed on /evidence/base-rd-01-cdrive.E01: no_partition_table
2026-06-03 16:34:08,172 [MainThread] INFO mcp.server.lowlevel.server: Processing request of type CallToolRequest
2026-06-03 16:34:08,867 [MainThread] INFO mcp.server.lowlevel.server: Processing request of type CallToolRequest
2026-06-03 16:34:14,782 [MainThread] INFO mcp.server.lowlevel.server: Processing request of type CallToolRequest
2026-06-03 16:34:20,620 [MainThread] INFO mcp.server.lowlevel.server: Processing request of type CallToolRequest
2026-06-03 16:34:20,730 [MainThread] INFO mcp.server.lowlevel.server: Processing request of type CallToolRequest
2026-06-03 16:34:25,658 [MainThread] INFO mcp.server.lowlevel.server: Processing request of type CallToolRequest
2026-06-03 16:34:31,243 [MainThread] INFO mcp.server.lowlevel.server: Processing request of type CallToolRequest
2026-06-03 16:34:36,851 [MainThread] INFO mcp.server.lowlevel.server: Processing request of type CallToolRequest
2026-06-03 16:34:39,210 [MainThread] INFO mcp.server.lowlevel.server: Processing request of type CallToolRequest
2026-06-03 16:34:39,239 [AnyIO worker thread] INFO mulder.server.jobs: Submitted batch bg_33b971f3 with 4 jobs: ['run_fls', 'run_bulk_extractor', 'run_volatility_batch', 'yara_scan_memory']
2026-06-03 16:34:39,257 [mulder-job_3] INFO mulder.server.tools.yara: Updated YARA rules: signature-base
2026-06-03 16:34:39,661 [mulder-job_2] INFO mulder.server.tools.extract.volatility: Volatility batch: context built for '/home/mulder/.mulder/cases/extracted/base-rd01-memory/base-rd01-memory.img', running 11 plugins (timeout=600s)
2026-06-03 16:34:39,663 [ThreadPoolExecutor-0_0] INFO volatility3.framework.automagic: Running automagic: SymbolCacheMagic
2026-06-03 16:34:39,682 [ThreadPoolExecutor-0_0] INFO volatility3.framework.automagic: Running automagic: ConstructionMagic
2026-06-03 16:34:39,697 [ThreadPoolExecutor-0_0] INFO volatility3.framework.automagic: Running automagic: LayerStacker
2026-06-03 16:34:39,778 [ThreadPoolExecutor-0_0] INFO volatility3.framework.automagic.linux: No Linux banners found - if this is a linux plugin, please check your symbol files location
2026-06-03 16:34:39,780 [ThreadPoolExecutor-0_0] INFO volatility3.framework.automagic.linux: No Linux banners found - if this is a linux plugin, please check your symbol files location
2026-06-03 16:34:39,781 [ThreadPoolExecutor-0_0] INFO volatility3.framework.automagic.mac: No Mac banners found - if this is a mac plugin, please check your symbol files location
2026-06-03 16:34:39,848 [ThreadPoolExecutor-0_0] INFO volatility3.framework.automagic: Running automagic: WinSwapLayers
2026-06-03 16:34:39,851 [ThreadPoolExecutor-0_0] INFO volatility3.framework.automagic: Running automagic: KernelPDBScanner
2026-06-03 16:34:39,986 [ThreadPoolExecutor-0_0] INFO volatility3.framework.symbols.windows.pdbconv: Download PDB file...
2026-06-03 16:34:42,843 [MainThread] INFO mcp.server.lowlevel.server: Processing request of type CallToolRequest
2026-06-03 16:34:43,844 [MainThread] INFO mcp.server.lowlevel.server: Processing request of type CallToolRequest
2026-06-03 16:34:43,849 [MainThread] INFO mulder.server.app: Resource throttle: search waiting (cpu=94%>=90.0%, waited 0s)
2026-06-03 16:34:44,054 [mulder-job_3] INFO mulder.server.tools.yara: YARA rule validation: 731/744 files valid (individual)
2026-06-03 16:34:46,379 [MainThread] INFO mcp.server.lowlevel.server: Processing request of type CallToolRequest
2026-06-03 16:34:48,855 [MainThread] INFO mulder.server.app: Resource throttle: search waiting (cpu=100%>=90.0%, waited 5s)
2026-06-03 16:34:53,865 [MainThread] INFO mulder.server.app: Resource throttle: search waiting (cpu=100%>=90.0%, waited 10s)
2026-06-03 16:34:58,873 [MainThread] INFO mulder.server.app: Resource throttle: search waiting (cpu=100%>=90.0%, waited 15s)
2026-06-03 16:35:02,068 [ThreadPoolExecutor-0_0] INFO volatility3.framework.automagic: Running automagic: SymbolFinder
2026-06-03 16:35:02,070 [ThreadPoolExecutor-0_0] INFO volatility3.framework.automagic: Running automagic: LinuxSymbolFinder
2026-06-03 16:35:02,074 [ThreadPoolExecutor-0_0] INFO volatility3.framework.automagic: Running automagic: MacSymbolFinder
2026-06-03 16:35:02,074 [ThreadPoolExecutor-0_0] INFO volatility3.framework.automagic: Running automagic: KernelModule
2026-06-03 16:35:02,540 [mulder-job_2] INFO mulder.server.tools.extract.volatility: Volatility batch: pslist -> indexed
2026-06-03 16:35:02,545 [ThreadPoolExecutor-1_0] INFO volatility3.framework.automagic: Running automagic: SymbolCacheMagic
2026-06-03 16:35:02,591 [ThreadPoolExecutor-1_0] INFO volatility3.framework.automagic: Running automagic: ConstructionMagic
2026-06-03 16:35:02,601 [ThreadPoolExecutor-1_0] INFO volatility3.framework.automagic: Running automagic: LayerStacker
2026-06-03 16:35:02,607 [ThreadPoolExecutor-1_0] INFO volatility3.framework.automagic: Running automagic: WinSwapLayers
2026-06-03 16:35:02,608 [ThreadPoolExecutor-1_0] INFO volatility3.framework.automagic: Running automagic: KernelPDBScanner
2026-06-03 16:35:02,689 [ThreadPoolExecutor-1_0] INFO volatility3.framework.symbols.windows.pdbconv: Download PDB file...
2026-06-03 16:35:03,881 [MainThread] INFO mulder.server.app: Resource throttle: search waiting (cpu=100%>=90.0%, waited 20s)
2026-06-03 16:35:08,887 [MainThread] INFO mulder.server.app: Resource throttle: search waiting (cpu=100%>=90.0%, waited 25s)
2026-06-03 16:35:13,898 [MainThread] INFO mulder.server.app: Resource throttle: search waiting (cpu=100%>=90.0%, waited 30s)
2026-06-03 16:35:18,910 [MainThread] INFO mulder.server.app: Resource throttle: search waiting (cpu=100%>=90.0%, waited 35s)
2026-06-03 16:35:23,922 [MainThread] INFO mulder.server.app: Resource throttle: search waiting (cpu=100%>=90.0%, waited 40s)
2026-06-03 16:35:26,959 [ThreadPoolExecutor-1_0] INFO volatility3.framework.automagic: Running automagic: SymbolFinder
2026-06-03 16:35:26,969 [ThreadPoolExecutor-1_0] INFO volatility3.framework.automagic: Running automagic: LinuxSymbolFinder
2026-06-03 16:35:26,970 [ThreadPoolExecutor-1_0] INFO volatility3.framework.automagic: Running automagic: MacSymbolFinder
2026-06-03 16:35:26,970 [ThreadPoolExecutor-1_0] INFO volatility3.framework.automagic: Running automagic: KernelModule
2026-06-03 16:35:28,742 [mulder-job_2] INFO mulder.server.tools.extract.volatility: Volatility batch: pstree -> indexed
2026-06-03 16:35:28,747 [ThreadPoolExecutor-2_0] INFO volatility3.framework.automagic: Running automagic: SymbolCacheMagic
2026-06-03 16:35:28,779 [ThreadPoolExecutor-2_0] INFO volatility3.framework.automagic: Running automagic: ConstructionMagic
2026-06-03 16:35:28,790 [ThreadPoolExecutor-2_0] INFO volatility3.framework.automagic: Running automagic: LayerStacker
2026-06-03 16:35:28,791 [ThreadPoolExecutor-2_0] INFO volatility3.framework.automagic: Running automagic: WinSwapLayers
2026-06-03 16:35:28,795 [ThreadPoolExecutor-2_0] INFO volatility3.framework.automagic: Running automagic: KernelPDBScanner
2026-06-03 16:35:28,880 [ThreadPoolExecutor-2_0] INFO volatility3.framework.symbols.windows.pdbconv: Download PDB file...
2026-06-03 16:35:28,932 [MainThread] INFO mulder.server.app: Resource throttle: search waiting (cpu=100%>=90.0%, waited 45s)
2026-06-03 16:35:33,938 [MainThread] INFO mulder.server.app: Resource throttle: search waiting (cpu=100%>=90.0%, waited 50s)
2026-06-03 16:35:38,948 [MainThread] INFO mulder.server.app: Resource throttle: search waiting (cpu=100%>=90.0%, waited 55s)
2026-06-03 16:35:43,963 [MainThread] INFO mulder.server.app: Resource throttle: search waiting (cpu=100%>=90.0%, waited 60s)
2026-06-03 16:35:48,975 [MainThread] INFO mulder.server.app: Resource throttle: search waiting (cpu=100%>=90.0%, waited 65s)
2026-06-03 16:35:53,984 [MainThread] INFO mulder.server.app: Resource throttle: search waiting (cpu=100%>=90.0%, waited 70s)
2026-06-03 16:35:54,503 [ThreadPoolExecutor-2_0] INFO volatility3.framework.automagic: Running automagic: SymbolFinder
2026-06-03 16:35:54,506 [ThreadPoolExecutor-2_0] INFO volatility3.framework.automagic: Running automagic: LinuxSymbolFinder
2026-06-03 16:35:54,508 [ThreadPoolExecutor-2_0] INFO volatility3.framework.automagic: Running automagic: MacSymbolFinder
2026-06-03 16:35:54,509 [ThreadPoolExecutor-2_0] INFO volatility3.framework.automagic: Running automagic: KernelModule
2026-06-03 16:35:58,991 [MainThread] INFO mulder.server.app: Resource throttle: search waiting (cpu=100%>=90.0%, waited 75s)
2026-06-03 16:35:59,393 [mulder-job_2] INFO mulder.server.tools.extract.volatility: Volatility batch: cmdline -> indexed
2026-06-03 16:35:59,414 [ThreadPoolExecutor-3_0] INFO volatility3.framework.automagic: Running automagic: SymbolCacheMagic
2026-06-03 16:35:59,716 [ThreadPoolExecutor-3_0] INFO volatility3.framework.automagic: Running automagic: ConstructionMagic
2026-06-03 16:35:59,734 [ThreadPoolExecutor-3_0] INFO volatility3.framework.automagic: Running automagic: LayerStacker
2026-06-03 16:35:59,752 [ThreadPoolExecutor-3_0] INFO volatility3.framework.automagic: Running automagic: WinSwapLayers
2026-06-03 16:35:59,758 [ThreadPoolExecutor-3_0] INFO volatility3.framework.automagic: Running automagic: KernelPDBScanner
2026-06-03 16:36:00,037 [ThreadPoolExecutor-3_0] INFO volatility3.framework.symbols.windows.pdbconv: Download PDB file...
2026-06-03 16:36:04,001 [MainThread] INFO mulder.server.app: Resource throttle: search waiting (cpu=100%>=90.0%, waited 80s)
2026-06-03 16:36:09,012 [MainThread] INFO mulder.server.app: Resource throttle: search waiting (cpu=100%>=90.0%, waited 85s)
2026-06-03 16:36:14,023 [MainThread] INFO mulder.server.app: Resource throttle: search waiting (cpu=100%>=90.0%, waited 90s)
2026-06-03 16:36:19,032 [MainThread] INFO mulder.server.app: Resource throttle: search waiting (cpu=100%>=90.0%, waited 95s)
2026-06-03 16:36:24,010 [ThreadPoolExecutor-3_0] INFO volatility3.framework.automagic: Running automagic: SymbolFinder
2026-06-03 16:36:24,016 [ThreadPoolExecutor-3_0] INFO volatility3.framework.automagic: Running automagic: LinuxSymbolFinder
2026-06-03 16:36:24,019 [ThreadPoolExecutor-3_0] INFO volatility3.framework.automagic: Running automagic: MacSymbolFinder
2026-06-03 16:36:24,021 [ThreadPoolExecutor-3_0] INFO volatility3.framework.automagic: Running automagic: KernelModule
2026-06-03 16:36:24,041 [MainThread] INFO mulder.server.app: Resource throttle: search waiting (cpu=100%>=90.0%, waited 100s)
2026-06-03 16:36:24,603 [mulder-job_0] INFO mulder.server.jobs: Job job_c5d8ee44 (run_fls) completed
2026-06-03 16:36:24,606 [mulder-job_0] INFO mulder.server.jobs: [JOB_COMPLETE] run_fls|completed|
2026-06-03 16:36:29,052 [MainThread] INFO mulder.server.app: Resource throttle: search waiting (cpu=100%>=90.0%, waited 105s)
2026-06-03 16:36:34,059 [MainThread] INFO mulder.server.app: Resource throttle: search waiting (cpu=100%>=90.0%, waited 110s)
2026-06-03 16:36:39,066 [MainThread] INFO mulder.server.app: Resource throttle: search waiting (cpu=100%>=90.0%, waited 115s)
2026-06-03 16:36:44,077 [MainThread] INFO mulder.server.app: Resource throttle: search waiting (cpu=100%>=90.0%, waited 120s)
2026-06-03 16:36:49,093 [MainThread] INFO mulder.server.app: Resource throttle: search waiting (cpu=100%>=90.0%, waited 125s)
2026-06-03 16:36:54,107 [MainThread] INFO mulder.server.app: Resource throttle: search waiting (cpu=100%>=90.0%, waited 130s)
2026-06-03 16:36:59,138 [MainThread] INFO mulder.server.app: Resource throttle: search waiting (cpu=100%>=90.0%, waited 135s)
2026-06-03 16:37:04,218 [MainThread] INFO mulder.server.app: Resource throttle: search waiting (cpu=100%>=90.0%, waited 140s)
2026-06-03 16:37:09,241 [MainThread] INFO mulder.server.app: Resource throttle: search waiting (cpu=100%>=90.0%, waited 145s)
2026-06-03 16:37:14,250 [MainThread] INFO mulder.server.app: Resource throttle: search waiting (cpu=100%>=90.0%, waited 150s)
2026-06-03 16:37:19,257 [MainThread] INFO mulder.server.app: Resource throttle: search waiting (cpu=100%>=90.0%, waited 155s)
2026-06-03 16:37:23,944 [mulder-job_3] INFO mulder.server.jobs: Job job_357a9d5a (yara_scan_memory) completed
2026-06-03 16:37:23,964 [mulder-job_3] INFO mulder.server.jobs: [JOB_COMPLETE] yara_scan_memory|completed|
2026-06-03 16:37:24,266 [MainThread] INFO mulder.server.app: Resource throttle: search waiting (cpu=100%>=90.0%, waited 160s)
2026-06-03 16:37:29,278 [MainThread] INFO mulder.server.app: Resource throttle: search waiting (cpu=100%>=90.0%, waited 165s)
2026-06-03 16:37:34,290 [MainThread] INFO mulder.server.app: Resource throttle: search waiting (cpu=100%>=90.0%, waited 170s)
2026-06-03 16:37:37,664 [mulder-job_2] INFO mulder.server.tools.extract.volatility: Volatility batch: netscan -> indexed
2026-06-03 16:37:37,679 [ThreadPoolExecutor-4_0] INFO volatility3.framework.automagic: Running automagic: SymbolCacheMagic
2026-06-03 16:37:37,756 [ThreadPoolExecutor-4_0] INFO volatility3.framework.automagic: Running automagic: ConstructionMagic
2026-06-03 16:37:37,769 [ThreadPoolExecutor-4_0] INFO volatility3.framework.automagic: Running automagic: LayerStacker
2026-06-03 16:37:37,776 [ThreadPoolExecutor-4_0] INFO volatility3.framework.automagic: Running automagic: WinSwapLayers
2026-06-03 16:37:37,780 [ThreadPoolExecutor-4_0] INFO volatility3.framework.automagic: Running automagic: KernelPDBScanner
2026-06-03 16:37:37,871 [ThreadPoolExecutor-4_0] INFO volatility3.framework.symbols.windows.pdbconv: Download PDB file...
2026-06-03 16:37:39,300 [MainThread] INFO mulder.server.app: Resource throttle: search waiting (cpu=100%>=90.0%, waited 175s)
2026-06-03 16:37:44,307 [MainThread] INFO mulder.server.app: Resource throttle: search waiting (cpu=100%>=90.0%, waited 180s)
2026-06-03 16:37:49,319 [MainThread] INFO mulder.server.app: Resource throttle: search waiting (cpu=100%>=90.0%, waited 185s)
2026-06-03 16:37:54,325 [MainThread] INFO mulder.server.app: Resource throttle: search waiting (cpu=100%>=90.0%, waited 190s)
2026-06-03 16:37:57,746 [ThreadPoolExecutor-4_0] INFO volatility3.framework.automagic: Running automagic: SymbolFinder
2026-06-03 16:37:57,750 [ThreadPoolExecutor-4_0] INFO volatility3.framework.automagic: Running automagic: LinuxSymbolFinder
2026-06-03 16:37:57,751 [ThreadPoolExecutor-4_0] INFO volatility3.framework.automagic: Running automagic: MacSymbolFinder
2026-06-03 16:37:57,752 [ThreadPoolExecutor-4_0] INFO volatility3.framework.automagic: Running automagic: KernelModule
2026-06-03 16:37:59,336 [MainThread] INFO mulder.server.app: Resource throttle: search waiting (cpu=100%>=90.0%, waited 195s)
2026-06-03 16:38:04,350 [MainThread] INFO mulder.server.app: Resource throttle: search waiting (cpu=100%>=90.0%, waited 200s)
2026-06-03 16:38:09,365 [MainThread] INFO mulder.server.app: Resource throttle: search waiting (cpu=100%>=90.0%, waited 205s)
2026-06-03 16:38:14,371 [MainThread] INFO mulder.server.app: Resource throttle: search waiting (cpu=100%>=90.0%, waited 210s)
2026-06-03 16:38:19,379 [MainThread] INFO mulder.server.app: Resource throttle: search waiting (cpu=100%>=90.0%, waited 215s)
2026-06-03 16:38:24,390 [MainThread] INFO mulder.server.app: Resource throttle: search waiting (cpu=100%>=90.0%, waited 220s)
2026-06-03 16:38:29,396 [MainThread] INFO mulder.server.app: Resource throttle: search waiting (cpu=100%>=90.0%, waited 225s)
2026-06-03 16:38:34,406 [MainThread] INFO mulder.server.app: Resource throttle: search waiting (cpu=100%>=90.0%, waited 230s)
2026-06-03 16:38:39,420 [MainThread] INFO mulder.server.app: Resource throttle: search waiting (cpu=100%>=90.0%, waited 235s)
2026-06-03 16:38:44,432 [MainThread] INFO mulder.server.app: Resource throttle: search waiting (cpu=100%>=90.0%, waited 240s)
2026-06-03 16:38:49,442 [MainThread] INFO mulder.server.app: Resource throttle: search waiting (cpu=100%>=90.0%, waited 245s)
2026-06-03 16:38:54,454 [MainThread] INFO mulder.server.app: Resource throttle: search waiting (cpu=100%>=90.0%, waited 250s)
2026-06-03 16:38:59,466 [MainThread] INFO mulder.server.app: Resource throttle: search waiting (cpu=100%>=90.0%, waited 255s)
2026-06-03 16:39:04,473 [MainThread] INFO mulder.server.app: Resource throttle: search waiting (cpu=100%>=90.0%, waited 260s)
2026-06-03 16:39:09,480 [MainThread] INFO mulder.server.app: Resource throttle: search waiting (cpu=100%>=90.0%, waited 265s)
2026-06-03 16:39:14,486 [MainThread] INFO mulder.server.app: Resource throttle: search waiting (cpu=100%>=90.0%, waited 270s)
2026-06-03 16:39:19,498 [MainThread] INFO mulder.server.app: Resource throttle: search waiting (cpu=100%>=90.0%, waited 275s)
2026-06-03 16:39:24,508 [MainThread] INFO mulder.server.app: Resource throttle: search waiting (cpu=100%>=90.0%, waited 280s)
2026-06-03 16:39:29,520 [MainThread] INFO mulder.server.app: Resource throttle: search waiting (cpu=100%>=90.0%, waited 285s)
2026-06-03 16:39:34,526 [MainThread] INFO mulder.server.app: Resource throttle: search waiting (cpu=100%>=90.0%, waited 290s)
2026-06-03 16:39:39,538 [MainThread] INFO mulder.server.app: Resource throttle: search waiting (cpu=100%>=90.0%, waited 295s)
2026-06-03 16:39:55,904 [MainThread] INFO mcp.server.lowlevel.server: Processing request of type CallToolRequest
2026-06-03 16:39:55,912 [MainThread] INFO mulder.server.app: Resource throttle: get_findings waiting (cpu=100%>=90.0%, waited 0s)
2026-06-03 16:39:57,827 [mulder-job_2] INFO mulder.server.tools.extract.volatility: Volatility batch: malfind -> indexed
2026-06-03 16:39:57,840 [ThreadPoolExecutor-5_0] INFO volatility3.framework.automagic: Running automagic: SymbolCacheMagic
2026-06-03 16:39:57,924 [ThreadPoolExecutor-5_0] INFO volatility3.framework.automagic: Running automagic: ConstructionMagic
2026-06-03 16:39:57,948 [ThreadPoolExecutor-5_0] INFO volatility3.framework.automagic: Running automagic: LayerStacker
2026-06-03 16:39:57,954 [ThreadPoolExecutor-5_0] INFO volatility3.framework.automagic: Running automagic: WinSwapLayers
2026-06-03 16:39:57,958 [ThreadPoolExecutor-5_0] INFO volatility3.framework.automagic: Running automagic: KernelPDBScanner
2026-06-03 16:39:58,208 [ThreadPoolExecutor-5_0] INFO volatility3.framework.symbols.windows.pdbconv: Download PDB file...
2026-06-03 16:40:00,920 [MainThread] INFO mulder.server.app: Resource throttle: get_findings waiting (cpu=100%>=90.0%, waited 5s)
2026-06-03 16:40:05,930 [MainThread] INFO mulder.server.app: Resource throttle: get_findings waiting (cpu=100%>=90.0%, waited 10s)
2026-06-03 16:40:10,940 [MainThread] INFO mulder.server.app: Resource throttle: get_findings waiting (cpu=100%>=90.0%, waited 15s)
2026-06-03 16:40:15,947 [MainThread] INFO mulder.server.app: Resource throttle: get_findings waiting (cpu=100%>=90.0%, waited 20s)
2026-06-03 16:40:19,233 [ThreadPoolExecutor-5_0] INFO volatility3.framework.automagic: Running automagic: SymbolFinder
2026-06-03 16:40:19,237 [ThreadPoolExecutor-5_0] INFO volatility3.framework.automagic: Running automagic: LinuxSymbolFinder
2026-06-03 16:40:19,238 [ThreadPoolExecutor-5_0] INFO volatility3.framework.automagic: Running automagic: MacSymbolFinder
2026-06-03 16:40:19,238 [ThreadPoolExecutor-5_0] INFO volatility3.framework.automagic: Running automagic: KernelModule
2026-06-03 16:40:20,963 [MainThread] INFO mulder.server.app: Resource throttle: get_findings waiting (cpu=100%>=90.0%, waited 25s)
2026-06-03 16:40:25,971 [MainThread] INFO mulder.server.app: Resource throttle: get_findings waiting (cpu=100%>=90.0%, waited 30s)
2026-06-03 16:40:30,980 [MainThread] INFO mulder.server.app: Resource throttle: get_findings waiting (cpu=100%>=90.0%, waited 35s)
2026-06-03 16:40:35,987 [MainThread] INFO mulder.server.app: Resource throttle: get_findings waiting (cpu=100%>=90.0%, waited 40s)
2026-06-03 16:40:40,998 [MainThread] INFO mulder.server.app: Resource throttle: get_findings waiting (cpu=100%>=90.0%, waited 45s)
2026-06-03 16:40:46,008 [MainThread] INFO mulder.server.app: Resource throttle: get_findings waiting (cpu=100%>=90.0%, waited 50s)
2026-06-03 16:40:51,021 [MainThread] INFO mulder.server.app: Resource throttle: get_findings waiting (cpu=100%>=90.0%, waited 55s)
2026-06-03 16:40:56,029 [MainThread] INFO mulder.server.app: Resource throttle: get_findings waiting (cpu=100%>=90.0%, waited 60s)
2026-06-03 16:41:01,038 [MainThread] INFO mulder.server.app: Resource throttle: get_findings waiting (cpu=100%>=90.0%, waited 65s)
2026-06-03 16:41:06,045 [MainThread] INFO mulder.server.app: Resource throttle: get_findings waiting (cpu=100%>=90.0%, waited 70s)
2026-06-03 16:41:11,056 [MainThread] INFO mulder.server.app: Resource throttle: get_findings waiting (cpu=100%>=90.0%, waited 75s)
2026-06-03 16:41:16,062 [MainThread] INFO mulder.server.app: Resource throttle: get_findings waiting (cpu=100%>=90.0%, waited 80s)
2026-06-03 16:41:20,268 [mulder-job_2] INFO mulder.server.tools.extract.volatility: Volatility batch: psscan -> indexed
2026-06-03 16:41:20,298 [ThreadPoolExecutor-6_0] INFO volatility3.framework.automagic: Running automagic: SymbolCacheMagic
2026-06-03 16:41:20,394 [ThreadPoolExecutor-6_0] INFO volatility3.framework.automagic: Running automagic: ConstructionMagic
2026-06-03 16:41:20,418 [ThreadPoolExecutor-6_0] INFO volatility3.framework.automagic: Running automagic: LayerStacker
2026-06-03 16:41:20,420 [ThreadPoolExecutor-6_0] INFO volatility3.framework.automagic: Running automagic: WinSwapLayers
2026-06-03 16:41:20,421 [ThreadPoolExecutor-6_0] INFO volatility3.framework.automagic: Running automagic: KernelPDBScanner
2026-06-03 16:41:20,564 [ThreadPoolExecutor-6_0] INFO volatility3.framework.symbols.windows.pdbconv: Download PDB file...
2026-06-03 16:41:21,069 [MainThread] INFO mulder.server.app: Resource throttle: get_findings waiting (cpu=100%>=90.0%, waited 85s)
2026-06-03 16:41:26,082 [MainThread] INFO mulder.server.app: Resource throttle: get_findings waiting (cpu=100%>=90.0%, waited 90s)
2026-06-03 16:41:31,091 [MainThread] INFO mulder.server.app: Resource throttle: get_findings waiting (cpu=100%>=90.0%, waited 95s)
2026-06-03 16:41:36,099 [MainThread] INFO mulder.server.app: Resource throttle: get_findings waiting (cpu=100%>=90.0%, waited 100s)
2026-06-03 16:41:41,110 [MainThread] INFO mulder.server.app: Resource throttle: get_findings waiting (cpu=100%>=90.0%, waited 105s)
2026-06-03 16:41:45,395 [ThreadPoolExecutor-6_0] INFO volatility3.framework.automagic: Running automagic: SymbolFinder
2026-06-03 16:41:45,410 [ThreadPoolExecutor-6_0] INFO volatility3.framework.automagic: Running automagic: LinuxSymbolFinder
2026-06-03 16:41:45,413 [ThreadPoolExecutor-6_0] INFO volatility3.framework.automagic: Running automagic: MacSymbolFinder
2026-06-03 16:41:45,413 [ThreadPoolExecutor-6_0] INFO volatility3.framework.automagic: Running automagic: KernelModule
2026-06-03 16:41:46,123 [MainThread] INFO mulder.server.app: Resource throttle: get_findings waiting (cpu=100%>=90.0%, waited 110s)
2026-06-03 16:41:51,148 [MainThread] INFO mulder.server.app: Resource throttle: get_findings waiting (cpu=100%>=90.0%, waited 115s)
2026-06-03 16:41:56,159 [MainThread] INFO mulder.server.app: Resource throttle: get_findings waiting (cpu=100%>=90.0%, waited 120s)
2026-06-03 16:41:59,571 [mulder-job_2] INFO mulder.server.tools.extract.volatility: Volatility batch: dlllist -> indexed
2026-06-03 16:41:59,574 [ThreadPoolExecutor-7_0] INFO volatility3.framework.automagic: Running automagic: SymbolCacheMagic
2026-06-03 16:41:59,608 [ThreadPoolExecutor-7_0] INFO volatility3.framework.automagic: Running automagic: ConstructionMagic
2026-06-03 16:41:59,619 [ThreadPoolExecutor-7_0] INFO volatility3.framework.automagic: Running automagic: LayerStacker
2026-06-03 16:41:59,620 [ThreadPoolExecutor-7_0] INFO volatility3.framework.automagic: Running automagic: WinSwapLayers
2026-06-03 16:41:59,624 [ThreadPoolExecutor-7_0] INFO volatility3.framework.automagic: Running automagic: KernelPDBScanner
2026-06-03 16:41:59,720 [ThreadPoolExecutor-7_0] INFO volatility3.framework.symbols.windows.pdbconv: Download PDB file...
2026-06-03 16:42:01,165 [MainThread] INFO mulder.server.app: Resource throttle: get_findings waiting (cpu=100%>=90.0%, waited 125s)
2026-06-03 16:42:06,177 [MainThread] INFO mulder.server.app: Resource throttle: get_findings waiting (cpu=100%>=90.0%, waited 130s)
2026-06-03 16:42:11,189 [MainThread] INFO mulder.server.app: Resource throttle: get_findings waiting (cpu=100%>=90.0%, waited 135s)
2026-06-03 16:42:16,195 [MainThread] INFO mulder.server.app: Resource throttle: get_findings waiting (cpu=100%>=90.0%, waited 140s)
2026-06-03 16:42:20,789 [ThreadPoolExecutor-7_0] INFO volatility3.framework.automagic: Running automagic: SymbolFinder
2026-06-03 16:42:20,798 [ThreadPoolExecutor-7_0] INFO volatility3.framework.automagic: Running automagic: LinuxSymbolFinder
2026-06-03 16:42:20,798 [ThreadPoolExecutor-7_0] INFO volatility3.framework.automagic: Running automagic: MacSymbolFinder
2026-06-03 16:42:20,799 [ThreadPoolExecutor-7_0] INFO volatility3.framework.automagic: Running automagic: KernelModule
2026-06-03 16:42:21,207 [MainThread] INFO mulder.server.app: Resource throttle: get_findings waiting (cpu=100%>=90.0%, waited 145s)
2026-06-03 16:42:26,221 [MainThread] INFO mulder.server.app: Resource throttle: get_findings waiting (cpu=100%>=90.0%, waited 150s)
2026-06-03 16:42:31,228 [MainThread] INFO mulder.server.app: Resource throttle: get_findings waiting (cpu=100%>=90.0%, waited 155s)
2026-06-03 16:42:36,240 [MainThread] INFO mulder.server.app: Resource throttle: get_findings waiting (cpu=100%>=90.0%, waited 160s)
2026-06-03 16:42:38,762 [mulder-job_2] INFO mulder.server.tools.extract.volatility: Volatility batch: svcscan -> indexed
2026-06-03 16:42:38,767 [ThreadPoolExecutor-8_0] INFO volatility3.framework.automagic: Running automagic: SymbolCacheMagic
2026-06-03 16:42:38,812 [ThreadPoolExecutor-8_0] INFO volatility3.framework.automagic: Running automagic: ConstructionMagic
2026-06-03 16:42:38,824 [ThreadPoolExecutor-8_0] INFO volatility3.framework.automagic: Running automagic: LayerStacker
2026-06-03 16:42:38,826 [ThreadPoolExecutor-8_0] INFO volatility3.framework.automagic: Running automagic: WinSwapLayers
2026-06-03 16:42:38,830 [ThreadPoolExecutor-8_0] INFO volatility3.framework.automagic: Running automagic: KernelPDBScanner
2026-06-03 16:42:38,920 [ThreadPoolExecutor-8_0] INFO volatility3.framework.symbols.windows.pdbconv: Download PDB file...
2026-06-03 16:42:41,256 [MainThread] INFO mulder.server.app: Resource throttle: get_findings waiting (cpu=100%>=90.0%, waited 165s)
2026-06-03 16:42:44,806 [ThreadPoolExecutor-8_0] INFO volatility3.framework.automagic: Running automagic: SymbolFinder
2026-06-03 16:42:44,809 [ThreadPoolExecutor-8_0] INFO volatility3.framework.automagic: Running automagic: LinuxSymbolFinder
2026-06-03 16:42:44,811 [ThreadPoolExecutor-8_0] INFO volatility3.framework.automagic: Running automagic: MacSymbolFinder
2026-06-03 16:42:44,812 [ThreadPoolExecutor-8_0] INFO volatility3.framework.automagic: Running automagic: KernelModule
2026-06-03 16:42:44,813 [ThreadPoolExecutor-8_0] WARNING volatility3.framework.plugins: Automagic exception occurred: sqlite3.ProgrammingError: SQLite objects created in a thread can only be used in that same thread. The object was created in thread id 281472602165504 and this is thread id 281472158134528.
2026-06-03 16:42:44,817 [ThreadPoolExecutor-8_0] WARNING volatility3.framework.plugins: Automagic exception occurred: AttributeError: Unable to find _PrimitiveObject__new_value for type <class 'volatility3.framework.objects.String'>
2026-06-03 16:42:44,818 [mulder-job_2] INFO mulder.server.tools.extract.volatility: Volatility batch: envars -> error
2026-06-03 16:42:44,821 [ThreadPoolExecutor-9_0] INFO volatility3.framework.automagic: Running automagic: SymbolCacheMagic
2026-06-03 16:42:44,852 [ThreadPoolExecutor-9_0] INFO volatility3.framework.automagic: Running automagic: ConstructionMagic
2026-06-03 16:42:44,855 [ThreadPoolExecutor-9_0] INFO volatility3.framework.automagic: Running automagic: LayerStacker
2026-06-03 16:42:44,859 [ThreadPoolExecutor-9_0] INFO volatility3.framework.automagic: Running automagic: WinSwapLayers
2026-06-03 16:42:44,863 [ThreadPoolExecutor-9_0] INFO volatility3.framework.automagic: Running automagic: KernelPDBScanner
2026-06-03 16:42:44,939 [ThreadPoolExecutor-9_0] INFO volatility3.framework.symbols.windows.pdbconv: Download PDB file...
2026-06-03 16:42:46,264 [MainThread] INFO mulder.server.app: Resource throttle: get_findings waiting (cpu=100%>=90.0%, waited 170s)
2026-06-03 16:42:48,954 [ThreadPoolExecutor-9_0] INFO volatility3.framework.automagic: Running automagic: SymbolFinder
2026-06-03 16:42:48,957 [ThreadPoolExecutor-9_0] INFO volatility3.framework.automagic: Running automagic: LinuxSymbolFinder
2026-06-03 16:42:48,958 [ThreadPoolExecutor-9_0] INFO volatility3.framework.automagic: Running automagic: MacSymbolFinder
2026-06-03 16:42:48,960 [ThreadPoolExecutor-9_0] INFO volatility3.framework.automagic: Running automagic: KernelModule
2026-06-03 16:42:48,961 [ThreadPoolExecutor-9_0] WARNING volatility3.framework.plugins: Automagic exception occurred: sqlite3.ProgrammingError: SQLite objects created in a thread can only be used in that same thread. The object was created in thread id 281472602165504 and this is thread id 281472158134528.
2026-06-03 16:42:48,965 [ThreadPoolExecutor-9_0] WARNING volatility3.framework.plugins: Automagic exception occurred: AttributeError: Unable to find _PrimitiveObject__new_value for type <class 'volatility3.framework.objects.String'>
2026-06-03 16:42:48,965 [mulder-job_2] INFO mulder.server.tools.extract.volatility: Volatility batch: filescan -> error
2026-06-03 16:42:48,971 [mulder-job_2] INFO mulder.server.jobs: Job job_60d186fd (run_volatility_batch) completed
2026-06-03 16:42:48,972 [mulder-job_2] INFO mulder.server.jobs: [JOB_COMPLETE] run_volatility_batch|completed|
2026-06-03 16:42:51,272 [MainThread] INFO mulder.server.app: Resource throttle: get_findings waiting (cpu=100%>=90.0%, waited 175s)
2026-06-03 16:42:56,280 [MainThread] INFO mulder.server.app: Resource throttle: get_findings waiting (cpu=100%>=90.0%, waited 180s)
2026-06-03 16:43:01,290 [MainThread] INFO mulder.server.app: Resource throttle: get_findings waiting (cpu=100%>=90.0%, waited 185s)
2026-06-03 16:43:06,303 [MainThread] INFO mulder.server.app: Resource throttle: get_findings waiting (cpu=100%>=90.0%, waited 190s)
2026-06-03 16:43:11,312 [MainThread] INFO mulder.server.app: Resource throttle: get_findings waiting (cpu=100%>=90.0%, waited 195s)
2026-06-03 16:43:16,324 [MainThread] INFO mulder.server.app: Resource throttle: get_findings waiting (cpu=100%>=90.0%, waited 200s)
2026-06-03 16:43:21,330 [MainThread] INFO mulder.server.app: Resource throttle: get_findings waiting (cpu=100%>=90.0%, waited 205s)
2026-06-03 16:43:26,338 [MainThread] INFO mulder.server.app: Resource throttle: get_findings waiting (cpu=100%>=90.0%, waited 210s)
2026-06-03 16:43:31,346 [MainThread] INFO mulder.server.app: Resource throttle: get_findings waiting (cpu=100%>=90.0%, waited 215s)
2026-06-03 16:43:36,356 [MainThread] INFO mulder.server.app: Resource throttle: get_findings waiting (cpu=100%>=90.0%, waited 220s)
2026-06-03 16:43:41,367 [MainThread] INFO mulder.server.app: Resource throttle: get_findings waiting (cpu=100%>=90.0%, waited 225s)
2026-06-03 16:43:46,382 [MainThread] INFO mulder.server.app: Resource throttle: get_findings waiting (cpu=100%>=90.0%, waited 230s)
2026-06-03 16:43:51,388 [MainThread] INFO mulder.server.app: Resource throttle: get_findings waiting (cpu=100%>=90.0%, waited 235s)
2026-06-03 16:43:56,397 [MainThread] INFO mulder.server.app: Resource throttle: get_findings waiting (cpu=100%>=90.0%, waited 240s)
2026-06-03 16:44:01,405 [MainThread] INFO mulder.server.app: Resource throttle: get_findings waiting (cpu=100%>=90.0%, waited 245s)
2026-06-03 16:44:06,417 [MainThread] INFO mulder.server.app: Resource throttle: get_findings waiting (cpu=100%>=90.0%, waited 250s)
2026-06-03 16:44:11,423 [MainThread] INFO mulder.server.app: Resource throttle: get_findings waiting (cpu=100%>=90.0%, waited 255s)
2026-06-03 16:44:16,433 [MainThread] INFO mulder.server.app: Resource throttle: get_findings waiting (cpu=100%>=90.0%, waited 260s)
2026-06-03 16:44:21,439 [MainThread] INFO mulder.server.app: Resource throttle: get_findings waiting (cpu=100%>=90.0%, waited 265s)
2026-06-03 16:44:26,452 [MainThread] INFO mulder.server.app: Resource throttle: get_findings waiting (cpu=100%>=90.0%, waited 270s)
2026-06-03 16:44:31,463 [MainThread] INFO mulder.server.app: Resource throttle: get_findings waiting (cpu=100%>=90.0%, waited 275s)
2026-06-03 16:44:36,471 [MainThread] INFO mulder.server.app: Resource throttle: get_findings waiting (cpu=100%>=90.0%, waited 280s)
2026-06-03 16:44:41,480 [MainThread] INFO mulder.server.app: Resource throttle: get_findings waiting (cpu=100%>=90.0%, waited 285s)
2026-06-03 16:44:46,397 [MainThread] INFO mcp.server.lowlevel.server: Warning: FutureWarning: This API (volatility3.plugins.windows.malware.malfind.Malfind.run) will be removed in the first release after 2026-06-07. This plugin has been renamed, please call volatility3.plugins.windows.malware.malfind.Malfind rather than volatility3.plugins.windows.malfind.Malfind.
2026-06-03 16:44:46,412 [MainThread] INFO mcp.server.lowlevel.server: Warning: FutureWarning: This plugin (volatility3.plugins.windows.malfind.Malfind) has been renamed and will be removed in the first release after 2026-06-07. Please ensure all method calls to this plugin are replaced with calls to volatility3.plugins.windows.malware.malfind.Malfind
2026-06-03 16:44:46,489 [MainThread] INFO mulder.server.app: Resource throttle: get_findings waiting (cpu=100%>=90.0%, waited 290s)
2026-06-03 16:44:51,495 [MainThread] INFO mulder.server.app: Resource throttle: get_findings waiting (cpu=100%>=90.0%, waited 295s)
2026-06-03 16:44:51,903 [MainThread] INFO mcp.server.lowlevel.server: Processing request of type CallToolRequest
2026-06-03 16:44:51,909 [MainThread] INFO mulder.server.app: Resource throttle: wait waiting (cpu=100%>=90.0%, waited 0s)
2026-06-03 16:44:56,674 [MainThread] INFO mcp.server.lowlevel.server: Processing request of type CallToolRequest
2026-06-03 16:44:56,680 [MainThread] INFO mulder.server.app: Resource throttle: search waiting (cpu=100%>=90.0%, waited 0s)
2026-06-03 16:44:56,917 [MainThread] INFO mulder.server.app: Resource throttle: wait waiting (cpu=100%>=90.0%, waited 5s)
2026-06-03 16:45:01,685 [MainThread] INFO mulder.server.app: Resource throttle: search waiting (cpu=100%>=90.0%, waited 5s)
2026-06-03 16:45:01,926 [MainThread] INFO mulder.server.app: Resource throttle: wait waiting (cpu=100%>=90.0%, waited 10s)
2026-06-03 16:45:06,693 [MainThread] INFO mulder.server.app: Resource throttle: search waiting (cpu=100%>=90.0%, waited 10s)
2026-06-03 16:45:06,933 [MainThread] INFO mulder.server.app: Resource throttle: wait waiting (cpu=100%>=90.0%, waited 15s)
2026-06-03 16:45:11,700 [MainThread] INFO mulder.server.app: Resource throttle: search waiting (cpu=100%>=90.0%, waited 15s)
2026-06-03 16:45:11,941 [MainThread] INFO mulder.server.app: Resource throttle: wait waiting (cpu=100%>=90.0%, waited 20s)
2026-06-03 16:45:16,711 [MainThread] INFO mulder.server.app: Resource throttle: search waiting (cpu=100%>=90.0%, waited 20s)
2026-06-03 16:45:16,947 [MainThread] INFO mulder.server.app: Resource throttle: wait waiting (cpu=100%>=90.0%, waited 25s)
2026-06-03 16:45:21,717 [MainThread] INFO mulder.server.app: Resource throttle: search waiting (cpu=100%>=90.0%, waited 25s)
2026-06-03 16:45:21,957 [MainThread] INFO mulder.server.app: Resource throttle: wait waiting (cpu=100%>=90.0%, waited 30s)
2026-06-03 16:45:26,724 [MainThread] INFO mulder.server.app: Resource throttle: search waiting (cpu=100%>=90.0%, waited 30s)
2026-06-03 16:45:26,963 [MainThread] INFO mulder.server.app: Resource throttle: wait waiting (cpu=100%>=90.0%, waited 35s)
2026-06-03 16:45:31,737 [MainThread] INFO mulder.server.app: Resource throttle: search waiting (cpu=100%>=90.0%, waited 35s)
2026-06-03 16:45:31,969 [MainThread] INFO mulder.server.app: Resource throttle: wait waiting (cpu=100%>=90.0%, waited 40s)
2026-06-03 16:45:36,744 [MainThread] INFO mulder.server.app: Resource throttle: search waiting (cpu=100%>=90.0%, waited 40s)
2026-06-03 16:45:36,975 [MainThread] INFO mulder.server.app: Resource throttle: wait waiting (cpu=100%>=90.0%, waited 45s)
2026-06-03 16:45:41,754 [MainThread] INFO mulder.server.app: Resource throttle: search waiting (cpu=100%>=90.0%, waited 45s)
2026-06-03 16:45:41,988 [MainThread] INFO mulder.server.app: Resource throttle: wait waiting (cpu=100%>=90.0%, waited 50s)
2026-06-03 16:45:46,760 [MainThread] INFO mulder.server.app: Resource throttle: search waiting (cpu=100%>=90.0%, waited 50s)
2026-06-03 16:45:46,996 [MainThread] INFO mulder.server.app: Resource throttle: wait waiting (cpu=100%>=90.0%, waited 55s)
2026-06-03 16:45:51,769 [MainThread] INFO mulder.server.app: Resource throttle: search waiting (cpu=100%>=90.0%, waited 55s)
2026-06-03 16:45:52,006 [MainThread] INFO mulder.server.app: Resource throttle: wait waiting (cpu=100%>=90.0%, waited 60s)
2026-06-03 16:45:56,777 [MainThread] INFO mulder.server.app: Resource throttle: search waiting (cpu=100%>=90.0%, waited 60s)
2026-06-03 16:45:57,012 [MainThread] INFO mulder.server.app: Resource throttle: wait waiting (cpu=100%>=90.0%, waited 65s)
2026-06-03 16:46:01,789 [MainThread] INFO mulder.server.app: Resource throttle: search waiting (cpu=100%>=90.0%, waited 65s)
2026-06-03 16:46:02,018 [MainThread] INFO mulder.server.app: Resource throttle: wait waiting (cpu=100%>=90.0%, waited 70s)
2026-06-03 16:46:06,795 [MainThread] INFO mulder.server.app: Resource throttle: search waiting (cpu=100%>=90.0%, waited 70s)
2026-06-03 16:46:07,025 [MainThread] INFO mulder.server.app: Resource throttle: wait waiting (cpu=100%>=90.0%, waited 75s)
2026-06-03 16:46:11,803 [MainThread] INFO mulder.server.app: Resource throttle: search waiting (cpu=100%>=90.0%, waited 75s)
2026-06-03 16:46:12,034 [MainThread] INFO mulder.server.app: Resource throttle: wait waiting (cpu=100%>=90.0%, waited 80s)
2026-06-03 16:46:16,811 [MainThread] INFO mulder.server.app: Resource throttle: search waiting (cpu=100%>=90.0%, waited 80s)
2026-06-03 16:46:17,041 [MainThread] INFO mulder.server.app: Resource throttle: wait waiting (cpu=100%>=90.0%, waited 85s)
2026-06-03 16:46:21,828 [MainThread] INFO mulder.server.app: Resource throttle: search waiting (cpu=100%>=90.0%, waited 85s)
2026-06-03 16:46:22,055 [MainThread] INFO mulder.server.app: Resource throttle: wait waiting (cpu=100%>=90.0%, waited 90s)
2026-06-03 16:46:26,837 [MainThread] INFO mulder.server.app: Resource throttle: search waiting (cpu=100%>=90.0%, waited 90s)
2026-06-03 16:46:27,061 [MainThread] INFO mulder.server.app: Resource throttle: wait waiting (cpu=100%>=90.0%, waited 95s)
2026-06-03 16:46:31,845 [MainThread] INFO mulder.server.app: Resource throttle: search waiting (cpu=100%>=90.0%, waited 95s)
2026-06-03 16:46:32,067 [MainThread] INFO mulder.server.app: Resource throttle: wait waiting (cpu=100%>=90.0%, waited 100s)
2026-06-03 16:46:36,853 [MainThread] INFO mulder.server.app: Resource throttle: search waiting (cpu=100%>=90.0%, waited 100s)
2026-06-03 16:46:37,076 [MainThread] INFO mulder.server.app: Resource throttle: wait waiting (cpu=100%>=90.0%, waited 105s)
2026-06-03 16:47:25,539 [MainThread] INFO mulder.server.app: Mulder MCP server ready (db_dir=/home/mulder/.mulder/cases)
2026-06-03 16:47:25,559 [MainThread] INFO mcp.server.lowlevel.server: Processing request of type ListToolsRequest
2026-06-03 16:47:25,562 [MainThread] INFO mcp.server.lowlevel.server: Processing request of type ListPromptsRequest
2026-06-03 16:47:25,563 [MainThread] INFO mcp.server.lowlevel.server: Processing request of type ListResourcesRequest
2026-06-03 16:47:33,371 [MainThread] INFO mcp.server.lowlevel.server: Processing request of type CallToolRequest
2026-06-03 16:47:37,346 [MainThread] INFO mcp.server.lowlevel.server: Processing request of type CallToolRequest
2026-06-03 16:47:41,502 [MainThread] INFO mcp.server.lowlevel.server: Processing request of type CallToolRequest
2026-06-03 16:47:41,503 [AnyIO worker thread] INFO mulder.server.app: Opening case database for 'SRL-2018' ...
2026-06-03 16:47:41,512 [AnyIO worker thread] INFO mulder.server.app: Server context ready for case 'SRL-2018'
2026-06-03 16:47:46,119 [MainThread] INFO mcp.server.lowlevel.server: Processing request of type CallToolRequest
2026-06-03 16:47:46,187 [MainThread] INFO mcp.server.lowlevel.server: Processing request of type CallToolRequest
2026-06-03 16:48:05,669 [MainThread] INFO mcp.server.lowlevel.server: Processing request of type CallToolRequest
2026-06-03 16:48:07,937 [MainThread] INFO mcp.server.lowlevel.server: Processing request of type CallToolRequest
2026-06-03 16:48:08,530 [MainThread] INFO mcp.server.lowlevel.server: Processing request of type CallToolRequest
2026-06-03 16:48:08,562 [MainThread] INFO mcp.server.lowlevel.server: Processing request of type CallToolRequest
2026-06-03 16:48:10,137 [MainThread] INFO mulder.server.app: Mulder MCP server ready (db_dir=/home/mulder/.mulder/cases)
2026-06-03 16:48:10,157 [MainThread] INFO mcp.server.lowlevel.server: Processing request of type ListToolsRequest
2026-06-03 16:48:10,159 [MainThread] INFO mcp.server.lowlevel.server: Processing request of type ListPromptsRequest
2026-06-03 16:48:10,160 [MainThread] INFO mcp.server.lowlevel.server: Processing request of type ListResourcesRequest
2026-06-03 16:48:22,729 [MainThread] INFO mulder.server.app: Mulder MCP server ready (db_dir=/home/mulder/.mulder/cases)
2026-06-03 16:48:22,747 [MainThread] INFO mcp.server.lowlevel.server: Processing request of type ListToolsRequest
2026-06-03 16:48:22,750 [MainThread] INFO mcp.server.lowlevel.server: Processing request of type ListPromptsRequest
2026-06-03 16:48:22,751 [MainThread] INFO mcp.server.lowlevel.server: Processing request of type ListResourcesRequest
2026-06-03 16:48:35,306 [MainThread] INFO mcp.server.lowlevel.server: Processing request of type CallToolRequest
2026-06-03 16:48:39,447 [MainThread] INFO mcp.server.lowlevel.server: Processing request of type CallToolRequest
2026-06-03 16:48:39,450 [AnyIO worker thread] WARNING mulder.server.tools.case: Overriding requested case_id 'base-rd-02' with MULDER_CASE_ID='SRL-2018'
2026-06-03 16:48:39,486 [AnyIO worker thread] INFO mulder.server.app: Server context ready for case 'SRL-2018'
2026-06-03 16:48:45,801 [MainThread] INFO mcp.server.lowlevel.server: Processing request of type CallToolRequest
2026-06-03 16:48:45,803 [AnyIO worker thread] INFO mulder.server.app: Opening case database for 'SRL-2018' ...
2026-06-03 16:48:45,819 [AnyIO worker thread] INFO mulder.server.app: Server context ready for case 'SRL-2018'
2026-06-03 16:49:15,668 [MainThread] INFO mulder.server.app: Mulder MCP server ready (db_dir=/home/mulder/.mulder/cases)
2026-06-03 16:49:15,687 [MainThread] INFO mcp.server.lowlevel.server: Processing request of type ListToolsRequest
2026-06-03 16:49:15,690 [MainThread] INFO mcp.server.lowlevel.server: Processing request of type ListPromptsRequest
2026-06-03 16:49:15,691 [MainThread] INFO mcp.server.lowlevel.server: Processing request of type ListResourcesRequest
2026-06-03 16:49:22,441 [MainThread] INFO mcp.server.lowlevel.server: Processing request of type CallToolRequest
2026-06-03 16:49:26,551 [MainThread] INFO mcp.server.lowlevel.server: Processing request of type CallToolRequest
2026-06-03 16:49:30,634 [MainThread] INFO mcp.server.lowlevel.server: Processing request of type CallToolRequest
2026-06-03 16:49:30,635 [AnyIO worker thread] INFO mulder.server.app: Opening case database for 'SRL-2018' ...
2026-06-03 16:49:30,644 [AnyIO worker thread] INFO mulder.server.app: Server context ready for case 'SRL-2018'
2026-06-03 16:49:40,455 [MainThread] INFO mcp.server.lowlevel.server: Processing request of type CallToolRequest
2026-06-03 16:49:40,470 [mulder-job_0] INFO mulder.server.app: Resource throttle: run_volatility_batch waiting (cpu=100%>=90.0%, waited 0s)
2026-06-03 16:49:40,472 [AnyIO worker thread] INFO mulder.server.jobs: Submitted batch bg_d2e897c9 with 5 jobs: ['run_volatility_batch', 'yara_scan_memory', 'run_mmls', 'run_fls', 'run_bulk_extractor']
2026-06-03 16:49:40,483 [mulder-job_1] INFO mulder.server.tools.yara: Updated YARA rules: signature-base
2026-06-03 16:49:40,565 [mulder-job_2] INFO mulder.server.tools.extract.tsk: mmls failed on /evidence/base-rd-02-cdrive.E01: no_partition_table
2026-06-03 16:49:40,570 [mulder-job_2] WARNING mulder.server.jobs: Job job_dc30aa50 (run_mmls) returned error: mmls found no partition table (exit 1). This image is likely a partition dump or single-filesystem image rather than a full disk.
2026-06-03 16:49:40,571 [mulder-job_2] INFO mulder.server.jobs: [JOB_COMPLETE] run_mmls|failed|mmls found no partition table (exit 1). This image is likely a partition dump or single-filesystem image rather than a full disk.
2026-06-03 16:49:43,543 [mulder-job_1] INFO mulder.server.tools.yara: YARA rule validation: 731/744 files valid (individual)
2026-06-03 16:49:45,171 [MainThread] INFO mcp.server.lowlevel.server: Processing request of type CallToolRequest
2026-06-03 16:49:45,987 [mulder-job_0] INFO mulder.server.tools.extract.volatility: Volatility batch: context built for '/home/mulder/.mulder/cases/extracted/base-rd-02-memory/base-rd-02-memory.img', running 13 plugins (timeout=600s)
2026-06-03 16:49:45,990 [ThreadPoolExecutor-0_0] INFO volatility3.framework.automagic: Running automagic: SymbolCacheMagic
2026-06-03 16:49:46,026 [ThreadPoolExecutor-0_0] INFO volatility3.framework.automagic: Running automagic: ConstructionMagic
2026-06-03 16:49:46,039 [ThreadPoolExecutor-0_0] INFO volatility3.framework.automagic: Running automagic: LayerStacker
2026-06-03 16:49:46,057 [ThreadPoolExecutor-0_0] INFO volatility3.framework.automagic.linux: No Linux banners found - if this is a linux plugin, please check your symbol files location
2026-06-03 16:49:46,065 [ThreadPoolExecutor-0_0] INFO volatility3.framework.automagic.linux: No Linux banners found - if this is a linux plugin, please check your symbol files location
2026-06-03 16:49:46,068 [ThreadPoolExecutor-0_0] INFO volatility3.framework.automagic.mac: No Mac banners found - if this is a mac plugin, please check your symbol files location
2026-06-03 16:49:46,153 [ThreadPoolExecutor-0_0] INFO volatility3.framework.automagic: Running automagic: WinSwapLayers
2026-06-03 16:49:46,162 [ThreadPoolExecutor-0_0] INFO volatility3.framework.automagic: Running automagic: KernelPDBScanner
2026-06-03 16:49:46,237 [ThreadPoolExecutor-0_0] INFO volatility3.framework.symbols.windows.pdbconv: Download PDB file...
2026-06-03 16:50:11,347 [ThreadPoolExecutor-0_0] INFO volatility3.framework.automagic: Running automagic: SymbolFinder
2026-06-03 16:50:11,350 [ThreadPoolExecutor-0_0] INFO volatility3.framework.automagic: Running automagic: LinuxSymbolFinder
2026-06-03 16:50:11,351 [ThreadPoolExecutor-0_0] INFO volatility3.framework.automagic: Running automagic: MacSymbolFinder
2026-06-03 16:50:11,351 [ThreadPoolExecutor-0_0] INFO volatility3.framework.automagic: Running automagic: KernelModule
2026-06-03 16:50:11,449 [mulder-job_0] INFO mulder.server.tools.extract.volatility: Volatility batch: pslist -> header_only
2026-06-03 16:50:11,453 [ThreadPoolExecutor-1_0] INFO volatility3.framework.automagic: Running automagic: SymbolCacheMagic
2026-06-03 16:50:11,490 [ThreadPoolExecutor-1_0] INFO volatility3.framework.automagic: Running automagic: ConstructionMagic
2026-06-03 16:50:11,499 [ThreadPoolExecutor-1_0] INFO volatility3.framework.automagic: Running automagic: LayerStacker
2026-06-03 16:50:11,500 [ThreadPoolExecutor-1_0] INFO volatility3.framework.automagic: Running automagic: WinSwapLayers
2026-06-03 16:50:11,501 [ThreadPoolExecutor-1_0] INFO volatility3.framework.automagic: Running automagic: KernelPDBScanner
2026-06-03 16:50:11,533 [ThreadPoolExecutor-1_0] INFO volatility3.framework.symbols.windows.pdbconv: Download PDB file...
2026-06-03 16:50:35,370 [ThreadPoolExecutor-1_0] INFO volatility3.framework.automagic: Running automagic: SymbolFinder
2026-06-03 16:50:35,375 [ThreadPoolExecutor-1_0] INFO volatility3.framework.automagic: Running automagic: LinuxSymbolFinder
2026-06-03 16:50:35,375 [ThreadPoolExecutor-1_0] INFO volatility3.framework.automagic: Running automagic: MacSymbolFinder
2026-06-03 16:50:35,376 [ThreadPoolExecutor-1_0] INFO volatility3.framework.automagic: Running automagic: KernelModule
2026-06-03 16:50:35,519 [mulder-job_0] INFO mulder.server.tools.extract.volatility: Volatility batch: pstree -> header_only
2026-06-03 16:50:35,521 [ThreadPoolExecutor-2_0] INFO volatility3.framework.automagic: Running automagic: SymbolCacheMagic
2026-06-03 16:50:35,559 [ThreadPoolExecutor-2_0] INFO volatility3.framework.automagic: Running automagic: ConstructionMagic
2026-06-03 16:50:35,566 [ThreadPoolExecutor-2_0] INFO volatility3.framework.automagic: Running automagic: LayerStacker
2026-06-03 16:50:35,572 [ThreadPoolExecutor-2_0] INFO volatility3.framework.automagic: Running automagic: WinSwapLayers
2026-06-03 16:50:35,573 [ThreadPoolExecutor-2_0] INFO volatility3.framework.automagic: Running automagic: KernelPDBScanner
2026-06-03 16:50:35,618 [ThreadPoolExecutor-2_0] INFO volatility3.framework.symbols.windows.pdbconv: Download PDB file...
2026-06-03 16:50:58,592 [ThreadPoolExecutor-2_0] INFO volatility3.framework.automagic: Running automagic: SymbolFinder
2026-06-03 16:50:58,596 [ThreadPoolExecutor-2_0] INFO volatility3.framework.automagic: Running automagic: LinuxSymbolFinder
2026-06-03 16:50:58,597 [ThreadPoolExecutor-2_0] INFO volatility3.framework.automagic: Running automagic: MacSymbolFinder
2026-06-03 16:50:58,598 [ThreadPoolExecutor-2_0] INFO volatility3.framework.automagic: Running automagic: KernelModule
2026-06-03 16:50:59,438 [mulder-job_0] INFO mulder.server.tools.extract.volatility: Volatility batch: cmdline -> header_only
2026-06-03 16:50:59,441 [ThreadPoolExecutor-3_0] INFO volatility3.framework.automagic: Running automagic: SymbolCacheMagic
2026-06-03 16:50:59,459 [ThreadPoolExecutor-3_0] INFO volatility3.framework.automagic: Running automagic: ConstructionMagic
2026-06-03 16:50:59,465 [ThreadPoolExecutor-3_0] INFO volatility3.framework.automagic: Running automagic: LayerStacker
2026-06-03 16:50:59,466 [ThreadPoolExecutor-3_0] INFO volatility3.framework.automagic: Running automagic: WinSwapLayers
2026-06-03 16:50:59,466 [ThreadPoolExecutor-3_0] INFO volatility3.framework.automagic: Running automagic: KernelPDBScanner
2026-06-03 16:50:59,509 [ThreadPoolExecutor-3_0] INFO volatility3.framework.symbols.windows.pdbconv: Download PDB file...
2026-06-03 16:51:24,157 [ThreadPoolExecutor-3_0] INFO volatility3.framework.automagic: Running automagic: SymbolFinder
2026-06-03 16:51:24,159 [ThreadPoolExecutor-3_0] INFO volatility3.framework.automagic: Running automagic: LinuxSymbolFinder
2026-06-03 16:51:24,161 [ThreadPoolExecutor-3_0] INFO volatility3.framework.automagic: Running automagic: MacSymbolFinder
2026-06-03 16:51:24,161 [ThreadPoolExecutor-3_0] INFO volatility3.framework.automagic: Running automagic: KernelModule
2026-06-03 16:51:41,253 [mulder-job_3] INFO mulder.server.jobs: Job job_b132f285 (run_fls) completed
2026-06-03 16:51:41,267 [mulder-job_3] INFO mulder.server.jobs: [JOB_COMPLETE] run_fls|completed|
2026-06-03 16:52:44,158 [mulder-job_0] INFO mulder.server.tools.extract.volatility: Volatility batch: netscan -> indexed
2026-06-03 16:52:44,169 [ThreadPoolExecutor-4_0] INFO volatility3.framework.automagic: Running automagic: SymbolCacheMagic
2026-06-03 16:52:44,227 [ThreadPoolExecutor-4_0] INFO volatility3.framework.automagic: Running automagic: ConstructionMagic
2026-06-03 16:52:44,236 [ThreadPoolExecutor-4_0] INFO volatility3.framework.automagic: Running automagic: LayerStacker
2026-06-03 16:52:44,240 [ThreadPoolExecutor-4_0] INFO volatility3.framework.automagic: Running automagic: WinSwapLayers
2026-06-03 16:52:44,241 [ThreadPoolExecutor-4_0] INFO volatility3.framework.automagic: Running automagic: KernelPDBScanner
2026-06-03 16:52:44,294 [ThreadPoolExecutor-4_0] INFO volatility3.framework.symbols.windows.pdbconv: Download PDB file...
2026-06-03 16:52:44,842 [mulder-job_1] INFO mulder.server.jobs: Job job_f3af06fa (yara_scan_memory) completed
2026-06-03 16:52:44,856 [mulder-job_1] INFO mulder.server.jobs: [JOB_COMPLETE] yara_scan_memory|completed|
2026-06-03 16:53:02,465 [mulder-job_1] INFO mulder.server.jobs: Job job_fef1b69b (run_bulk_extractor) completed
2026-06-03 16:53:02,474 [mulder-job_1] INFO mulder.server.jobs: [JOB_COMPLETE] run_bulk_extractor|completed|
2026-06-03 16:53:07,319 [MainThread] INFO mcp.server.lowlevel.server: Processing request of type CallToolRequest
2026-06-03 16:53:08,101 [ThreadPoolExecutor-4_0] INFO volatility3.framework.automagic: Running automagic: SymbolFinder
2026-06-03 16:53:08,106 [ThreadPoolExecutor-4_0] INFO volatility3.framework.automagic: Running automagic: LinuxSymbolFinder
2026-06-03 16:53:08,108 [ThreadPoolExecutor-4_0] INFO volatility3.framework.automagic: Running automagic: MacSymbolFinder
2026-06-03 16:53:08,109 [ThreadPoolExecutor-4_0] INFO volatility3.framework.automagic: Running automagic: KernelModule
2026-06-03 16:53:08,354 [mulder-job_0] INFO mulder.server.tools.extract.volatility: Volatility batch: malfind -> header_only
2026-06-03 16:53:08,358 [ThreadPoolExecutor-5_0] INFO volatility3.framework.automagic: Running automagic: SymbolCacheMagic
2026-06-03 16:53:08,389 [ThreadPoolExecutor-5_0] INFO volatility3.framework.automagic: Running automagic: ConstructionMagic
2026-06-03 16:53:08,396 [ThreadPoolExecutor-5_0] INFO volatility3.framework.automagic: Running automagic: LayerStacker
2026-06-03 16:53:08,397 [ThreadPoolExecutor-5_0] INFO volatility3.framework.automagic: Running automagic: WinSwapLayers
2026-06-03 16:53:08,397 [ThreadPoolExecutor-5_0] INFO volatility3.framework.automagic: Running automagic: KernelPDBScanner
2026-06-03 16:53:08,454 [ThreadPoolExecutor-5_0] INFO volatility3.framework.symbols.windows.pdbconv: Download PDB file...
2026-06-03 16:53:15,835 [MainThread] INFO mcp.server.lowlevel.server: Processing request of type CallToolRequest
2026-06-03 16:53:15,842 [MainThread] INFO mulder.server.app: Resource throttle: start_extraction_batch waiting (cpu=100%>=90.0%, waited 0s)
2026-06-03 16:53:20,848 [MainThread] INFO mulder.server.app: Resource throttle: start_extraction_batch waiting (cpu=100%>=90.0%, waited 5s)
2026-06-03 16:53:25,857 [MainThread] INFO mulder.server.app: Resource throttle: start_extraction_batch waiting (cpu=100%>=90.0%, waited 10s)
2026-06-03 16:53:30,092 [ThreadPoolExecutor-5_0] INFO volatility3.framework.automagic: Running automagic: SymbolFinder
2026-06-03 16:53:30,098 [ThreadPoolExecutor-5_0] INFO volatility3.framework.automagic: Running automagic: LinuxSymbolFinder
2026-06-03 16:53:30,098 [ThreadPoolExecutor-5_0] INFO volatility3.framework.automagic: Running automagic: MacSymbolFinder
2026-06-03 16:53:30,099 [ThreadPoolExecutor-5_0] INFO volatility3.framework.automagic: Running automagic: KernelModule
2026-06-03 16:53:30,868 [MainThread] INFO mulder.server.app: Resource throttle: start_extraction_batch waiting (cpu=100%>=90.0%, waited 15s)
2026-06-03 16:53:35,877 [MainThread] INFO mulder.server.app: Resource throttle: start_extraction_batch waiting (cpu=100%>=90.0%, waited 20s)
2026-06-03 16:53:40,888 [MainThread] INFO mulder.server.app: Resource throttle: start_extraction_batch waiting (cpu=100%>=90.0%, waited 25s)
2026-06-03 16:53:45,897 [MainThread] INFO mulder.server.app: Resource throttle: start_extraction_batch waiting (cpu=100%>=90.0%, waited 30s)
2026-06-03 16:53:50,906 [MainThread] INFO mulder.server.app: Resource throttle: start_extraction_batch waiting (cpu=100%>=90.0%, waited 35s)
2026-06-03 16:53:55,916 [MainThread] INFO mulder.server.app: Resource throttle: start_extraction_batch waiting (cpu=100%>=90.0%, waited 40s)
2026-06-03 16:54:00,925 [MainThread] INFO mulder.server.app: Resource throttle: start_extraction_batch waiting (cpu=100%>=90.0%, waited 45s)
2026-06-03 16:54:05,933 [MainThread] INFO mulder.server.app: Resource throttle: start_extraction_batch waiting (cpu=100%>=90.0%, waited 50s)
2026-06-03 16:54:10,943 [MainThread] INFO mulder.server.app: Resource throttle: start_extraction_batch waiting (cpu=100%>=90.0%, waited 55s)
2026-06-03 16:54:15,950 [MainThread] INFO mulder.server.app: Resource throttle: start_extraction_batch waiting (cpu=100%>=90.0%, waited 60s)
2026-06-03 16:54:20,960 [MainThread] INFO mulder.server.app: Resource throttle: start_extraction_batch waiting (cpu=100%>=90.0%, waited 65s)
2026-06-03 16:54:23,896 [mulder-job_0] INFO mulder.server.tools.extract.volatility: Volatility batch: psscan -> indexed
2026-06-03 16:54:23,918 [ThreadPoolExecutor-6_0] INFO volatility3.framework.automagic: Running automagic: SymbolCacheMagic
2026-06-03 16:54:23,974 [ThreadPoolExecutor-6_0] INFO volatility3.framework.automagic: Running automagic: ConstructionMagic
2026-06-03 16:54:23,989 [ThreadPoolExecutor-6_0] INFO volatility3.framework.automagic: Running automagic: LayerStacker
2026-06-03 16:54:23,994 [ThreadPoolExecutor-6_0] INFO volatility3.framework.automagic: Running automagic: WinSwapLayers
2026-06-03 16:54:23,994 [ThreadPoolExecutor-6_0] INFO volatility3.framework.automagic: Running automagic: KernelPDBScanner
2026-06-03 16:54:24,048 [ThreadPoolExecutor-6_0] INFO volatility3.framework.symbols.windows.pdbconv: Download PDB file...
2026-06-03 16:54:25,967 [MainThread] INFO mulder.server.app: Resource throttle: start_extraction_batch waiting (cpu=100%>=90.0%, waited 70s)
2026-06-03 16:54:30,977 [MainThread] INFO mulder.server.app: Resource throttle: start_extraction_batch waiting (cpu=100%>=90.0%, waited 75s)
2026-06-03 16:54:36,009 [MainThread] INFO mulder.server.app: Resource throttle: start_extraction_batch waiting (cpu=100%>=90.0%, waited 80s)
2026-06-03 16:54:41,019 [MainThread] INFO mulder.server.app: Resource throttle: start_extraction_batch waiting (cpu=100%>=90.0%, waited 85s)
2026-06-03 16:54:46,030 [MainThread] INFO mulder.server.app: Resource throttle: start_extraction_batch waiting (cpu=100%>=90.0%, waited 90s)
2026-06-03 16:54:48,772 [ThreadPoolExecutor-6_0] INFO volatility3.framework.automagic: Running automagic: SymbolFinder
2026-06-03 16:54:48,779 [ThreadPoolExecutor-6_0] INFO volatility3.framework.automagic: Running automagic: LinuxSymbolFinder
2026-06-03 16:54:48,779 [ThreadPoolExecutor-6_0] INFO volatility3.framework.automagic: Running automagic: MacSymbolFinder
2026-06-03 16:54:48,780 [ThreadPoolExecutor-6_0] INFO volatility3.framework.automagic: Running automagic: KernelModule
2026-06-03 16:54:48,962 [mulder-job_0] INFO mulder.server.tools.extract.volatility: Volatility batch: dlllist -> header_only
2026-06-03 16:54:48,967 [ThreadPoolExecutor-7_0] INFO volatility3.framework.automagic: Running automagic: SymbolCacheMagic
2026-06-03 16:54:49,000 [ThreadPoolExecutor-7_0] INFO volatility3.framework.automagic: Running automagic: ConstructionMagic
2026-06-03 16:54:49,011 [ThreadPoolExecutor-7_0] INFO volatility3.framework.automagic: Running automagic: LayerStacker
2026-06-03 16:54:49,012 [ThreadPoolExecutor-7_0] INFO volatility3.framework.automagic: Running automagic: WinSwapLayers
2026-06-03 16:54:49,016 [ThreadPoolExecutor-7_0] INFO volatility3.framework.automagic: Running automagic: KernelPDBScanner
2026-06-03 16:54:49,052 [ThreadPoolExecutor-7_0] INFO volatility3.framework.symbols.windows.pdbconv: Download PDB file...
2026-06-03 16:54:51,044 [MainThread] INFO mulder.server.app: Resource throttle: start_extraction_batch waiting (cpu=100%>=90.0%, waited 95s)
2026-06-03 16:54:56,053 [MainThread] INFO mulder.server.app: Resource throttle: start_extraction_batch waiting (cpu=100%>=90.0%, waited 100s)
2026-06-03 16:55:01,065 [MainThread] INFO mulder.server.app: Resource throttle: start_extraction_batch waiting (cpu=100%>=90.0%, waited 105s)
2026-06-03 16:55:06,078 [MainThread] INFO mulder.server.app: Resource throttle: start_extraction_batch waiting (cpu=100%>=90.0%, waited 110s)
2026-06-03 16:55:11,090 [MainThread] INFO mulder.server.app: Resource throttle: start_extraction_batch waiting (cpu=100%>=90.0%, waited 115s)
2026-06-03 16:55:16,096 [MainThread] INFO mulder.server.app: Resource throttle: start_extraction_batch waiting (cpu=100%>=90.0%, waited 120s)
2026-06-03 16:55:21,105 [MainThread] INFO mulder.server.app: Resource throttle: start_extraction_batch waiting (cpu=100%>=90.0%, waited 125s)
2026-06-03 16:55:26,118 [MainThread] INFO mulder.server.app: Resource throttle: start_extraction_batch waiting (cpu=100%>=90.0%, waited 130s)
2026-06-03 16:55:28,338 [ThreadPoolExecutor-7_0] INFO volatility3.framework.automagic: Running automagic: SymbolFinder
2026-06-03 16:55:28,341 [ThreadPoolExecutor-7_0] INFO volatility3.framework.automagic: Running automagic: LinuxSymbolFinder
2026-06-03 16:55:28,345 [ThreadPoolExecutor-7_0] INFO volatility3.framework.automagic: Running automagic: MacSymbolFinder
2026-06-03 16:55:28,346 [ThreadPoolExecutor-7_0] INFO volatility3.framework.automagic: Running automagic: KernelModule
2026-06-03 16:55:28,475 [mulder-job_0] INFO mulder.server.tools.extract.volatility: Volatility batch: svcscan -> header_only
2026-06-03 16:55:28,477 [ThreadPoolExecutor-8_0] INFO volatility3.framework.automagic: Running automagic: SymbolCacheMagic
2026-06-03 16:55:28,512 [ThreadPoolExecutor-8_0] INFO volatility3.framework.automagic: Running automagic: ConstructionMagic
2026-06-03 16:55:28,523 [ThreadPoolExecutor-8_0] INFO volatility3.framework.automagic: Running automagic: LayerStacker
2026-06-03 16:55:28,528 [ThreadPoolExecutor-8_0] INFO volatility3.framework.automagic: Running automagic: WinSwapLayers
2026-06-03 16:55:28,528 [ThreadPoolExecutor-8_0] INFO volatility3.framework.automagic: Running automagic: KernelPDBScanner
2026-06-03 16:55:28,560 [ThreadPoolExecutor-8_0] INFO volatility3.framework.symbols.windows.pdbconv: Download PDB file...
2026-06-03 16:55:31,125 [MainThread] INFO mulder.server.app: Resource throttle: start_extraction_batch waiting (cpu=100%>=90.0%, waited 135s)
2026-06-03 16:55:36,142 [MainThread] INFO mulder.server.app: Resource throttle: start_extraction_batch waiting (cpu=100%>=90.0%, waited 140s)
2026-06-03 16:55:41,155 [MainThread] INFO mulder.server.app: Resource throttle: start_extraction_batch waiting (cpu=100%>=90.0%, waited 145s)
2026-06-03 16:55:46,165 [MainThread] INFO mulder.server.app: Resource throttle: start_extraction_batch waiting (cpu=100%>=90.0%, waited 150s)
2026-06-03 16:55:50,024 [ThreadPoolExecutor-8_0] INFO volatility3.framework.automagic: Running automagic: SymbolFinder
2026-06-03 16:55:50,028 [ThreadPoolExecutor-8_0] INFO volatility3.framework.automagic: Running automagic: LinuxSymbolFinder
2026-06-03 16:55:50,028 [ThreadPoolExecutor-8_0] INFO volatility3.framework.automagic: Running automagic: MacSymbolFinder
2026-06-03 16:55:50,029 [ThreadPoolExecutor-8_0] INFO volatility3.framework.automagic: Running automagic: KernelModule
2026-06-03 16:55:50,166 [mulder-job_0] INFO mulder.server.tools.extract.volatility: Volatility batch: envars -> header_only
2026-06-03 16:55:50,168 [ThreadPoolExecutor-9_0] INFO volatility3.framework.automagic: Running automagic: SymbolCacheMagic
2026-06-03 16:55:50,202 [ThreadPoolExecutor-9_0] INFO volatility3.framework.automagic: Running automagic: ConstructionMagic
2026-06-03 16:55:50,209 [ThreadPoolExecutor-9_0] INFO volatility3.framework.automagic: Running automagic: LayerStacker
2026-06-03 16:55:50,213 [ThreadPoolExecutor-9_0] INFO volatility3.framework.automagic: Running automagic: WinSwapLayers
2026-06-03 16:55:50,217 [ThreadPoolExecutor-9_0] INFO volatility3.framework.automagic: Running automagic: KernelPDBScanner
2026-06-03 16:55:50,253 [ThreadPoolExecutor-9_0] INFO volatility3.framework.symbols.windows.pdbconv: Download PDB file...
2026-06-03 16:55:51,171 [MainThread] INFO mulder.server.app: Resource throttle: start_extraction_batch waiting (cpu=100%>=90.0%, waited 155s)
2026-06-03 16:55:56,180 [MainThread] INFO mulder.server.app: Resource throttle: start_extraction_batch waiting (cpu=100%>=90.0%, waited 160s)
2026-06-03 16:56:01,187 [MainThread] INFO mulder.server.app: Resource throttle: start_extraction_batch waiting (cpu=100%>=90.0%, waited 165s)
2026-06-03 16:56:06,198 [MainThread] INFO mulder.server.app: Resource throttle: start_extraction_batch waiting (cpu=100%>=90.0%, waited 170s)
2026-06-03 16:56:11,211 [MainThread] INFO mulder.server.app: Resource throttle: start_extraction_batch waiting (cpu=100%>=90.0%, waited 175s)
2026-06-03 16:56:12,677 [ThreadPoolExecutor-9_0] INFO volatility3.framework.automagic: Running automagic: SymbolFinder
2026-06-03 16:56:12,680 [ThreadPoolExecutor-9_0] INFO volatility3.framework.automagic: Running automagic: LinuxSymbolFinder
2026-06-03 16:56:12,681 [ThreadPoolExecutor-9_0] INFO volatility3.framework.automagic: Running automagic: MacSymbolFinder
2026-06-03 16:56:12,681 [ThreadPoolExecutor-9_0] INFO volatility3.framework.automagic: Running automagic: KernelModule
2026-06-03 16:56:16,217 [MainThread] INFO mulder.server.app: Resource throttle: start_extraction_batch waiting (cpu=100%>=90.0%, waited 180s)
2026-06-03 16:56:21,223 [MainThread] INFO mulder.server.app: Resource throttle: start_extraction_batch waiting (cpu=100%>=90.0%, waited 185s)
2026-06-03 16:56:26,236 [MainThread] INFO mulder.server.app: Resource throttle: start_extraction_batch waiting (cpu=100%>=90.0%, waited 190s)
2026-06-03 16:56:31,243 [MainThread] INFO mulder.server.app: Resource throttle: start_extraction_batch waiting (cpu=100%>=90.0%, waited 195s)
2026-06-03 16:56:36,249 [MainThread] INFO mulder.server.app: Resource throttle: start_extraction_batch waiting (cpu=100%>=90.0%, waited 200s)
2026-06-03 16:56:41,261 [MainThread] INFO mulder.server.app: Resource throttle: start_extraction_batch waiting (cpu=100%>=90.0%, waited 205s)
2026-06-03 16:56:46,271 [MainThread] INFO mulder.server.app: Resource throttle: start_extraction_batch waiting (cpu=100%>=90.0%, waited 210s)
2026-06-03 16:56:51,282 [MainThread] INFO mulder.server.app: Resource throttle: start_extraction_batch waiting (cpu=100%>=90.0%, waited 215s)
2026-06-03 16:56:56,291 [MainThread] INFO mulder.server.app: Resource throttle: start_extraction_batch waiting (cpu=100%>=90.0%, waited 220s)
2026-06-03 16:57:01,297 [MainThread] INFO mulder.server.app: Resource throttle: start_extraction_batch waiting (cpu=100%>=90.0%, waited 225s)
2026-06-03 16:57:06,307 [MainThread] INFO mulder.server.app: Resource throttle: start_extraction_batch waiting (cpu=100%>=90.0%, waited 230s)
2026-06-03 16:57:11,317 [MainThread] INFO mulder.server.app: Resource throttle: start_extraction_batch waiting (cpu=100%>=90.0%, waited 235s)
2026-06-03 16:57:16,330 [MainThread] INFO mulder.server.app: Resource throttle: start_extraction_batch waiting (cpu=100%>=90.0%, waited 240s)
2026-06-03 16:57:21,338 [MainThread] INFO mulder.server.app: Resource throttle: start_extraction_batch waiting (cpu=100%>=90.0%, waited 245s)
2026-06-03 16:57:26,348 [MainThread] INFO mulder.server.app: Resource throttle: start_extraction_batch waiting (cpu=100%>=90.0%, waited 250s)
2026-06-03 16:57:27,023 [mulder-job_0] INFO mulder.server.tools.extract.volatility: Volatility batch: filescan -> header_only
2026-06-03 16:57:27,036 [ThreadPoolExecutor-10_0] INFO volatility3.framework.automagic: Running automagic: SymbolCacheMagic
2026-06-03 16:57:27,104 [ThreadPoolExecutor-10_0] INFO volatility3.framework.automagic: Running automagic: ConstructionMagic
2026-06-03 16:57:27,120 [ThreadPoolExecutor-10_0] INFO volatility3.framework.automagic: Running automagic: LayerStacker
2026-06-03 16:57:27,125 [ThreadPoolExecutor-10_0] INFO volatility3.framework.automagic: Running automagic: WinSwapLayers
2026-06-03 16:57:27,125 [ThreadPoolExecutor-10_0] INFO volatility3.framework.automagic: Running automagic: KernelPDBScanner
2026-06-03 16:57:27,191 [ThreadPoolExecutor-10_0] INFO volatility3.framework.symbols.windows.pdbconv: Download PDB file...
2026-06-03 16:57:31,364 [MainThread] INFO mulder.server.app: Resource throttle: start_extraction_batch waiting (cpu=100%>=90.0%, waited 255s)
2026-06-03 16:57:36,374 [MainThread] INFO mulder.server.app: Resource throttle: start_extraction_batch waiting (cpu=100%>=90.0%, waited 260s)
2026-06-03 16:57:41,388 [MainThread] INFO mulder.server.app: Resource throttle: start_extraction_batch waiting (cpu=100%>=90.0%, waited 265s)
2026-06-03 16:57:46,396 [MainThread] INFO mulder.server.app: Resource throttle: start_extraction_batch waiting (cpu=100%>=90.0%, waited 270s)
2026-06-03 16:57:51,405 [MainThread] INFO mulder.server.app: Resource throttle: start_extraction_batch waiting (cpu=100%>=90.0%, waited 275s)
2026-06-03 16:57:54,569 [ThreadPoolExecutor-10_0] INFO volatility3.framework.automagic: Running automagic: SymbolFinder
2026-06-03 16:57:54,572 [ThreadPoolExecutor-10_0] INFO volatility3.framework.automagic: Running automagic: LinuxSymbolFinder
2026-06-03 16:57:54,576 [ThreadPoolExecutor-10_0] INFO volatility3.framework.automagic: Running automagic: MacSymbolFinder
2026-06-03 16:57:54,577 [ThreadPoolExecutor-10_0] INFO volatility3.framework.automagic: Running automagic: KernelModule
2026-06-03 16:57:56,414 [MainThread] INFO mulder.server.app: Resource throttle: start_extraction_batch waiting (cpu=100%>=90.0%, waited 280s)
2026-06-03 16:58:01,428 [MainThread] INFO mulder.server.app: Resource throttle: start_extraction_batch waiting (cpu=100%>=90.0%, waited 285s)
2026-06-03 16:58:06,434 [MainThread] INFO mulder.server.app: Resource throttle: start_extraction_batch waiting (cpu=100%>=90.0%, waited 290s)
2026-06-03 16:58:11,446 [MainThread] INFO mulder.server.app: Resource throttle: start_extraction_batch waiting (cpu=100%>=90.0%, waited 295s)
2026-06-03 16:58:16,591 [mulder-job_4] INFO mulder.server.app: Resource throttle: run_chainsaw waiting (cpu=100%>=90.0%, waited 0s)
2026-06-03 16:58:16,611 [AnyIO worker thread] INFO mulder.server.jobs: Submitted batch bg_60147a02 with 9 jobs: ['run_evtx_parser', 'run_hayabusa', 'run_chainsaw', 'run_registry_parser', 'run_prefetch_parser', 'run_amcache_parser', 'run_shimcache_parser', 'run_mft_parser', 'yara_scan_files']
2026-06-03 16:58:16,627 [mulder-job_6] INFO mulder.server.app: Resource throttle: run_shimcache_parser waiting (cpu=100%>=90.0%, waited 0s)
2026-06-03 16:58:16,629 [mulder-job_7] INFO mulder.server.app: Resource throttle: run_mft_parser waiting (cpu=100%>=90.0%, waited 0s)
2026-06-03 16:58:16,777 [mulder-job_3] INFO mulder.server.jobs: Job job_10140250 (run_hayabusa) completed
2026-06-03 16:58:16,783 [mulder-job_3] INFO mulder.server.jobs: [JOB_COMPLETE] run_hayabusa|completed|
2026-06-03 16:58:16,787 [mulder-job_3] INFO mulder.server.app: Resource throttle: yara_scan_files waiting (cpu=100%>=90.0%, waited 0s)
2026-06-03 16:58:17,930 [mulder-job_1] WARNING mulder.extractors.disk: ewfmount failed on /evidence/base-rd-01-cdrive.E01: Command '['ewfmount', '/evidence/base-rd-01-cdrive.E01', '/tmp/mulder_mount_vxeebcb0/_ewf']' returned non-zero exit status 1. No sub system to mount EWF format.

2026-06-03 16:58:18,452 [mulder-job_1] WARNING mulder.extractors.disk: guestmount failed on E01 /evidence/base-rd-01-cdrive.E01: Command '['guestmount', '-a', '/evidence/base-rd-01-cdrive.E01', '-i', '--ro', '/tmp/mulder_mount_vxeebcb0']' returned non-zero exit status 1.
2026-06-03 16:58:18,454 [mulder-job_1] ERROR mulder.extractors.disk: Could not mount E01 /evidence/base-rd-01-cdrive.E01 (tried ewfmount+mount and guestmount)
2026-06-03 16:58:21,631 [mulder-job_4] INFO mulder.server.app: Resource throttle: run_chainsaw waiting (cpu=100%>=90.0%, waited 5s)
2026-06-03 16:58:23,039 [mulder-job_3] INFO mulder.server.app: Resource throttle: yara_scan_files waiting (cpu=100%>=90.0%, waited 5s)
2026-06-03 16:58:23,038 [mulder-job_7] INFO mulder.server.app: Resource throttle: run_mft_parser waiting (cpu=100%>=90.0%, waited 5s)
2026-06-03 16:58:23,040 [mulder-job_6] INFO mulder.server.app: Resource throttle: run_shimcache_parser waiting (cpu=100%>=90.0%, waited 5s)
2026-06-03 16:58:23,469 [MainThread] INFO mcp.server.lowlevel.server: Processing request of type CallToolRequest
2026-06-03 16:58:23,502 [MainThread] INFO mulder.server.app: Resource throttle: wait waiting (cpu=100%>=90.0%, waited 0s)
2026-06-03 16:58:28,039 [mulder-job_4] INFO mulder.server.app: Resource throttle: run_chainsaw waiting (cpu=100%>=90.0%, waited 10s)
2026-06-03 16:58:28,057 [mulder-job_3] INFO mulder.server.app: Resource throttle: yara_scan_files waiting (cpu=100%>=90.0%, waited 10s)
2026-06-03 16:58:28,077 [mulder-job_7] INFO mulder.server.app: Resource throttle: run_mft_parser waiting (cpu=100%>=90.0%, waited 10s)
2026-06-03 16:58:28,101 [mulder-job_6] INFO mulder.server.app: Resource throttle: run_shimcache_parser waiting (cpu=100%>=90.0%, waited 10s)
2026-06-03 16:58:28,522 [MainThread] INFO mulder.server.app: Resource throttle: wait waiting (cpu=100%>=90.0%, waited 5s)
2026-06-03 16:58:29,903 [mulder-job_1] INFO mulder.server.jobs: Job job_49d284b9 (run_amcache_parser) completed
2026-06-03 16:58:29,910 [mulder-job_1] INFO mulder.server.jobs: [JOB_COMPLETE] run_amcache_parser|completed|
2026-06-03 16:58:33,046 [mulder-job_4] INFO mulder.server.app: Resource throttle: run_chainsaw waiting (cpu=100%>=90.0%, waited 15s)
2026-06-03 16:58:33,065 [mulder-job_3] INFO mulder.server.app: Resource throttle: yara_scan_files waiting (cpu=100%>=90.0%, waited 15s)
2026-06-03 16:58:33,078 [mulder-job_7] INFO mulder.server.app: Resource throttle: run_mft_parser waiting (cpu=100%>=90.0%, waited 15s)
2026-06-03 16:58:33,103 [mulder-job_6] INFO mulder.server.app: Resource throttle: run_shimcache_parser waiting (cpu=100%>=90.0%, waited 15s)
2026-06-03 16:58:33,534 [MainThread] INFO mulder.server.app: Resource throttle: wait waiting (cpu=100%>=90.0%, waited 10s)
2026-06-03 16:58:38,053 [mulder-job_4] INFO mulder.server.app: Resource throttle: run_chainsaw waiting (cpu=100%>=90.0%, waited 20s)
2026-06-03 16:58:38,070 [mulder-job_3] INFO mulder.server.app: Resource throttle: yara_scan_files waiting (cpu=100%>=90.0%, waited 20s)
2026-06-03 16:58:38,079 [mulder-job_7] INFO mulder.server.app: Resource throttle: run_mft_parser waiting (cpu=100%>=90.0%, waited 20s)
2026-06-03 16:58:38,105 [mulder-job_6] INFO mulder.server.app: Resource throttle: run_shimcache_parser waiting (cpu=100%>=90.0%, waited 20s)
2026-06-03 16:58:38,545 [MainThread] INFO mulder.server.app: Resource throttle: wait waiting (cpu=100%>=90.0%, waited 15s)
2026-06-03 16:58:43,057 [mulder-job_4] INFO mulder.server.app: Resource throttle: run_chainsaw waiting (cpu=100%>=90.0%, waited 25s)
2026-06-03 16:58:43,079 [mulder-job_3] INFO mulder.server.app: Resource throttle: yara_scan_files waiting (cpu=100%>=90.0%, waited 25s)
2026-06-03 16:58:43,081 [mulder-job_7] INFO mulder.server.app: Resource throttle: run_mft_parser waiting (cpu=100%>=90.0%, waited 25s)
2026-06-03 16:58:43,111 [mulder-job_6] INFO mulder.server.app: Resource throttle: run_shimcache_parser waiting (cpu=100%>=90.0%, waited 25s)
2026-06-03 16:58:43,551 [MainThread] INFO mulder.server.app: Resource throttle: wait waiting (cpu=100%>=90.0%, waited 20s)
2026-06-03 16:58:48,064 [mulder-job_4] INFO mulder.server.app: Resource throttle: run_chainsaw waiting (cpu=100%>=90.0%, waited 30s)
2026-06-03 16:58:48,080 [mulder-job_3] INFO mulder.server.app: Resource throttle: yara_scan_files waiting (cpu=100%>=90.0%, waited 30s)
2026-06-03 16:58:48,086 [mulder-job_7] INFO mulder.server.app: Resource throttle: run_mft_parser waiting (cpu=100%>=90.0%, waited 30s)
2026-06-03 16:58:48,113 [mulder-job_6] INFO mulder.server.app: Resource throttle: run_shimcache_parser waiting (cpu=100%>=90.0%, waited 30s)
2026-06-03 16:58:48,557 [MainThread] INFO mulder.server.app: Resource throttle: wait waiting (cpu=100%>=90.0%, waited 25s)
2026-06-03 16:58:50,111 [mulder-job_0] INFO mulder.server.tools.extract.volatility: Volatility batch: modscan -> indexed
2026-06-03 16:58:50,132 [ThreadPoolExecutor-11_0] INFO volatility3.framework.automagic: Running automagic: SymbolCacheMagic
2026-06-03 16:58:50,237 [ThreadPoolExecutor-11_0] INFO volatility3.framework.automagic: Running automagic: ConstructionMagic
2026-06-03 16:58:50,254 [ThreadPoolExecutor-11_0] INFO volatility3.framework.automagic: Running automagic: LayerStacker
2026-06-03 16:58:50,260 [ThreadPoolExecutor-11_0] INFO volatility3.framework.automagic: Running automagic: WinSwapLayers
2026-06-03 16:58:50,260 [ThreadPoolExecutor-11_0] INFO volatility3.framework.automagic: Running automagic: KernelPDBScanner
2026-06-03 16:58:50,305 [ThreadPoolExecutor-11_0] INFO volatility3.framework.symbols.windows.pdbconv: Download PDB file...
2026-06-03 16:58:53,066 [mulder-job_4] INFO mulder.server.app: Resource throttle: run_chainsaw waiting (cpu=100%>=90.0%, waited 35s)
2026-06-03 16:58:53,081 [mulder-job_3] INFO mulder.server.app: Resource throttle: yara_scan_files waiting (cpu=100%>=90.0%, waited 35s)
2026-06-03 16:58:53,088 [mulder-job_7] INFO mulder.server.app: Resource throttle: run_mft_parser waiting (cpu=100%>=90.0%, waited 35s)
2026-06-03 16:58:53,120 [mulder-job_6] INFO mulder.server.app: Resource throttle: run_shimcache_parser waiting (cpu=100%>=90.0%, waited 35s)
2026-06-03 16:58:53,565 [MainThread] INFO mulder.server.app: Resource throttle: wait waiting (cpu=100%>=90.0%, waited 30s)
2026-06-03 16:58:58,078 [mulder-job_4] INFO mulder.server.app: Resource throttle: run_chainsaw waiting (cpu=100%>=90.0%, waited 40s)
2026-06-03 16:58:58,085 [mulder-job_3] INFO mulder.server.app: Resource throttle: yara_scan_files waiting (cpu=100%>=90.0%, waited 40s)
2026-06-03 16:58:58,091 [mulder-job_7] INFO mulder.server.app: Resource throttle: run_mft_parser waiting (cpu=100%>=90.0%, waited 40s)
2026-06-03 16:58:58,128 [mulder-job_6] INFO mulder.server.app: Resource throttle: run_shimcache_parser waiting (cpu=100%>=90.0%, waited 40s)
2026-06-03 16:58:58,571 [MainThread] INFO mulder.server.app: Resource throttle: wait waiting (cpu=100%>=90.0%, waited 35s)
2026-06-03 16:59:03,086 [mulder-job_3] INFO mulder.server.app: Resource throttle: yara_scan_files waiting (cpu=100%>=90.0%, waited 45s)
2026-06-03 16:59:03,087 [mulder-job_4] INFO mulder.server.app: Resource throttle: run_chainsaw waiting (cpu=100%>=90.0%, waited 45s)
2026-06-03 16:59:03,092 [mulder-job_7] INFO mulder.server.app: Resource throttle: run_mft_parser waiting (cpu=100%>=90.0%, waited 45s)
2026-06-03 16:59:03,131 [mulder-job_6] INFO mulder.server.app: Resource throttle: run_shimcache_parser waiting (cpu=100%>=90.0%, waited 45s)
2026-06-03 16:59:03,584 [MainThread] INFO mulder.server.app: Resource throttle: wait waiting (cpu=100%>=90.0%, waited 40s)
2026-06-03 16:59:08,091 [mulder-job_4] INFO mulder.server.app: Resource throttle: run_chainsaw waiting (cpu=100%>=90.0%, waited 50s)
2026-06-03 16:59:08,097 [mulder-job_3] INFO mulder.server.app: Resource throttle: yara_scan_files waiting (cpu=100%>=90.0%, waited 50s)
2026-06-03 16:59:08,099 [mulder-job_7] INFO mulder.server.app: Resource throttle: run_mft_parser waiting (cpu=100%>=90.0%, waited 50s)
2026-06-03 16:59:08,133 [mulder-job_6] INFO mulder.server.app: Resource throttle: run_shimcache_parser waiting (cpu=100%>=90.0%, waited 50s)
2026-06-03 16:59:08,593 [MainThread] INFO mulder.server.app: Resource throttle: wait waiting (cpu=100%>=90.0%, waited 45s)
2026-06-03 16:59:13,100 [mulder-job_4] INFO mulder.server.app: Resource throttle: run_chainsaw waiting (cpu=100%>=90.0%, waited 55s)
2026-06-03 16:59:13,103 [mulder-job_3] INFO mulder.server.app: Resource throttle: yara_scan_files waiting (cpu=100%>=90.0%, waited 55s)
2026-06-03 16:59:13,103 [mulder-job_7] INFO mulder.server.app: Resource throttle: run_mft_parser waiting (cpu=100%>=90.0%, waited 55s)
2026-06-03 16:59:13,135 [mulder-job_6] INFO mulder.server.app: Resource throttle: run_shimcache_parser waiting (cpu=100%>=90.0%, waited 55s)
2026-06-03 16:59:13,601 [MainThread] INFO mulder.server.app: Resource throttle: wait waiting (cpu=100%>=90.0%, waited 50s)
2026-06-03 16:59:17,940 [mulder-job_5] WARNING mulder.server.jobs: Job job_878f3712 (run_prefetch_parser) returned error: PECmd.dll produced no CSV output
2026-06-03 16:59:17,943 [mulder-job_5] INFO mulder.server.jobs: [JOB_COMPLETE] run_prefetch_parser|failed|PECmd.dll produced no CSV output
2026-06-03 16:59:18,104 [mulder-job_4] INFO mulder.server.app: Resource throttle: run_chainsaw waiting (cpu=100%>=90.0%, waited 60s)
2026-06-03 16:59:18,108 [mulder-job_3] INFO mulder.server.app: Resource throttle: yara_scan_files waiting (cpu=100%>=90.0%, waited 60s)
2026-06-03 16:59:18,111 [mulder-job_7] INFO mulder.server.app: Resource throttle: run_mft_parser waiting (cpu=100%>=90.0%, waited 60s)
2026-06-03 16:59:18,137 [mulder-job_6] INFO mulder.server.app: Resource throttle: run_shimcache_parser waiting (cpu=100%>=90.0%, waited 60s)
2026-06-03 16:59:18,607 [MainThread] INFO mulder.server.app: Resource throttle: wait waiting (cpu=100%>=90.0%, waited 55s)
2026-06-03 16:59:23,108 [mulder-job_4] INFO mulder.server.app: Resource throttle: run_chainsaw waiting (cpu=100%>=90.0%, waited 65s)
2026-06-03 16:59:23,110 [mulder-job_3] INFO mulder.server.app: Resource throttle: yara_scan_files waiting (cpu=100%>=90.0%, waited 65s)
2026-06-03 16:59:23,112 [mulder-job_7] INFO mulder.server.app: Resource throttle: run_mft_parser waiting (cpu=100%>=90.0%, waited 65s)
2026-06-03 16:59:23,139 [mulder-job_6] INFO mulder.server.app: Resource throttle: run_shimcache_parser waiting (cpu=100%>=90.0%, waited 65s)
2026-06-03 16:59:23,614 [MainThread] INFO mulder.server.app: Resource throttle: wait waiting (cpu=100%>=90.0%, waited 60s)
2026-06-03 16:59:26,503 [ThreadPoolExecutor-11_0] INFO volatility3.framework.automagic: Running automagic: SymbolFinder
2026-06-03 16:59:26,506 [ThreadPoolExecutor-11_0] INFO volatility3.framework.automagic: Running automagic: LinuxSymbolFinder
2026-06-03 16:59:26,507 [ThreadPoolExecutor-11_0] INFO volatility3.framework.automagic: Running automagic: MacSymbolFinder
2026-06-03 16:59:26,513 [ThreadPoolExecutor-11_0] INFO volatility3.framework.automagic: Running automagic: KernelModule
2026-06-03 16:59:26,603 [mulder-job_0] INFO mulder.server.tools.extract.volatility: Volatility batch: modules -> header_only
2026-06-03 16:59:26,606 [mulder-job_0] INFO mulder.server.jobs: Job job_52746036 (run_volatility_batch) completed
2026-06-03 16:59:26,606 [mulder-job_0] INFO mulder.server.jobs: [JOB_COMPLETE] run_volatility_batch|completed|
2026-06-03 16:59:28,111 [mulder-job_4] INFO mulder.server.app: Resource throttle: run_chainsaw waiting (cpu=100%>=90.0%, waited 70s)
2026-06-03 16:59:28,114 [mulder-job_7] INFO mulder.server.app: Resource throttle: run_mft_parser waiting (cpu=100%>=90.0%, waited 70s)
2026-06-03 16:59:28,114 [mulder-job_3] INFO mulder.server.app: Resource throttle: yara_scan_files waiting (cpu=100%>=90.0%, waited 70s)
2026-06-03 16:59:28,141 [mulder-job_6] INFO mulder.server.app: Resource throttle: run_shimcache_parser waiting (cpu=100%>=90.0%, waited 70s)
2026-06-03 16:59:28,623 [MainThread] INFO mulder.server.app: Resource throttle: wait waiting (cpu=100%>=90.0%, waited 65s)
2026-06-03 16:59:33,119 [mulder-job_7] INFO mulder.server.app: Resource throttle: run_mft_parser waiting (cpu=100%>=90.0%, waited 75s)
2026-06-03 16:59:33,125 [mulder-job_3] INFO mulder.server.app: Resource throttle: yara_scan_files waiting (cpu=100%>=90.0%, waited 75s)
2026-06-03 16:59:33,125 [mulder-job_4] INFO mulder.server.app: Resource throttle: run_chainsaw waiting (cpu=100%>=90.0%, waited 75s)
2026-06-03 16:59:33,143 [mulder-job_6] INFO mulder.server.app: Resource throttle: run_shimcache_parser waiting (cpu=100%>=90.0%, waited 75s)
2026-06-03 16:59:33,631 [MainThread] INFO mulder.server.app: Resource throttle: wait waiting (cpu=100%>=90.0%, waited 70s)
2026-06-03 16:59:38,187 [mulder-job_6] INFO mulder.server.app: Resource throttle: run_shimcache_parser waiting (cpu=100%>=90.0%, waited 80s)
2026-06-03 16:59:38,194 [mulder-job_4] INFO mulder.server.app: Resource throttle: run_chainsaw waiting (cpu=100%>=90.0%, waited 80s)
2026-06-03 16:59:38,196 [mulder-job_7] INFO mulder.server.app: Resource throttle: run_mft_parser waiting (cpu=100%>=90.0%, waited 80s)
2026-06-03 16:59:38,222 [mulder-job_3] INFO mulder.server.app: Resource throttle: yara_scan_files waiting (cpu=100%>=90.0%, waited 80s)
2026-06-03 16:59:38,945 [MainThread] INFO mulder.server.app: Resource throttle: wait waiting (cpu=100%>=90.0%, waited 75s)
2026-06-03 16:59:43,235 [mulder-job_6] INFO mulder.server.app: Resource throttle: run_shimcache_parser waiting (cpu=100%>=90.0%, waited 85s)
2026-06-03 16:59:43,243 [mulder-job_4] INFO mulder.server.app: Resource throttle: run_chainsaw waiting (cpu=100%>=90.0%, waited 85s)
2026-06-03 16:59:43,257 [mulder-job_7] INFO mulder.server.app: Resource throttle: run_mft_parser waiting (cpu=100%>=90.0%, waited 85s)
2026-06-03 16:59:43,269 [mulder-job_3] INFO mulder.server.app: Resource throttle: yara_scan_files waiting (cpu=100%>=90.0%, waited 85s)
2026-06-03 16:59:43,959 [MainThread] INFO mulder.server.app: Resource throttle: wait waiting (cpu=100%>=90.0%, waited 80s)
2026-06-03 16:59:45,193 [MainThread] INFO mcp.server.lowlevel.server: Warning: FutureWarning: This API (volatility3.plugins.windows.malware.malfind.Malfind.run) will be removed in the first release after 2026-06-07. This plugin has been renamed, please call volatility3.plugins.windows.malware.malfind.Malfind rather than volatility3.plugins.windows.malfind.Malfind.
2026-06-03 16:59:48,243 [mulder-job_6] INFO mulder.server.app: Resource throttle: run_shimcache_parser waiting (cpu=100%>=90.0%, waited 90s)
2026-06-03 16:59:48,250 [mulder-job_4] INFO mulder.server.app: Resource throttle: run_chainsaw waiting (cpu=100%>=90.0%, waited 90s)
2026-06-03 16:59:48,259 [mulder-job_7] INFO mulder.server.app: Resource throttle: run_mft_parser waiting (cpu=100%>=90.0%, waited 90s)
2026-06-03 16:59:48,270 [mulder-job_3] INFO mulder.server.app: Resource throttle: yara_scan_files waiting (cpu=100%>=90.0%, waited 90s)
2026-06-03 16:59:48,977 [MainThread] INFO mulder.server.app: Resource throttle: wait waiting (cpu=100%>=90.0%, waited 85s)
2026-06-03 16:59:53,190 [MainThread] INFO mcp.server.lowlevel.server: Processing request of type CallToolRequest
2026-06-03 16:59:53,205 [MainThread] INFO mulder.server.app: Resource throttle: wait waiting (cpu=100%>=90.0%, waited 0s)
2026-06-03 16:59:53,255 [mulder-job_6] INFO mulder.server.app: Resource throttle: run_shimcache_parser waiting (cpu=100%>=90.0%, waited 95s)
2026-06-03 16:59:53,257 [mulder-job_4] INFO mulder.server.app: Resource throttle: run_chainsaw waiting (cpu=100%>=90.0%, waited 95s)
2026-06-03 16:59:53,261 [mulder-job_7] INFO mulder.server.app: Resource throttle: run_mft_parser waiting (cpu=100%>=90.0%, waited 95s)
2026-06-03 16:59:53,271 [mulder-job_3] INFO mulder.server.app: Resource throttle: yara_scan_files waiting (cpu=100%>=90.0%, waited 95s)
2026-06-03 16:59:53,988 [MainThread] INFO mulder.server.app: Resource throttle: wait waiting (cpu=100%>=90.0%, waited 90s)
2026-06-03 16:59:58,216 [MainThread] INFO mulder.server.app: Resource throttle: wait waiting (cpu=100%>=90.0%, waited 5s)
2026-06-03 16:59:58,265 [mulder-job_4] INFO mulder.server.app: Resource throttle: run_chainsaw waiting (cpu=100%>=90.0%, waited 100s)
2026-06-03 16:59:58,267 [mulder-job_6] INFO mulder.server.app: Resource throttle: run_shimcache_parser waiting (cpu=100%>=90.0%, waited 100s)
2026-06-03 16:59:58,267 [mulder-job_7] INFO mulder.server.app: Resource throttle: run_mft_parser waiting (cpu=100%>=90.0%, waited 100s)
2026-06-03 16:59:58,274 [mulder-job_3] INFO mulder.server.app: Resource throttle: yara_scan_files waiting (cpu=100%>=90.0%, waited 100s)
2026-06-03 16:59:58,997 [MainThread] INFO mulder.server.app: Resource throttle: wait waiting (cpu=100%>=90.0%, waited 95s)
2026-06-03 17:00:03,228 [MainThread] INFO mulder.server.app: Resource throttle: wait waiting (cpu=100%>=90.0%, waited 10s)
2026-06-03 17:00:03,273 [mulder-job_4] INFO mulder.server.app: Resource throttle: run_chainsaw waiting (cpu=100%>=90.0%, waited 105s)
2026-06-03 17:00:03,274 [mulder-job_6] INFO mulder.server.app: Resource throttle: run_shimcache_parser waiting (cpu=100%>=90.0%, waited 105s)
2026-06-03 17:00:03,275 [mulder-job_3] INFO mulder.server.app: Resource throttle: yara_scan_files waiting (cpu=100%>=90.0%, waited 105s)
2026-06-03 17:00:03,275 [mulder-job_7] INFO mulder.server.app: Resource throttle: run_mft_parser waiting (cpu=100%>=90.0%, waited 105s)
2026-06-03 17:00:04,030 [MainThread] INFO mulder.server.app: Resource throttle: wait waiting (cpu=100%>=90.0%, waited 100s)
2026-06-03 17:00:05,108 [mulder-job_0] INFO mulder.server.jobs: Job job_d654b670 (run_evtx_parser) completed
2026-06-03 17:00:05,112 [mulder-job_0] INFO mulder.server.jobs: [JOB_COMPLETE] run_evtx_parser|completed|
2026-06-03 17:00:08,238 [MainThread] INFO mulder.server.app: Resource throttle: wait waiting (cpu=100%>=90.0%, waited 15s)
2026-06-03 17:00:08,278 [mulder-job_6] INFO mulder.server.app: Resource throttle: run_shimcache_parser waiting (cpu=100%>=90.0%, waited 110s)
2026-06-03 17:00:08,279 [mulder-job_3] INFO mulder.server.app: Resource throttle: yara_scan_files waiting (cpu=100%>=90.0%, waited 110s)
2026-06-03 17:00:08,280 [mulder-job_7] INFO mulder.server.app: Resource throttle: run_mft_parser waiting (cpu=100%>=90.0%, waited 110s)
2026-06-03 17:00:08,280 [mulder-job_4] INFO mulder.server.app: Resource throttle: run_chainsaw waiting (cpu=100%>=90.0%, waited 110s)
2026-06-03 17:00:09,042 [MainThread] INFO mulder.server.app: Resource throttle: wait waiting (cpu=100%>=90.0%, waited 105s)
2026-06-03 17:00:13,246 [MainThread] INFO mulder.server.app: Resource throttle: wait waiting (cpu=100%>=90.0%, waited 20s)
2026-06-03 17:00:13,281 [mulder-job_6] INFO mulder.server.app: Resource throttle: run_shimcache_parser waiting (cpu=100%>=90.0%, waited 115s)
2026-06-03 17:00:13,283 [mulder-job_7] INFO mulder.server.app: Resource throttle: run_mft_parser waiting (cpu=100%>=90.0%, waited 115s)
2026-06-03 17:00:13,284 [mulder-job_4] INFO mulder.server.app: Resource throttle: run_chainsaw waiting (cpu=100%>=90.0%, waited 115s)
2026-06-03 17:00:13,284 [mulder-job_3] INFO mulder.server.app: Resource throttle: yara_scan_files waiting (cpu=100%>=90.0%, waited 115s)
2026-06-03 17:00:14,050 [MainThread] INFO mulder.server.app: Resource throttle: wait waiting (cpu=100%>=90.0%, waited 110s)
2026-06-03 17:00:18,254 [MainThread] INFO mulder.server.app: Resource throttle: wait waiting (cpu=100%>=90.0%, waited 25s)
2026-06-03 17:00:18,284 [mulder-job_6] INFO mulder.server.app: Resource throttle: run_shimcache_parser waiting (cpu=100%>=90.0%, waited 120s)
2026-06-03 17:00:18,285 [mulder-job_7] INFO mulder.server.app: Resource throttle: run_mft_parser waiting (cpu=100%>=90.0%, waited 120s)
2026-06-03 17:00:18,285 [mulder-job_3] INFO mulder.server.app: Resource throttle: yara_scan_files waiting (cpu=100%>=90.0%, waited 120s)
2026-06-03 17:00:18,285 [mulder-job_4] INFO mulder.server.app: Resource throttle: run_chainsaw waiting (cpu=100%>=90.0%, waited 120s)
2026-06-03 17:00:19,057 [MainThread] INFO mulder.server.app: Resource throttle: wait waiting (cpu=100%>=90.0%, waited 115s)
2026-06-03 17:00:23,263 [MainThread] INFO mulder.server.app: Resource throttle: wait waiting (cpu=100%>=90.0%, waited 30s)
2026-06-03 17:00:23,288 [mulder-job_6] INFO mulder.server.app: Resource throttle: run_shimcache_parser waiting (cpu=100%>=90.0%, waited 125s)
2026-06-03 17:00:23,292 [mulder-job_4] INFO mulder.server.app: Resource throttle: run_chainsaw waiting (cpu=100%>=90.0%, waited 125s)
2026-06-03 17:00:23,292 [mulder-job_7] INFO mulder.server.app: Resource throttle: run_mft_parser waiting (cpu=100%>=90.0%, waited 125s)
2026-06-03 17:00:23,292 [mulder-job_3] INFO mulder.server.app: Resource throttle: yara_scan_files waiting (cpu=100%>=90.0%, waited 125s)
2026-06-03 17:00:24,066 [MainThread] INFO mulder.server.app: Resource throttle: wait waiting (cpu=100%>=90.0%, waited 120s)
2026-06-03 17:00:28,293 [MainThread] INFO mulder.server.app: Resource throttle: wait waiting (cpu=100%>=90.0%, waited 35s)
2026-06-03 17:00:28,300 [mulder-job_6] INFO mulder.server.app: Resource throttle: run_shimcache_parser waiting (cpu=100%>=90.0%, waited 130s)
2026-06-03 17:00:28,303 [mulder-job_4] INFO mulder.server.app: Resource throttle: run_chainsaw waiting (cpu=100%>=90.0%, waited 130s)
2026-06-03 17:00:28,303 [mulder-job_7] INFO mulder.server.app: Resource throttle: run_mft_parser waiting (cpu=100%>=90.0%, waited 130s)
2026-06-03 17:00:28,304 [mulder-job_3] INFO mulder.server.app: Resource throttle: yara_scan_files waiting (cpu=100%>=90.0%, waited 130s)
2026-06-03 17:00:29,072 [MainThread] INFO mulder.server.app: Resource throttle: wait waiting (cpu=100%>=90.0%, waited 125s)
2026-06-03 17:00:33,299 [MainThread] INFO mulder.server.app: Resource throttle: wait waiting (cpu=100%>=90.0%, waited 40s)
2026-06-03 17:00:33,305 [mulder-job_3] INFO mulder.server.app: Resource throttle: yara_scan_files waiting (cpu=100%>=90.0%, waited 135s)
2026-06-03 17:00:33,306 [mulder-job_6] INFO mulder.server.app: Resource throttle: run_shimcache_parser waiting (cpu=100%>=90.0%, waited 135s)
2026-06-03 17:00:33,314 [mulder-job_4] INFO mulder.server.app: Resource throttle: run_chainsaw waiting (cpu=100%>=90.0%, waited 135s)
2026-06-03 17:00:33,315 [mulder-job_7] INFO mulder.server.app: Resource throttle: run_mft_parser waiting (cpu=100%>=90.0%, waited 135s)
2026-06-03 17:00:34,084 [MainThread] INFO mulder.server.app: Resource throttle: wait waiting (cpu=100%>=90.0%, waited 130s)
2026-06-03 17:00:38,316 [mulder-job_7] INFO mulder.server.app: Resource throttle: run_mft_parser waiting (cpu=100%>=90.0%, waited 140s)
2026-06-03 17:00:38,316 [MainThread] INFO mulder.server.app: Resource throttle: wait waiting (cpu=100%>=90.0%, waited 45s)
2026-06-03 17:00:38,319 [mulder-job_6] INFO mulder.server.app: Resource throttle: run_shimcache_parser waiting (cpu=100%>=90.0%, waited 140s)
2026-06-03 17:00:38,320 [mulder-job_3] INFO mulder.server.app: Resource throttle: yara_scan_files waiting (cpu=100%>=90.0%, waited 140s)
2026-06-03 17:00:38,321 [mulder-job_4] INFO mulder.server.app: Resource throttle: run_chainsaw waiting (cpu=100%>=90.0%, waited 140s)
2026-06-03 17:00:39,090 [MainThread] INFO mulder.server.app: Resource throttle: wait waiting (cpu=100%>=90.0%, waited 135s)
2026-06-03 17:00:43,325 [mulder-job_7] INFO mulder.server.app: Resource throttle: run_mft_parser waiting (cpu=100%>=90.0%, waited 145s)
2026-06-03 17:00:43,331 [MainThread] INFO mulder.server.app: Resource throttle: wait waiting (cpu=100%>=90.0%, waited 50s)
2026-06-03 17:00:43,328 [mulder-job_6] INFO mulder.server.app: Resource throttle: run_shimcache_parser waiting (cpu=100%>=90.0%, waited 145s)
2026-06-03 17:00:43,328 [mulder-job_3] INFO mulder.server.app: Resource throttle: yara_scan_files waiting (cpu=100%>=90.0%, waited 145s)
2026-06-03 17:00:43,329 [mulder-job_4] INFO mulder.server.app: Resource throttle: run_chainsaw waiting (cpu=100%>=90.0%, waited 145s)
2026-06-03 17:00:44,097 [MainThread] INFO mulder.server.app: Resource throttle: wait waiting (cpu=100%>=90.0%, waited 140s)
2026-06-03 17:00:48,330 [mulder-job_7] INFO mulder.server.app: Resource throttle: run_mft_parser waiting (cpu=100%>=90.0%, waited 150s)
2026-06-03 17:00:48,337 [mulder-job_6] INFO mulder.server.app: Resource throttle: run_shimcache_parser waiting (cpu=100%>=90.0%, waited 150s)
2026-06-03 17:00:48,338 [mulder-job_4] INFO mulder.server.app: Resource throttle: run_chainsaw waiting (cpu=100%>=90.0%, waited 150s)
2026-06-03 17:00:48,339 [mulder-job_3] INFO mulder.server.app: Resource throttle: yara_scan_files waiting (cpu=100%>=90.0%, waited 150s)
2026-06-03 17:00:48,344 [MainThread] INFO mulder.server.app: Resource throttle: wait waiting (cpu=100%>=90.0%, waited 55s)
2026-06-03 17:00:49,109 [MainThread] INFO mulder.server.app: Resource throttle: wait waiting (cpu=100%>=90.0%, waited 145s)
2026-06-03 17:00:53,340 [mulder-job_7] INFO mulder.server.app: Resource throttle: run_mft_parser waiting (cpu=100%>=90.0%, waited 155s)
2026-06-03 17:00:53,343 [mulder-job_6] INFO mulder.server.app: Resource throttle: run_shimcache_parser waiting (cpu=100%>=90.0%, waited 155s)
2026-06-03 17:00:53,344 [mulder-job_4] INFO mulder.server.app: Resource throttle: run_chainsaw waiting (cpu=100%>=90.0%, waited 155s)
2026-06-03 17:00:53,346 [mulder-job_3] INFO mulder.server.app: Resource throttle: yara_scan_files waiting (cpu=100%>=90.0%, waited 155s)
2026-06-03 17:00:53,360 [MainThread] INFO mulder.server.app: Resource throttle: wait waiting (cpu=100%>=90.0%, waited 60s)
2026-06-03 17:00:54,122 [MainThread] INFO mulder.server.app: Resource throttle: wait waiting (cpu=100%>=90.0%, waited 150s)
2026-06-03 17:00:58,343 [mulder-job_7] INFO mulder.server.app: Resource throttle: run_mft_parser waiting (cpu=100%>=90.0%, waited 160s)
2026-06-03 17:00:58,344 [mulder-job_6] INFO mulder.server.app: Resource throttle: run_shimcache_parser waiting (cpu=100%>=90.0%, waited 160s)
2026-06-03 17:00:58,345 [mulder-job_4] INFO mulder.server.app: Resource throttle: run_chainsaw waiting (cpu=100%>=90.0%, waited 160s)
2026-06-03 17:00:58,347 [mulder-job_3] INFO mulder.server.app: Resource throttle: yara_scan_files waiting (cpu=100%>=90.0%, waited 160s)
2026-06-03 17:00:58,366 [MainThread] INFO mulder.server.app: Resource throttle: wait waiting (cpu=100%>=90.0%, waited 65s)
2026-06-03 17:00:59,128 [MainThread] INFO mulder.server.app: Resource throttle: wait waiting (cpu=100%>=90.0%, waited 155s)
2026-06-03 17:01:03,347 [mulder-job_7] INFO mulder.server.app: Resource throttle: run_mft_parser waiting (cpu=100%>=90.0%, waited 165s)
2026-06-03 17:01:03,350 [mulder-job_3] INFO mulder.server.app: Resource throttle: yara_scan_files waiting (cpu=100%>=90.0%, waited 165s)
2026-06-03 17:01:03,350 [mulder-job_4] INFO mulder.server.app: Resource throttle: run_chainsaw waiting (cpu=100%>=90.0%, waited 165s)
2026-06-03 17:01:03,351 [mulder-job_6] INFO mulder.server.app: Resource throttle: run_shimcache_parser waiting (cpu=100%>=90.0%, waited 165s)
2026-06-03 17:01:03,376 [MainThread] INFO mulder.server.app: Resource throttle: wait waiting (cpu=100%>=90.0%, waited 70s)
2026-06-03 17:01:04,142 [MainThread] INFO mulder.server.app: Resource throttle: wait waiting (cpu=100%>=90.0%, waited 160s)
2026-06-03 17:01:08,351 [mulder-job_7] INFO mulder.server.app: Resource throttle: run_mft_parser waiting (cpu=100%>=90.0%, waited 170s)
2026-06-03 17:01:08,353 [mulder-job_6] INFO mulder.server.app: Resource throttle: run_shimcache_parser waiting (cpu=100%>=90.0%, waited 170s)
2026-06-03 17:01:08,353 [mulder-job_4] INFO mulder.server.app: Resource throttle: run_chainsaw waiting (cpu=100%>=90.0%, waited 170s)
2026-06-03 17:01:08,352 [mulder-job_3] INFO mulder.server.app: Resource throttle: yara_scan_files waiting (cpu=100%>=90.0%, waited 170s)
2026-06-03 17:01:08,383 [MainThread] INFO mulder.server.app: Resource throttle: wait waiting (cpu=100%>=90.0%, waited 75s)
2026-06-03 17:01:09,148 [MainThread] INFO mulder.server.app: Resource throttle: wait waiting (cpu=100%>=90.0%, waited 165s)
2026-06-03 17:01:13,360 [mulder-job_7] INFO mulder.server.app: Resource throttle: run_mft_parser waiting (cpu=100%>=90.0%, waited 175s)
2026-06-03 17:01:13,362 [mulder-job_6] INFO mulder.server.app: Resource throttle: run_shimcache_parser waiting (cpu=100%>=90.0%, waited 175s)
2026-06-03 17:01:13,362 [mulder-job_4] INFO mulder.server.app: Resource throttle: run_chainsaw waiting (cpu=100%>=90.0%, waited 175s)
2026-06-03 17:01:13,362 [mulder-job_3] INFO mulder.server.app: Resource throttle: yara_scan_files waiting (cpu=100%>=90.0%, waited 175s)
2026-06-03 17:01:13,396 [MainThread] INFO mulder.server.app: Resource throttle: wait waiting (cpu=100%>=90.0%, waited 80s)
2026-06-03 17:01:14,159 [MainThread] INFO mulder.server.app: Resource throttle: wait waiting (cpu=100%>=90.0%, waited 170s)
2026-06-03 17:01:18,367 [mulder-job_7] INFO mulder.server.app: Resource throttle: run_mft_parser waiting (cpu=100%>=90.0%, waited 180s)
2026-06-03 17:01:18,372 [mulder-job_3] INFO mulder.server.app: Resource throttle: yara_scan_files waiting (cpu=100%>=90.0%, waited 180s)
2026-06-03 17:01:18,373 [mulder-job_4] INFO mulder.server.app: Resource throttle: run_chainsaw waiting (cpu=100%>=90.0%, waited 180s)
2026-06-03 17:01:18,375 [mulder-job_6] INFO mulder.server.app: Resource throttle: run_shimcache_parser waiting (cpu=100%>=90.0%, waited 180s)
2026-06-03 17:01:18,408 [MainThread] INFO mulder.server.app: Resource throttle: wait waiting (cpu=100%>=90.0%, waited 85s)
2026-06-03 17:01:19,167 [MainThread] INFO mulder.server.app: Resource throttle: wait waiting (cpu=100%>=90.0%, waited 175s)
2026-06-03 17:01:23,376 [mulder-job_7] INFO mulder.server.app: Resource throttle: run_mft_parser waiting (cpu=100%>=90.0%, waited 185s)
2026-06-03 17:01:23,377 [mulder-job_6] INFO mulder.server.app: Resource throttle: run_shimcache_parser waiting (cpu=100%>=90.0%, waited 185s)
2026-06-03 17:01:23,378 [mulder-job_4] INFO mulder.server.app: Resource throttle: run_chainsaw waiting (cpu=100%>=90.0%, waited 185s)
2026-06-03 17:01:23,379 [mulder-job_3] INFO mulder.server.app: Resource throttle: yara_scan_files waiting (cpu=100%>=90.0%, waited 185s)
2026-06-03 17:01:23,416 [MainThread] INFO mulder.server.app: Resource throttle: wait waiting (cpu=100%>=90.0%, waited 90s)
2026-06-03 17:01:24,177 [MainThread] INFO mulder.server.app: Resource throttle: wait waiting (cpu=100%>=90.0%, waited 180s)
2026-06-03 17:01:28,380 [mulder-job_7] INFO mulder.server.app: Resource throttle: run_mft_parser waiting (cpu=100%>=90.0%, waited 190s)
2026-06-03 17:01:28,381 [mulder-job_6] INFO mulder.server.app: Resource throttle: run_shimcache_parser waiting (cpu=100%>=90.0%, waited 190s)
2026-06-03 17:01:28,381 [mulder-job_3] INFO mulder.server.app: Resource throttle: yara_scan_files waiting (cpu=100%>=90.0%, waited 190s)
2026-06-03 17:01:28,381 [mulder-job_4] INFO mulder.server.app: Resource throttle: run_chainsaw waiting (cpu=100%>=90.0%, waited 190s)
2026-06-03 17:01:28,423 [MainThread] INFO mulder.server.app: Resource throttle: wait waiting (cpu=100%>=90.0%, waited 95s)
2026-06-03 17:01:29,186 [MainThread] INFO mulder.server.app: Resource throttle: wait waiting (cpu=100%>=90.0%, waited 185s)
2026-06-03 17:01:33,387 [mulder-job_7] INFO mulder.server.app: Resource throttle: run_mft_parser waiting (cpu=100%>=90.0%, waited 195s)
2026-06-03 17:01:33,388 [mulder-job_6] INFO mulder.server.app: Resource throttle: run_shimcache_parser waiting (cpu=100%>=90.0%, waited 195s)
2026-06-03 17:01:33,389 [mulder-job_4] INFO mulder.server.app: Resource throttle: run_chainsaw waiting (cpu=100%>=90.0%, waited 195s)
2026-06-03 17:01:33,389 [mulder-job_3] INFO mulder.server.app: Resource throttle: yara_scan_files waiting (cpu=100%>=90.0%, waited 195s)
2026-06-03 17:01:33,431 [MainThread] INFO mulder.server.app: Resource throttle: wait waiting (cpu=100%>=90.0%, waited 100s)
2026-06-03 17:01:34,199 [MainThread] INFO mulder.server.app: Resource throttle: wait waiting (cpu=100%>=90.0%, waited 190s)
2026-06-03 17:01:38,390 [mulder-job_7] INFO mulder.server.app: Resource throttle: run_mft_parser waiting (cpu=100%>=90.0%, waited 200s)
2026-06-03 17:01:38,391 [mulder-job_6] INFO mulder.server.app: Resource throttle: run_shimcache_parser waiting (cpu=100%>=90.0%, waited 200s)
2026-06-03 17:01:38,393 [mulder-job_4] INFO mulder.server.app: Resource throttle: run_chainsaw waiting (cpu=100%>=90.0%, waited 200s)
2026-06-03 17:01:38,396 [mulder-job_3] INFO mulder.server.app: Resource throttle: yara_scan_files waiting (cpu=100%>=90.0%, waited 200s)
2026-06-03 17:01:38,441 [MainThread] INFO mulder.server.app: Resource throttle: wait waiting (cpu=100%>=90.0%, waited 105s)
2026-06-03 17:01:39,209 [MainThread] INFO mulder.server.app: Resource throttle: wait waiting (cpu=100%>=90.0%, waited 195s)
2026-06-03 17:01:43,395 [mulder-job_4] INFO mulder.server.app: Resource throttle: run_chainsaw waiting (cpu=100%>=90.0%, waited 205s)
2026-06-03 17:01:43,403 [mulder-job_6] INFO mulder.server.app: Resource throttle: run_shimcache_parser waiting (cpu=100%>=90.0%, waited 205s)
2026-06-03 17:01:43,403 [mulder-job_3] INFO mulder.server.app: Resource throttle: yara_scan_files waiting (cpu=100%>=90.0%, waited 205s)
2026-06-03 17:01:43,403 [mulder-job_7] INFO mulder.server.app: Resource throttle: run_mft_parser waiting (cpu=100%>=90.0%, waited 205s)
2026-06-03 17:01:43,450 [MainThread] INFO mulder.server.app: Resource throttle: wait waiting (cpu=100%>=90.0%, waited 110s)
2026-06-03 17:01:44,218 [MainThread] INFO mulder.server.app: Resource throttle: wait waiting (cpu=100%>=90.0%, waited 200s)
2026-06-03 17:01:48,406 [mulder-job_4] INFO mulder.server.app: Resource throttle: run_chainsaw waiting (cpu=100%>=90.0%, waited 210s)
2026-06-03 17:01:48,407 [mulder-job_3] INFO mulder.server.app: Resource throttle: yara_scan_files waiting (cpu=100%>=90.0%, waited 210s)
2026-06-03 17:01:48,408 [mulder-job_7] INFO mulder.server.app: Resource throttle: run_mft_parser waiting (cpu=100%>=90.0%, waited 210s)
2026-06-03 17:01:48,408 [mulder-job_6] INFO mulder.server.app: Resource throttle: run_shimcache_parser waiting (cpu=100%>=90.0%, waited 210s)
2026-06-03 17:01:48,463 [MainThread] INFO mulder.server.app: Resource throttle: wait waiting (cpu=100%>=90.0%, waited 115s)
2026-06-03 17:01:49,224 [MainThread] INFO mulder.server.app: Resource throttle: wait waiting (cpu=100%>=90.0%, waited 205s)
2026-06-03 17:01:53,409 [mulder-job_7] INFO mulder.server.app: Resource throttle: run_mft_parser waiting (cpu=100%>=90.0%, waited 215s)
2026-06-03 17:01:53,410 [mulder-job_6] INFO mulder.server.app: Resource throttle: run_shimcache_parser waiting (cpu=100%>=90.0%, waited 215s)
2026-06-03 17:01:53,411 [mulder-job_3] INFO mulder.server.app: Resource throttle: yara_scan_files waiting (cpu=100%>=90.0%, waited 215s)
2026-06-03 17:01:53,411 [mulder-job_4] INFO mulder.server.app: Resource throttle: run_chainsaw waiting (cpu=100%>=90.0%, waited 215s)
2026-06-03 17:01:53,471 [MainThread] INFO mulder.server.app: Resource throttle: wait waiting (cpu=100%>=90.0%, waited 120s)
2026-06-03 17:01:54,236 [MainThread] INFO mulder.server.app: Resource throttle: wait waiting (cpu=100%>=90.0%, waited 210s)
2026-06-03 17:01:58,413 [mulder-job_6] INFO mulder.server.app: Resource throttle: run_shimcache_parser waiting (cpu=100%>=90.0%, waited 220s)
2026-06-03 17:01:58,417 [mulder-job_3] INFO mulder.server.app: Resource throttle: yara_scan_files waiting (cpu=100%>=90.0%, waited 220s)
2026-06-03 17:01:58,417 [mulder-job_4] INFO mulder.server.app: Resource throttle: run_chainsaw waiting (cpu=100%>=90.0%, waited 220s)
2026-06-03 17:01:58,417 [mulder-job_7] INFO mulder.server.app: Resource throttle: run_mft_parser waiting (cpu=100%>=90.0%, waited 220s)
2026-06-03 17:01:58,479 [MainThread] INFO mulder.server.app: Resource throttle: wait waiting (cpu=100%>=90.0%, waited 125s)
2026-06-03 17:01:59,245 [MainThread] INFO mulder.server.app: Resource throttle: wait waiting (cpu=100%>=90.0%, waited 215s)
2026-06-03 17:02:03,423 [mulder-job_6] INFO mulder.server.app: Resource throttle: run_shimcache_parser waiting (cpu=100%>=90.0%, waited 225s)
2026-06-03 17:02:03,427 [mulder-job_4] INFO mulder.server.app: Resource throttle: run_chainsaw waiting (cpu=100%>=90.0%, waited 225s)
2026-06-03 17:02:03,427 [mulder-job_7] INFO mulder.server.app: Resource throttle: run_mft_parser waiting (cpu=100%>=90.0%, waited 225s)
2026-06-03 17:02:03,428 [mulder-job_3] INFO mulder.server.app: Resource throttle: yara_scan_files waiting (cpu=100%>=90.0%, waited 225s)
2026-06-03 17:02:03,489 [MainThread] INFO mulder.server.app: Resource throttle: wait waiting (cpu=100%>=90.0%, waited 130s)
2026-06-03 17:02:04,255 [MainThread] INFO mulder.server.app: Resource throttle: wait waiting (cpu=100%>=90.0%, waited 220s)
2026-06-03 17:02:08,426 [mulder-job_6] INFO mulder.server.app: Resource throttle: run_shimcache_parser waiting (cpu=100%>=90.0%, waited 230s)
2026-06-03 17:02:08,432 [mulder-job_4] INFO mulder.server.app: Resource throttle: run_chainsaw waiting (cpu=100%>=90.0%, waited 230s)
2026-06-03 17:02:08,432 [mulder-job_7] INFO mulder.server.app: Resource throttle: run_mft_parser waiting (cpu=100%>=90.0%, waited 230s)
2026-06-03 17:02:08,433 [mulder-job_3] INFO mulder.server.app: Resource throttle: yara_scan_files waiting (cpu=100%>=90.0%, waited 230s)
2026-06-03 17:02:08,497 [MainThread] INFO mulder.server.app: Resource throttle: wait waiting (cpu=100%>=90.0%, waited 135s)
2026-06-03 17:02:09,263 [MainThread] INFO mulder.server.app: Resource throttle: wait waiting (cpu=100%>=90.0%, waited 225s)
2026-06-03 17:02:13,436 [mulder-job_6] INFO mulder.server.app: Resource throttle: run_shimcache_parser waiting (cpu=100%>=90.0%, waited 235s)
2026-06-03 17:02:13,438 [mulder-job_7] INFO mulder.server.app: Resource throttle: run_mft_parser waiting (cpu=100%>=90.0%, waited 235s)
2026-06-03 17:02:13,438 [mulder-job_3] INFO mulder.server.app: Resource throttle: yara_scan_files waiting (cpu=100%>=90.0%, waited 235s)
2026-06-03 17:02:13,438 [mulder-job_4] INFO mulder.server.app: Resource throttle: run_chainsaw waiting (cpu=100%>=90.0%, waited 235s)
2026-06-03 17:02:13,508 [MainThread] INFO mulder.server.app: Resource throttle: wait waiting (cpu=100%>=90.0%, waited 140s)
2026-06-03 17:02:14,269 [MainThread] INFO mulder.server.app: Resource throttle: wait waiting (cpu=100%>=90.0%, waited 230s)
2026-06-03 17:02:18,443 [mulder-job_6] INFO mulder.server.app: Resource throttle: run_shimcache_parser waiting (cpu=100%>=90.0%, waited 240s)
2026-06-03 17:02:18,444 [mulder-job_7] INFO mulder.server.app: Resource throttle: run_mft_parser waiting (cpu=100%>=90.0%, waited 240s)
2026-06-03 17:02:18,447 [mulder-job_3] INFO mulder.server.app: Resource throttle: yara_scan_files waiting (cpu=100%>=90.0%, waited 240s)
2026-06-03 17:02:18,448 [mulder-job_4] INFO mulder.server.app: Resource throttle: run_chainsaw waiting (cpu=100%>=90.0%, waited 240s)
2026-06-03 17:02:18,517 [MainThread] INFO mulder.server.app: Resource throttle: wait waiting (cpu=100%>=90.0%, waited 145s)
2026-06-03 17:02:19,279 [MainThread] INFO mulder.server.app: Resource throttle: wait waiting (cpu=100%>=90.0%, waited 235s)
2026-06-03 17:02:23,448 [mulder-job_6] INFO mulder.server.app: Resource throttle: run_shimcache_parser waiting (cpu=100%>=90.0%, waited 245s)
2026-06-03 17:02:23,449 [mulder-job_4] INFO mulder.server.app: Resource throttle: run_chainsaw waiting (cpu=100%>=90.0%, waited 245s)
2026-06-03 17:02:23,450 [mulder-job_3] INFO mulder.server.app: Resource throttle: yara_scan_files waiting (cpu=100%>=90.0%, waited 245s)
2026-06-03 17:02:23,449 [mulder-job_7] INFO mulder.server.app: Resource throttle: run_mft_parser waiting (cpu=100%>=90.0%, waited 245s)
2026-06-03 17:02:23,527 [MainThread] INFO mulder.server.app: Resource throttle: wait waiting (cpu=100%>=90.0%, waited 150s)
2026-06-03 17:02:24,285 [MainThread] INFO mulder.server.app: Resource throttle: wait waiting (cpu=100%>=90.0%, waited 240s)
2026-06-03 17:02:28,451 [mulder-job_6] INFO mulder.server.app: Resource throttle: run_shimcache_parser waiting (cpu=100%>=90.0%, waited 250s)
2026-06-03 17:02:28,452 [mulder-job_7] INFO mulder.server.app: Resource throttle: run_mft_parser waiting (cpu=100%>=90.0%, waited 250s)
2026-06-03 17:02:28,452 [mulder-job_4] INFO mulder.server.app: Resource throttle: run_chainsaw waiting (cpu=100%>=90.0%, waited 250s)
2026-06-03 17:02:28,453 [mulder-job_3] INFO mulder.server.app: Resource throttle: yara_scan_files waiting (cpu=100%>=90.0%, waited 250s)
2026-06-03 17:02:28,538 [MainThread] INFO mulder.server.app: Resource throttle: wait waiting (cpu=100%>=90.0%, waited 155s)
2026-06-03 17:02:29,291 [MainThread] INFO mulder.server.app: Resource throttle: wait waiting (cpu=100%>=90.0%, waited 245s)
2026-06-03 17:02:33,455 [mulder-job_6] INFO mulder.server.app: Resource throttle: run_shimcache_parser waiting (cpu=100%>=90.0%, waited 255s)
2026-06-03 17:02:33,457 [mulder-job_3] INFO mulder.server.app: Resource throttle: yara_scan_files waiting (cpu=100%>=90.0%, waited 255s)
2026-06-03 17:02:33,458 [mulder-job_7] INFO mulder.server.app: Resource throttle: run_mft_parser waiting (cpu=100%>=90.0%, waited 255s)
2026-06-03 17:02:33,458 [mulder-job_4] INFO mulder.server.app: Resource throttle: run_chainsaw waiting (cpu=100%>=90.0%, waited 255s)
2026-06-03 17:02:33,544 [MainThread] INFO mulder.server.app: Resource throttle: wait waiting (cpu=100%>=90.0%, waited 160s)
2026-06-03 17:02:34,298 [MainThread] INFO mulder.server.app: Resource throttle: wait waiting (cpu=100%>=90.0%, waited 250s)
2026-06-03 17:02:38,461 [mulder-job_6] INFO mulder.server.app: Resource throttle: run_shimcache_parser waiting (cpu=100%>=90.0%, waited 260s)
2026-06-03 17:02:38,462 [mulder-job_4] INFO mulder.server.app: Resource throttle: run_chainsaw waiting (cpu=100%>=90.0%, waited 260s)
2026-06-03 17:02:38,463 [mulder-job_7] INFO mulder.server.app: Resource throttle: run_mft_parser waiting (cpu=100%>=90.0%, waited 260s)
2026-06-03 17:02:38,463 [mulder-job_3] INFO mulder.server.app: Resource throttle: yara_scan_files waiting (cpu=100%>=90.0%, waited 260s)
2026-06-03 17:02:38,550 [MainThread] INFO mulder.server.app: Resource throttle: wait waiting (cpu=100%>=90.0%, waited 165s)
2026-06-03 17:02:39,307 [MainThread] INFO mulder.server.app: Resource throttle: wait waiting (cpu=100%>=90.0%, waited 255s)
2026-06-03 17:02:43,467 [mulder-job_6] INFO mulder.server.app: Resource throttle: run_shimcache_parser waiting (cpu=100%>=90.0%, waited 265s)
2026-06-03 17:02:43,468 [mulder-job_4] INFO mulder.server.app: Resource throttle: run_chainsaw waiting (cpu=100%>=90.0%, waited 265s)
2026-06-03 17:02:43,469 [mulder-job_7] INFO mulder.server.app: Resource throttle: run_mft_parser waiting (cpu=100%>=90.0%, waited 265s)
2026-06-03 17:02:43,470 [mulder-job_3] INFO mulder.server.app: Resource throttle: yara_scan_files waiting (cpu=100%>=90.0%, waited 265s)
2026-06-03 17:02:43,559 [MainThread] INFO mulder.server.app: Resource throttle: wait waiting (cpu=100%>=90.0%, waited 170s)
2026-06-03 17:02:44,317 [MainThread] INFO mulder.server.app: Resource throttle: wait waiting (cpu=100%>=90.0%, waited 260s)
2026-06-03 17:02:48,471 [mulder-job_6] INFO mulder.server.app: Resource throttle: run_shimcache_parser waiting (cpu=100%>=90.0%, waited 270s)
2026-06-03 17:02:48,474 [mulder-job_7] INFO mulder.server.app: Resource throttle: run_mft_parser waiting (cpu=100%>=90.0%, waited 270s)
2026-06-03 17:02:48,476 [mulder-job_4] INFO mulder.server.app: Resource throttle: run_chainsaw waiting (cpu=100%>=90.0%, waited 270s)
2026-06-03 17:02:48,474 [mulder-job_3] INFO mulder.server.app: Resource throttle: yara_scan_files waiting (cpu=100%>=90.0%, waited 270s)
2026-06-03 17:02:48,569 [MainThread] INFO mulder.server.app: Resource throttle: wait waiting (cpu=100%>=90.0%, waited 175s)
2026-06-03 17:02:49,323 [MainThread] INFO mulder.server.app: Resource throttle: wait waiting (cpu=100%>=90.0%, waited 265s)
2026-06-03 17:02:53,480 [mulder-job_6] INFO mulder.server.app: Resource throttle: run_shimcache_parser waiting (cpu=100%>=90.0%, waited 275s)
2026-06-03 17:02:53,482 [mulder-job_7] INFO mulder.server.app: Resource throttle: run_mft_parser waiting (cpu=100%>=90.0%, waited 275s)
2026-06-03 17:02:53,485 [mulder-job_4] INFO mulder.server.app: Resource throttle: run_chainsaw waiting (cpu=100%>=90.0%, waited 275s)
2026-06-03 17:02:53,485 [mulder-job_3] INFO mulder.server.app: Resource throttle: yara_scan_files waiting (cpu=100%>=90.0%, waited 275s)
2026-06-03 17:02:53,584 [MainThread] INFO mulder.server.app: Resource throttle: wait waiting (cpu=100%>=90.0%, waited 180s)
2026-06-03 17:02:54,331 [MainThread] INFO mulder.server.app: Resource throttle: wait waiting (cpu=100%>=90.0%, waited 270s)
2026-06-03 17:02:58,485 [mulder-job_6] INFO mulder.server.app: Resource throttle: run_shimcache_parser waiting (cpu=100%>=90.0%, waited 280s)
2026-06-03 17:02:58,491 [mulder-job_4] INFO mulder.server.app: Resource throttle: run_chainsaw waiting (cpu=100%>=90.0%, waited 280s)
2026-06-03 17:02:58,490 [mulder-job_3] INFO mulder.server.app: Resource throttle: yara_scan_files waiting (cpu=100%>=90.0%, waited 280s)
2026-06-03 17:02:58,490 [mulder-job_7] INFO mulder.server.app: Resource throttle: run_mft_parser waiting (cpu=100%>=90.0%, waited 280s)
2026-06-03 17:02:58,598 [MainThread] INFO mulder.server.app: Resource throttle: wait waiting (cpu=100%>=90.0%, waited 185s)
2026-06-03 17:02:59,341 [MainThread] INFO mulder.server.app: Resource throttle: wait waiting (cpu=100%>=90.0%, waited 275s)
2026-06-03 17:03:03,499 [mulder-job_6] INFO mulder.server.app: Resource throttle: run_shimcache_parser waiting (cpu=100%>=90.0%, waited 285s)
2026-06-03 17:03:03,500 [mulder-job_3] INFO mulder.server.app: Resource throttle: yara_scan_files waiting (cpu=100%>=90.0%, waited 285s)
2026-06-03 17:03:03,500 [mulder-job_4] INFO mulder.server.app: Resource throttle: run_chainsaw waiting (cpu=100%>=90.0%, waited 285s)
2026-06-03 17:03:03,501 [mulder-job_7] INFO mulder.server.app: Resource throttle: run_mft_parser waiting (cpu=100%>=90.0%, waited 285s)
2026-06-03 17:03:03,605 [MainThread] INFO mulder.server.app: Resource throttle: wait waiting (cpu=100%>=90.0%, waited 190s)
2026-06-03 17:03:04,347 [MainThread] INFO mulder.server.app: Resource throttle: wait waiting (cpu=100%>=90.0%, waited 280s)
2026-06-03 17:03:08,501 [mulder-job_6] INFO mulder.server.app: Resource throttle: run_shimcache_parser waiting (cpu=100%>=90.0%, waited 290s)
2026-06-03 17:03:08,508 [mulder-job_4] INFO mulder.server.app: Resource throttle: run_chainsaw waiting (cpu=100%>=90.0%, waited 290s)
2026-06-03 17:03:08,509 [mulder-job_3] INFO mulder.server.app: Resource throttle: yara_scan_files waiting (cpu=100%>=90.0%, waited 290s)
2026-06-03 17:03:08,509 [mulder-job_7] INFO mulder.server.app: Resource throttle: run_mft_parser waiting (cpu=100%>=90.0%, waited 290s)
2026-06-03 17:03:08,614 [MainThread] INFO mulder.server.app: Resource throttle: wait waiting (cpu=100%>=90.0%, waited 195s)
2026-06-03 17:03:09,355 [MainThread] INFO mulder.server.app: Resource throttle: wait waiting (cpu=100%>=90.0%, waited 285s)
2026-06-03 17:03:13,510 [mulder-job_6] INFO mulder.server.app: Resource throttle: run_shimcache_parser waiting (cpu=100%>=90.0%, waited 295s)
2026-06-03 17:03:13,511 [mulder-job_4] INFO mulder.server.app: Resource throttle: run_chainsaw waiting (cpu=100%>=90.0%, waited 295s)
2026-06-03 17:03:13,512 [mulder-job_3] INFO mulder.server.app: Resource throttle: yara_scan_files waiting (cpu=100%>=90.0%, waited 295s)
2026-06-03 17:03:13,512 [mulder-job_7] INFO mulder.server.app: Resource throttle: run_mft_parser waiting (cpu=100%>=90.0%, waited 295s)
2026-06-03 17:03:13,630 [MainThread] INFO mulder.server.app: Resource throttle: wait waiting (cpu=100%>=90.0%, waited 200s)
2026-06-03 17:03:14,365 [MainThread] INFO mulder.server.app: Resource throttle: wait waiting (cpu=100%>=90.0%, waited 290s)
2026-06-03 17:03:18,640 [MainThread] INFO mulder.server.app: Resource throttle: wait waiting (cpu=100%>=90.0%, waited 205s)
2026-06-03 17:03:18,690 [mulder-job_4] INFO mulder.server.jobs: Job job_4809fb0d (run_chainsaw) completed
2026-06-03 17:03:18,692 [mulder-job_4] INFO mulder.server.jobs: [JOB_COMPLETE] run_chainsaw|completed|
2026-06-03 17:03:18,812 [mulder-job_6] WARNING mulder.extractors.disk: ewfmount failed on /evidence/base-rd-01-cdrive.E01: Command '['ewfmount', '/evidence/base-rd-01-cdrive.E01', '/tmp/mulder_mount_lqj18eta/_ewf']' returned non-zero exit status 1. No sub system to mount EWF format.

2026-06-03 17:03:19,347 [mulder-job_6] WARNING mulder.extractors.disk: guestmount failed on E01 /evidence/base-rd-01-cdrive.E01: Command '['guestmount', '-a', '/evidence/base-rd-01-cdrive.E01', '-i', '--ro', '/tmp/mulder_mount_lqj18eta']' returned non-zero exit status 1.
2026-06-03 17:03:19,351 [mulder-job_6] ERROR mulder.extractors.disk: Could not mount E01 /evidence/base-rd-01-cdrive.E01 (tried ewfmount+mount and guestmount)
2026-06-03 17:03:19,374 [MainThread] INFO mulder.server.app: Resource throttle: wait waiting (cpu=100%>=90.0%, waited 295s)
2026-06-03 17:03:23,651 [MainThread] INFO mulder.server.app: Resource throttle: wait waiting (cpu=100%>=90.0%, waited 210s)
2026-06-03 17:03:28,671 [MainThread] INFO mulder.server.app: Resource throttle: wait waiting (cpu=100%>=90.0%, waited 215s)
2026-06-03 17:03:33,682 [MainThread] INFO mulder.server.app: Resource throttle: wait waiting (cpu=100%>=90.0%, waited 220s)
2026-06-03 17:03:38,697 [MainThread] INFO mulder.server.app: Resource throttle: wait waiting (cpu=100%>=90.0%, waited 225s)
2026-06-03 17:03:41,364 [mulder-job_2] INFO mulder.server.jobs: Job job_d6f8663e (run_registry_parser) completed
2026-06-03 17:03:41,372 [mulder-job_2] INFO mulder.server.jobs: [JOB_COMPLETE] run_registry_parser|completed|
2026-06-03 17:03:43,707 [MainThread] INFO mulder.server.app: Resource throttle: wait waiting (cpu=100%>=90.0%, waited 230s)
2026-06-03 17:03:48,714 [MainThread] INFO mulder.server.app: Resource throttle: wait waiting (cpu=99%>=90.0%, waited 235s)
2026-06-03 17:03:53,720 [MainThread] INFO mulder.server.app: Resource throttle: wait waiting (cpu=96%>=90.0%, waited 240s)
2026-06-03 17:03:58,730 [MainThread] INFO mulder.server.app: Resource throttle: wait waiting (cpu=90%>=90.0%, waited 245s)
2026-06-03 17:04:18,621 [mulder-job_6] WARNING mulder.server.jobs: Job job_ae1781e9 (run_shimcache_parser) returned error: AppCompatCacheParser.dll produced no CSV output
2026-06-03 17:04:18,624 [mulder-job_6] INFO mulder.server.jobs: [JOB_COMPLETE] run_shimcache_parser|failed|AppCompatCacheParser.dll produced no CSV output
2026-06-03 17:04:51,974 [mulder-job_7] INFO mulder.server.jobs: Job job_4ca99dbc (run_mft_parser) completed
2026-06-03 17:04:51,979 [mulder-job_7] INFO mulder.server.jobs: [JOB_COMPLETE] run_mft_parser|completed|
2026-06-03 17:06:57,925 [mulder-job_3] INFO mulder.server.jobs: Job job_510a834f (yara_scan_files) completed
2026-06-03 17:06:57,930 [mulder-job_3] INFO mulder.server.jobs: [JOB_COMPLETE] yara_scan_files|completed|
2026-06-03 17:07:03,574 [MainThread] INFO mcp.server.lowlevel.server: Processing request of type CallToolRequest
2026-06-03 17:07:04,369 [MainThread] INFO mcp.server.lowlevel.server: Processing request of type CallToolRequest
2026-06-03 17:07:04,371 [AnyIO worker thread] INFO mulder.server.jobs: Submitted batch bg_13dd1dd6 with 2 jobs: ['run_prefetch_parser', 'run_shimcache_parser']
2026-06-03 17:07:04,885 [mulder-job_1] WARNING mulder.extractors.disk: ewfmount failed on /evidence/base-rd-01-cdrive.E01: Command '['ewfmount', '/evidence/base-rd-01-cdrive.E01', '/tmp/mulder_mount_8x_ynv7r/_ewf']' returned non-zero exit status 1. No sub system to mount EWF format.

2026-06-03 17:07:05,116 [mulder-job_1] WARNING mulder.extractors.disk: guestmount failed on E01 /evidence/base-rd-01-cdrive.E01: Command '['guestmount', '-a', '/evidence/base-rd-01-cdrive.E01', '-i', '--ro', '/tmp/mulder_mount_8x_ynv7r']' returned non-zero exit status 1.
2026-06-03 17:07:05,117 [mulder-job_1] ERROR mulder.extractors.disk: Could not mount E01 /evidence/base-rd-01-cdrive.E01 (tried ewfmount+mount and guestmount)
2026-06-03 17:07:09,586 [MainThread] INFO mcp.server.lowlevel.server: Processing request of type CallToolRequest
2026-06-03 17:07:35,248 [mulder-job_1] WARNING mulder.server.jobs: Job job_9c8f14f0 (run_prefetch_parser) returned error: PECmd.dll produced no CSV output
2026-06-03 17:07:35,251 [mulder-job_1] INFO mulder.server.jobs: [JOB_COMPLETE] run_prefetch_parser|failed|PECmd.dll produced no CSV output
2026-06-03 17:07:43,938 [mulder-job_5] WARNING mulder.server.jobs: Job job_509b5e2b (run_shimcache_parser) returned error: AppCompatCacheParser.dll produced no CSV output
2026-06-03 17:07:43,940 [mulder-job_5] INFO mulder.server.jobs: [JOB_COMPLETE] run_shimcache_parser|failed|AppCompatCacheParser.dll produced no CSV output
2026-06-03 17:08:05,554 [MainThread] INFO mulder.server.app: Mulder MCP server ready (db_dir=/home/mulder/.mulder/cases)
2026-06-03 17:08:05,579 [MainThread] INFO mcp.server.lowlevel.server: Processing request of type ListToolsRequest
2026-06-03 17:08:05,583 [MainThread] INFO mcp.server.lowlevel.server: Processing request of type ListPromptsRequest
2026-06-03 17:08:05,584 [MainThread] INFO mcp.server.lowlevel.server: Processing request of type ListResourcesRequest
2026-06-03 17:08:11,527 [MainThread] INFO mcp.server.lowlevel.server: Processing request of type CallToolRequest
2026-06-03 17:08:11,529 [AnyIO worker thread] INFO mulder.server.app: Opening case database for 'SRL-2018' ...
2026-06-03 17:08:11,568 [AnyIO worker thread] INFO mulder.server.app: Server context ready for case 'SRL-2018'
2026-06-03 17:08:19,657 [MainThread] INFO mcp.server.lowlevel.server: Processing request of type CallToolRequest
2026-06-03 17:08:28,664 [MainThread] INFO mulder.server.app: Mulder MCP server ready (db_dir=/home/mulder/.mulder/cases)
2026-06-03 17:08:28,690 [MainThread] INFO mcp.server.lowlevel.server: Processing request of type ListToolsRequest
2026-06-03 17:08:28,694 [MainThread] INFO mcp.server.lowlevel.server: Processing request of type ListPromptsRequest
2026-06-03 17:08:28,695 [MainThread] INFO mcp.server.lowlevel.server: Processing request of type ListResourcesRequest
2026-06-03 17:08:35,082 [MainThread] INFO mcp.server.lowlevel.server: Processing request of type CallToolRequest
2026-06-03 17:08:39,045 [MainThread] INFO mcp.server.lowlevel.server: Processing request of type CallToolRequest
2026-06-03 17:08:42,986 [MainThread] INFO mcp.server.lowlevel.server: Processing request of type CallToolRequest
2026-06-03 17:08:42,989 [AnyIO worker thread] INFO mulder.server.app: Opening case database for 'SRL-2018' ...
2026-06-03 17:08:43,002 [AnyIO worker thread] INFO mulder.server.app: Server context ready for case 'SRL-2018'
2026-06-03 17:08:47,459 [mulder-job_4] INFO mulder.server.jobs: Job job_59cbe811 (run_bulk_extractor) completed
2026-06-03 17:08:47,463 [mulder-job_4] INFO mulder.server.jobs: [JOB_COMPLETE] run_bulk_extractor|completed|
2026-06-03 17:08:47,627 [MainThread] INFO mcp.server.lowlevel.server: Processing request of type CallToolRequest
2026-06-03 17:08:48,139 [MainThread] INFO mcp.server.lowlevel.server: Processing request of type CallToolRequest
2026-06-03 17:08:50,595 [MainThread] INFO mcp.server.lowlevel.server: Processing request of type CallToolRequest
2026-06-03 17:08:52,369 [MainThread] INFO mcp.server.lowlevel.server: Processing request of type CallToolRequest
2026-06-03 17:08:52,700 [MainThread] INFO mcp.server.lowlevel.server: Processing request of type CallToolRequest
2026-06-03 17:09:01,716 [MainThread] INFO mcp.server.lowlevel.server: Processing request of type CallToolRequest
2026-06-03 17:09:01,768 [AnyIO worker thread] INFO mulder.server.jobs: Submitted batch bg_86ae2bcd with 9 jobs: ['run_evtx_parser', 'run_hayabusa', 'run_chainsaw', 'run_registry_parser', 'run_prefetch_parser', 'run_amcache_parser', 'run_shimcache_parser', 'run_mft_parser', 'yara_scan_files']
2026-06-03 17:09:01,837 [mulder-job_3] INFO mulder.server.tools.hayabusa: Hayabusa: no prior EVTX extraction found; extracting inline from /evidence/base-rd-02-cdrive.E01
2026-06-03 17:09:01,853 [mulder-job_1] INFO mulder.server.jobs: Job job_a12413c4 (run_chainsaw) completed
2026-06-03 17:09:01,854 [mulder-job_1] INFO mulder.server.jobs: [JOB_COMPLETE] run_chainsaw|completed|
2026-06-03 17:09:02,188 [mulder-job_0] WARNING mulder.extractors.disk: ewfmount failed on /evidence/base-rd-02-cdrive.E01: Command '['ewfmount', '/evidence/base-rd-02-cdrive.E01', '/tmp/mulder_mount_7jqbvjmh/_ewf']' returned non-zero exit status 1. No sub system to mount EWF format.

2026-06-03 17:09:02,417 [mulder-job_0] WARNING mulder.extractors.disk: guestmount failed on E01 /evidence/base-rd-02-cdrive.E01: Command '['guestmount', '-a', '/evidence/base-rd-02-cdrive.E01', '-i', '--ro', '/tmp/mulder_mount_7jqbvjmh']' returned non-zero exit status 1.
2026-06-03 17:09:02,419 [mulder-job_0] ERROR mulder.extractors.disk: Could not mount E01 /evidence/base-rd-02-cdrive.E01 (tried ewfmount+mount and guestmount)
2026-06-03 17:09:04,725 [MainThread] INFO mcp.server.lowlevel.server: Processing request of type CallToolRequest
2026-06-03 17:09:05,796 [MainThread] INFO mcp.server.lowlevel.server: Processing request of type CallToolRequest
2026-06-03 17:09:06,111 [MainThread] INFO mcp.server.lowlevel.server: Processing request of type CallToolRequest
2026-06-03 17:09:06,566 [MainThread] INFO mcp.server.lowlevel.server: Processing request of type CallToolRequest
2026-06-03 17:09:07,321 [MainThread] INFO mcp.server.lowlevel.server: Processing request of type CallToolRequest
2026-06-03 17:09:52,789 [mulder-job_6] WARNING mulder.server.jobs: Job job_8a243c6a (run_amcache_parser) returned error: AmcacheParser.dll produced no CSV output
2026-06-03 17:09:52,795 [mulder-job_6] INFO mulder.server.jobs: [JOB_COMPLETE] run_amcache_parser|failed|AmcacheParser.dll produced no CSV output
2026-06-03 17:10:07,291 [MainThread] INFO mcp.server.lowlevel.server: Processing request of type CallToolRequest
2026-06-03 17:10:35,967 [mulder-job_0] WARNING mulder.server.jobs: Job job_4f133993 (run_prefetch_parser) returned error: PECmd.dll produced no CSV output
2026-06-03 17:10:35,972 [mulder-job_0] INFO mulder.server.jobs: [JOB_COMPLETE] run_prefetch_parser|failed|PECmd.dll produced no CSV output
2026-06-03 17:10:40,153 [MainThread] INFO mcp.server.lowlevel.server: Processing request of type CallToolRequest
2026-06-03 17:10:40,296 [MainThread] INFO mcp.server.lowlevel.server: Processing request of type CallToolRequest
2026-06-03 17:10:40,340 [MainThread] INFO mcp.server.lowlevel.server: Processing request of type CallToolRequest
2026-06-03 17:10:45,514 [mulder-job_3] INFO mulder.server.tools.hayabusa: Hayabusa: extracted 846 EVTX files from /evidence/base-rd-02-cdrive.E01
2026-06-03 17:10:45,582 [mulder-job_3] INFO mulder.server.jobs: Job job_c7088d5b (run_hayabusa) completed
2026-06-03 17:10:45,585 [mulder-job_3] INFO mulder.server.jobs: [JOB_COMPLETE] run_hayabusa|completed|
2026-06-03 17:10:57,126 [mulder-job_4] WARNING mulder.server.jobs: Job job_3add783e (run_shimcache_parser) returned error: AppCompatCacheParser.dll produced no CSV output
2026-06-03 17:10:57,128 [mulder-job_4] INFO mulder.server.jobs: [JOB_COMPLETE] run_shimcache_parser|failed|AppCompatCacheParser.dll produced no CSV output
2026-06-03 17:11:06,601 [mulder-job_2] INFO mulder.server.jobs: Job job_40f309b7 (run_evtx_parser) completed
2026-06-03 17:11:06,604 [mulder-job_2] INFO mulder.server.jobs: [JOB_COMPLETE] run_evtx_parser|completed|
2026-06-03 17:11:21,188 [MainThread] INFO mcp.server.lowlevel.server: Processing request of type CallToolRequest
2026-06-03 17:11:21,634 [MainThread] INFO mcp.server.lowlevel.server: Processing request of type CallToolRequest
2026-06-03 17:11:22,532 [MainThread] INFO mcp.server.lowlevel.server: Processing request of type CallToolRequest
2026-06-03 17:11:22,698 [MainThread] INFO mcp.server.lowlevel.server: Processing request of type CallToolRequest
2026-06-03 17:11:31,127 [mulder-job_7] INFO mulder.server.jobs: Job job_0aff61ea (run_mft_parser) completed
2026-06-03 17:11:31,132 [mulder-job_7] INFO mulder.server.jobs: [JOB_COMPLETE] run_mft_parser|completed|
2026-06-03 17:11:43,914 [MainThread] INFO mcp.server.lowlevel.server: Processing request of type CallToolRequest
2026-06-03 17:12:11,242 [MainThread] INFO mcp.server.lowlevel.server: Processing request of type CallToolRequest
2026-06-03 17:12:11,380 [MainThread] INFO mcp.server.lowlevel.server: Processing request of type CallToolRequest
2026-06-03 17:12:34,905 [mulder-job_1] INFO mulder.server.jobs: Job job_88088443 (yara_scan_files) completed
2026-06-03 17:12:34,909 [mulder-job_1] INFO mulder.server.jobs: [JOB_COMPLETE] yara_scan_files|completed|
2026-06-03 17:12:41,693 [MainThread] INFO mcp.server.lowlevel.server: Processing request of type CallToolRequest
2026-06-03 17:12:42,152 [MainThread] INFO mcp.server.lowlevel.server: Processing request of type CallToolRequest
2026-06-03 17:12:42,156 [AnyIO worker thread] WARNING mulder.db: FTS5 COUNT failed for query 'temp\\\\perfmon', returning 0
Traceback (most recent call last):
  File "/usr/local/lib/python3.12/dist-packages/sqlalchemy/engine/base.py", line 1969, in _exec_single_context
    self.dialect.do_execute(
  File "/usr/local/lib/python3.12/dist-packages/sqlalchemy/engine/default.py", line 952, in do_execute
    cursor.execute(statement, parameters)
sqlite3.OperationalError: fts5: syntax error near "\"

The above exception was the direct cause of the following exception:

Traceback (most recent call last):
  File "/app/src/mulder/db.py", line 699, in count_search_windows
    result = conn.execute(stmt, {"q": safe_query}).scalar()
             ^^^^^^^^^^^^^^^^^^^^^^^^^^^^^^^^^^^^^
  File "/usr/local/lib/python3.12/dist-packages/sqlalchemy/engine/base.py", line 1421, in execute
    return meth(
           ^^^^^
  File "/usr/local/lib/python3.12/dist-packages/sqlalchemy/sql/elements.py", line 526, in _execute_on_connection
    return connection._execute_clauseelement(
           ^^^^^^^^^^^^^^^^^^^^^^^^^^^^^^^^^^
  File "/usr/local/lib/python3.12/dist-packages/sqlalchemy/engine/base.py", line 1643, in _execute_clauseelement
    ret = self._execute_context(
          ^^^^^^^^^^^^^^^^^^^^^^
  File "/usr/local/lib/python3.12/dist-packages/sqlalchemy/engine/base.py", line 1848, in _execute_context
    return self._exec_single_context(
           ^^^^^^^^^^^^^^^^^^^^^^^^^^
  File "/usr/local/lib/python3.12/dist-packages/sqlalchemy/engine/base.py", line 1988, in _exec_single_context
    self._handle_dbapi_exception(
  File "/usr/local/lib/python3.12/dist-packages/sqlalchemy/engine/base.py", line 2365, in _handle_dbapi_exception
    raise sqlalchemy_exception.with_traceback(exc_info[2]) from e
  File "/usr/local/lib/python3.12/dist-packages/sqlalchemy/engine/base.py", line 1969, in _exec_single_context
    self.dialect.do_execute(
  File "/usr/local/lib/python3.12/dist-packages/sqlalchemy/engine/default.py", line 952, in do_execute
    cursor.execute(statement, parameters)
sqlalchemy.exc.OperationalError: (sqlite3.OperationalError) fts5: syntax error near "\"
[SQL: SELECT count(*) AS count_1 
FROM windows JOIN sources ON windows.source_id = sources.source_id 
WHERE windows.window_id IN (SELECT rowid 
FROM windows_fts 
WHERE windows_fts MATCH ?)]
[parameters: ('temp\\\\perfmon',)]
(Background on this error at: https://sqlalche.me/e/20/e3q8)
2026-06-03 17:12:42,706 [AnyIO worker thread] WARNING mulder.db: FTS5 MATCH failed for query 'temp\\\\perfmon', returning empty
Traceback (most recent call last):
  File "/usr/local/lib/python3.12/dist-packages/sqlalchemy/engine/base.py", line 1969, in _exec_single_context
    self.dialect.do_execute(
  File "/usr/local/lib/python3.12/dist-packages/sqlalchemy/engine/default.py", line 952, in do_execute
    cursor.execute(statement, parameters)
sqlite3.OperationalError: fts5: syntax error near "\"

The above exception was the direct cause of the following exception:

Traceback (most recent call last):
  File "/app/src/mulder/db.py", line 615, in search_windows
    rows = conn.execute(stmt, {"q": safe_query}).fetchall()
           ^^^^^^^^^^^^^^^^^^^^^^^^^^^^^^^^^^^^^
  File "/usr/local/lib/python3.12/dist-packages/sqlalchemy/engine/base.py", line 1421, in execute
    return meth(
           ^^^^^
  File "/usr/local/lib/python3.12/dist-packages/sqlalchemy/sql/elements.py", line 526, in _execute_on_connection
    return connection._execute_clauseelement(
           ^^^^^^^^^^^^^^^^^^^^^^^^^^^^^^^^^^
  File "/usr/local/lib/python3.12/dist-packages/sqlalchemy/engine/base.py", line 1643, in _execute_clauseelement
    ret = self._execute_context(
          ^^^^^^^^^^^^^^^^^^^^^^
  File "/usr/local/lib/python3.12/dist-packages/sqlalchemy/engine/base.py", line 1848, in _execute_context
    return self._exec_single_context(
           ^^^^^^^^^^^^^^^^^^^^^^^^^^
  File "/usr/local/lib/python3.12/dist-packages/sqlalchemy/engine/base.py", line 1988, in _exec_single_context
    self._handle_dbapi_exception(
  File "/usr/local/lib/python3.12/dist-packages/sqlalchemy/engine/base.py", line 2365, in _handle_dbapi_exception
    raise sqlalchemy_exception.with_traceback(exc_info[2]) from e
  File "/usr/local/lib/python3.12/dist-packages/sqlalchemy/engine/base.py", line 1969, in _exec_single_context
    self.dialect.do_execute(
  File "/usr/local/lib/python3.12/dist-packages/sqlalchemy/engine/default.py", line 952, in do_execute
    cursor.execute(statement, parameters)
sqlalchemy.exc.OperationalError: (sqlite3.OperationalError) fts5: syntax error near "\"
[SQL: SELECT windows.window_id, windows.source_id, windows.line_start, windows.line_end, windows.event_time, windows.raw_text, sources.source_name 
FROM windows JOIN sources ON windows.source_id = sources.source_id 
WHERE windows.window_id IN (SELECT rowid 
FROM windows_fts 
WHERE windows_fts MATCH ?) ORDER BY windows.event_time ASC NULLS LAST
 LIMIT ? OFFSET ?]
[parameters: ('temp\\\\perfmon', 20, 0)]
(Background on this error at: https://sqlalche.me/e/20/e3q8)
2026-06-03 17:12:43,092 [MainThread] INFO mcp.server.lowlevel.server: Processing request of type CallToolRequest
2026-06-03 17:12:43,369 [MainThread] INFO mcp.server.lowlevel.server: Processing request of type CallToolRequest
2026-06-03 17:12:51,653 [MainThread] INFO mcp.server.lowlevel.server: Processing request of type CallToolRequest
2026-06-03 17:12:52,606 [MainThread] INFO mcp.server.lowlevel.server: Processing request of type CallToolRequest
2026-06-03 17:12:53,012 [MainThread] INFO mcp.server.lowlevel.server: Processing request of type CallToolRequest
2026-06-03 17:12:53,016 [AnyIO worker thread] WARNING mulder.db: FTS5 COUNT failed for query '5848\\tpowershell', returning 0
Traceback (most recent call last):
  File "/usr/local/lib/python3.12/dist-packages/sqlalchemy/engine/base.py", line 1969, in _exec_single_context
    self.dialect.do_execute(
  File "/usr/local/lib/python3.12/dist-packages/sqlalchemy/engine/default.py", line 952, in do_execute
    cursor.execute(statement, parameters)
sqlite3.OperationalError: fts5: syntax error near "\"

The above exception was the direct cause of the following exception:

Traceback (most recent call last):
  File "/app/src/mulder/db.py", line 699, in count_search_windows
    result = conn.execute(stmt, {"q": safe_query}).scalar()
             ^^^^^^^^^^^^^^^^^^^^^^^^^^^^^^^^^^^^^
  File "/usr/local/lib/python3.12/dist-packages/sqlalchemy/engine/base.py", line 1421, in execute
    return meth(
           ^^^^^
  File "/usr/local/lib/python3.12/dist-packages/sqlalchemy/sql/elements.py", line 526, in _execute_on_connection
    return connection._execute_clauseelement(
           ^^^^^^^^^^^^^^^^^^^^^^^^^^^^^^^^^^
  File "/usr/local/lib/python3.12/dist-packages/sqlalchemy/engine/base.py", line 1643, in _execute_clauseelement
    ret = self._execute_context(
          ^^^^^^^^^^^^^^^^^^^^^^
  File "/usr/local/lib/python3.12/dist-packages/sqlalchemy/engine/base.py", line 1848, in _execute_context
    return self._exec_single_context(
           ^^^^^^^^^^^^^^^^^^^^^^^^^^
  File "/usr/local/lib/python3.12/dist-packages/sqlalchemy/engine/base.py", line 1988, in _exec_single_context
    self._handle_dbapi_exception(
  File "/usr/local/lib/python3.12/dist-packages/sqlalchemy/engine/base.py", line 2365, in _handle_dbapi_exception
    raise sqlalchemy_exception.with_traceback(exc_info[2]) from e
  File "/usr/local/lib/python3.12/dist-packages/sqlalchemy/engine/base.py", line 1969, in _exec_single_context
    self.dialect.do_execute(
  File "/usr/local/lib/python3.12/dist-packages/sqlalchemy/engine/default.py", line 952, in do_execute
    cursor.execute(statement, parameters)
sqlalchemy.exc.OperationalError: (sqlite3.OperationalError) fts5: syntax error near "\"
[SQL: SELECT count(*) AS count_1 
FROM windows JOIN sources ON windows.source_id = sources.source_id 
WHERE windows.window_id IN (SELECT rowid 
FROM windows_fts 
WHERE windows_fts MATCH ?) AND (sources.source_name = ? OR sources.source_name LIKE ?)]
[parameters: ('5848\\tpowershell', 'volatility.psscan', 'volatility.psscan.%')]
(Background on this error at: https://sqlalche.me/e/20/e3q8)
2026-06-03 17:12:53,439 [AnyIO worker thread] WARNING mulder.db: FTS5 MATCH failed for query '5848\\tpowershell', returning empty
Traceback (most recent call last):
  File "/usr/local/lib/python3.12/dist-packages/sqlalchemy/engine/base.py", line 1969, in _exec_single_context
    self.dialect.do_execute(
  File "/usr/local/lib/python3.12/dist-packages/sqlalchemy/engine/default.py", line 952, in do_execute
    cursor.execute(statement, parameters)
sqlite3.OperationalError: fts5: syntax error near "\"

The above exception was the direct cause of the following exception:

Traceback (most recent call last):
  File "/app/src/mulder/db.py", line 615, in search_windows
    rows = conn.execute(stmt, {"q": safe_query}).fetchall()
           ^^^^^^^^^^^^^^^^^^^^^^^^^^^^^^^^^^^^^
  File "/usr/local/lib/python3.12/dist-packages/sqlalchemy/engine/base.py", line 1421, in execute
    return meth(
           ^^^^^
  File "/usr/local/lib/python3.12/dist-packages/sqlalchemy/sql/elements.py", line 526, in _execute_on_connection
    return connection._execute_clauseelement(
           ^^^^^^^^^^^^^^^^^^^^^^^^^^^^^^^^^^
  File "/usr/local/lib/python3.12/dist-packages/sqlalchemy/engine/base.py", line 1643, in _execute_clauseelement
    ret = self._execute_context(
          ^^^^^^^^^^^^^^^^^^^^^^
  File "/usr/local/lib/python3.12/dist-packages/sqlalchemy/engine/base.py", line 1848, in _execute_context
    return self._exec_single_context(
           ^^^^^^^^^^^^^^^^^^^^^^^^^^
  File "/usr/local/lib/python3.12/dist-packages/sqlalchemy/engine/base.py", line 1988, in _exec_single_context
    self._handle_dbapi_exception(
  File "/usr/local/lib/python3.12/dist-packages/sqlalchemy/engine/base.py", line 2365, in _handle_dbapi_exception
    raise sqlalchemy_exception.with_traceback(exc_info[2]) from e
  File "/usr/local/lib/python3.12/dist-packages/sqlalchemy/engine/base.py", line 1969, in _exec_single_context
    self.dialect.do_execute(
  File "/usr/local/lib/python3.12/dist-packages/sqlalchemy/engine/default.py", line 952, in do_execute
    cursor.execute(statement, parameters)
sqlalchemy.exc.OperationalError: (sqlite3.OperationalError) fts5: syntax error near "\"
[SQL: SELECT windows.window_id, windows.source_id, windows.line_start, windows.line_end, windows.event_time, windows.raw_text, sources.source_name 
FROM windows JOIN sources ON windows.source_id = sources.source_id 
WHERE windows.window_id IN (SELECT rowid 
FROM windows_fts 
WHERE windows_fts MATCH ?) AND (sources.source_name = ? OR sources.source_name LIKE ?) ORDER BY windows.event_time ASC NULLS LAST
 LIMIT ? OFFSET ?]
[parameters: ('5848\\tpowershell', 'volatility.psscan', 'volatility.psscan.%', 10, 0)]
(Background on this error at: https://sqlalche.me/e/20/e3q8)
2026-06-03 17:12:53,837 [MainThread] INFO mcp.server.lowlevel.server: Processing request of type CallToolRequest
2026-06-03 17:13:07,413 [MainThread] INFO mcp.server.lowlevel.server: Processing request of type CallToolRequest
2026-06-03 17:13:07,891 [MainThread] INFO mcp.server.lowlevel.server: Processing request of type CallToolRequest
2026-06-03 17:13:08,716 [MainThread] INFO mcp.server.lowlevel.server: Processing request of type CallToolRequest
2026-06-03 17:13:08,753 [MainThread] INFO mcp.server.lowlevel.server: Processing request of type CallToolRequest
2026-06-03 17:13:23,264 [MainThread] INFO mcp.server.lowlevel.server: Processing request of type CallToolRequest
2026-06-03 17:13:27,217 [MainThread] INFO mcp.server.lowlevel.server: Processing request of type CallToolRequest
2026-06-03 17:13:29,219 [MainThread] INFO mcp.server.lowlevel.server: Processing request of type CallToolRequest
2026-06-03 17:13:46,904 [mulder-job_5] INFO mulder.server.jobs: Job job_e284a9ef (run_registry_parser) completed
2026-06-03 17:13:46,915 [mulder-job_5] INFO mulder.server.jobs: [JOB_COMPLETE] run_registry_parser|completed|
2026-06-03 17:13:52,118 [MainThread] INFO mcp.server.lowlevel.server: Processing request of type CallToolRequest
2026-06-03 17:13:58,452 [MainThread] INFO mcp.server.lowlevel.server: Processing request of type CallToolRequest
2026-06-03 17:13:58,458 [AnyIO worker thread] INFO mulder.server.jobs: Submitted batch bg_a85cd3b3 with 3 jobs: ['run_prefetch_parser', 'run_amcache_parser', 'run_shimcache_parser']
2026-06-03 17:13:58,965 [mulder-job_0] WARNING mulder.extractors.disk: ewfmount failed on /evidence/base-rd-02-cdrive.E01: Command '['ewfmount', '/evidence/base-rd-02-cdrive.E01', '/tmp/mulder_mount_ve46pax5/_ewf']' returned non-zero exit status 1. No sub system to mount EWF format.

2026-06-03 17:13:59,166 [mulder-job_0] WARNING mulder.extractors.disk: guestmount failed on E01 /evidence/base-rd-02-cdrive.E01: Command '['guestmount', '-a', '/evidence/base-rd-02-cdrive.E01', '-i', '--ro', '/tmp/mulder_mount_ve46pax5']' returned non-zero exit status 1.
2026-06-03 17:13:59,167 [mulder-job_0] ERROR mulder.extractors.disk: Could not mount E01 /evidence/base-rd-02-cdrive.E01 (tried ewfmount+mount and guestmount)
2026-06-03 17:14:04,046 [mulder-job_0] WARNING mulder.server.jobs: Job job_e764e85d (run_amcache_parser) returned error: AmcacheParser.dll produced no CSV output
2026-06-03 17:14:04,047 [mulder-job_0] INFO mulder.server.jobs: [JOB_COMPLETE] run_amcache_parser|failed|AmcacheParser.dll produced no CSV output
2026-06-03 17:14:04,428 [MainThread] INFO mcp.server.lowlevel.server: Processing request of type CallToolRequest
2026-06-03 17:14:04,932 [MainThread] INFO mcp.server.lowlevel.server: Processing request of type CallToolRequest
2026-06-03 17:14:05,762 [MainThread] INFO mcp.server.lowlevel.server: Processing request of type CallToolRequest
2026-06-03 17:14:05,795 [MainThread] INFO mcp.server.lowlevel.server: Processing request of type CallToolRequest
2026-06-03 17:14:25,700 [mulder-job_6] WARNING mulder.server.jobs: Job job_e56747b9 (run_prefetch_parser) returned error: PECmd.dll produced no CSV output
2026-06-03 17:14:25,701 [mulder-job_6] INFO mulder.server.jobs: [JOB_COMPLETE] run_prefetch_parser|failed|PECmd.dll produced no CSV output
2026-06-03 17:14:33,189 [mulder-job_3] WARNING mulder.server.jobs: Job job_1f17ff7c (run_shimcache_parser) returned error: AppCompatCacheParser.dll produced no CSV output
2026-06-03 17:14:33,191 [mulder-job_3] INFO mulder.server.jobs: [JOB_COMPLETE] run_shimcache_parser|failed|AppCompatCacheParser.dll produced no CSV output
2026-06-03 17:14:46,132 [MainThread] INFO mcp.server.lowlevel.server: Processing request of type CallToolRequest
2026-06-03 17:14:52,356 [MainThread] INFO mulder.server.app: Mulder MCP server ready (db_dir=/home/mulder/.mulder/cases)
2026-06-03 17:14:52,377 [MainThread] INFO mcp.server.lowlevel.server: Processing request of type ListToolsRequest
2026-06-03 17:14:52,380 [MainThread] INFO mcp.server.lowlevel.server: Processing request of type ListPromptsRequest
2026-06-03 17:14:52,381 [MainThread] INFO mcp.server.lowlevel.server: Processing request of type ListResourcesRequest
2026-06-03 17:14:58,576 [MainThread] INFO mcp.server.lowlevel.server: Processing request of type CallToolRequest
2026-06-03 17:14:58,578 [AnyIO worker thread] INFO mulder.server.app: Opening case database for 'SRL-2018' ...
2026-06-03 17:14:58,609 [AnyIO worker thread] INFO mulder.server.app: Server context ready for case 'SRL-2018'
2026-06-03 17:14:58,923 [MainThread] INFO mcp.server.lowlevel.server: Processing request of type CallToolRequest
2026-06-03 17:15:03,488 [MainThread] INFO mcp.server.lowlevel.server: Processing request of type CallToolRequest
2026-06-03 17:15:07,363 [MainThread] INFO mulder.server.app: Mulder MCP server ready (db_dir=/home/mulder/.mulder/cases)
2026-06-03 17:15:07,386 [MainThread] INFO mcp.server.lowlevel.server: Processing request of type ListToolsRequest
2026-06-03 17:15:07,389 [MainThread] INFO mcp.server.lowlevel.server: Processing request of type ListPromptsRequest
2026-06-03 17:15:07,390 [MainThread] INFO mcp.server.lowlevel.server: Processing request of type ListResourcesRequest
2026-06-03 17:15:12,667 [MainThread] INFO mcp.server.lowlevel.server: Processing request of type CallToolRequest
2026-06-03 17:15:17,795 [MainThread] INFO mcp.server.lowlevel.server: Processing request of type CallToolRequest
2026-06-03 17:15:23,293 [MainThread] INFO mcp.server.lowlevel.server: Processing request of type CallToolRequest
2026-06-03 17:15:23,297 [AnyIO worker thread] INFO mulder.server.app: Opening case database for 'SRL-2018' ...
2026-06-03 17:15:23,310 [AnyIO worker thread] INFO mulder.server.app: Server context ready for case 'SRL-2018'
2026-06-03 17:15:25,042 [MainThread] INFO mcp.server.lowlevel.server: Processing request of type CallToolRequest
2026-06-03 17:15:28,438 [MainThread] INFO mcp.server.lowlevel.server: Processing request of type CallToolRequest
2026-06-03 17:15:28,630 [MainThread] INFO mcp.server.lowlevel.server: Processing request of type CallToolRequest
2026-06-03 17:15:31,220 [MainThread] INFO mcp.server.lowlevel.server: Processing request of type CallToolRequest
2026-06-03 17:15:44,762 [MainThread] INFO mcp.server.lowlevel.server: Processing request of type CallToolRequest
2026-06-03 17:16:01,512 [MainThread] INFO mcp.server.lowlevel.server: Processing request of type CallToolRequest
2026-06-03 17:16:02,484 [MainThread] INFO mcp.server.lowlevel.server: Processing request of type CallToolRequest
2026-06-03 17:16:02,981 [MainThread] INFO mcp.server.lowlevel.server: Processing request of type CallToolRequest
2026-06-03 17:16:05,087 [MainThread] INFO mcp.server.lowlevel.server: Processing request of type CallToolRequest
2026-06-03 17:16:07,299 [MainThread] INFO mcp.server.lowlevel.server: Processing request of type CallToolRequest
2026-06-03 17:16:08,442 [MainThread] INFO mcp.server.lowlevel.server: Processing request of type CallToolRequest
2026-06-03 17:16:15,708 [MainThread] INFO mcp.server.lowlevel.server: Processing request of type CallToolRequest
2026-06-03 17:16:15,937 [MainThread] INFO mcp.server.lowlevel.server: Processing request of type CallToolRequest
2026-06-03 17:16:22,283 [MainThread] INFO mcp.server.lowlevel.server: Processing request of type CallToolRequest
2026-06-03 17:16:42,616 [MainThread] INFO mcp.server.lowlevel.server: Processing request of type CallToolRequest
2026-06-03 17:16:51,068 [MainThread] INFO mcp.server.lowlevel.server: Processing request of type CallToolRequest
2026-06-03 17:16:53,954 [MainThread] INFO mcp.server.lowlevel.server: Processing request of type CallToolRequest
2026-06-03 17:16:53,972 [MainThread] INFO mcp.server.lowlevel.server: Processing request of type CallToolRequest
2026-06-03 17:17:13,369 [MainThread] INFO mulder.server.app: Mulder MCP server ready (db_dir=/home/mulder/.mulder/cases)
2026-06-03 17:17:13,390 [MainThread] INFO mcp.server.lowlevel.server: Processing request of type CallToolRequest
2026-06-03 17:17:13,399 [MainThread] INFO mcp.server.lowlevel.server: Processing request of type CallToolRequest
2026-06-03 17:17:13,408 [MainThread] INFO mcp.server.lowlevel.server: Processing request of type CallToolRequest
2026-06-03 17:17:16,024 [MainThread] INFO mcp.server.lowlevel.server: Processing request of type CallToolRequest
2026-06-03 17:17:17,709 [MainThread] INFO mcp.server.lowlevel.server: Processing request of type CallToolRequest
2026-06-03 17:17:17,723 [AnyIO worker thread] INFO mulder.server.app: Opening case database for 'SRL-2018' ...
2026-06-03 17:17:17,761 [AnyIO worker thread] INFO mulder.server.app: Server context ready for case 'SRL-2018'
2026-06-03 17:17:22,186 [MainThread] INFO mcp.server.lowlevel.server: Processing request of type CallToolRequest
2026-06-03 17:17:22,830 [MainThread] INFO mcp.server.lowlevel.server: Processing request of type CallToolRequest
2026-06-03 17:17:23,290 [MainThread] INFO mcp.server.lowlevel.server: Processing request of type CallToolRequest
2026-06-03 17:17:23,691 [MainThread] INFO mcp.server.lowlevel.server: Processing request of type CallToolRequest
2026-06-03 17:17:33,748 [MainThread] INFO mcp.server.lowlevel.server: Processing request of type CallToolRequest
2026-06-03 17:17:33,861 [MainThread] INFO mcp.server.lowlevel.server: Processing request of type CallToolRequest
2026-06-03 17:17:33,866 [AnyIO worker thread] WARNING mulder.db: FTS5 COUNT failed for query 'temp\\\\registry', returning 0
Traceback (most recent call last):
  File "/usr/local/lib/python3.12/dist-packages/sqlalchemy/engine/base.py", line 1969, in _exec_single_context
    self.dialect.do_execute(
  File "/usr/local/lib/python3.12/dist-packages/sqlalchemy/engine/default.py", line 952, in do_execute
    cursor.execute(statement, parameters)
sqlite3.OperationalError: fts5: syntax error near "\"

The above exception was the direct cause of the following exception:

Traceback (most recent call last):
  File "/app/src/mulder/db.py", line 699, in count_search_windows
    result = conn.execute(stmt, {"q": safe_query}).scalar()
             ^^^^^^^^^^^^^^^^^^^^^^^^^^^^^^^^^^^^^
  File "/usr/local/lib/python3.12/dist-packages/sqlalchemy/engine/base.py", line 1421, in execute
    return meth(
           ^^^^^
  File "/usr/local/lib/python3.12/dist-packages/sqlalchemy/sql/elements.py", line 526, in _execute_on_connection
    return connection._execute_clauseelement(
           ^^^^^^^^^^^^^^^^^^^^^^^^^^^^^^^^^^
  File "/usr/local/lib/python3.12/dist-packages/sqlalchemy/engine/base.py", line 1643, in _execute_clauseelement
    ret = self._execute_context(
          ^^^^^^^^^^^^^^^^^^^^^^
  File "/usr/local/lib/python3.12/dist-packages/sqlalchemy/engine/base.py", line 1848, in _execute_context
    return self._exec_single_context(
           ^^^^^^^^^^^^^^^^^^^^^^^^^^
  File "/usr/local/lib/python3.12/dist-packages/sqlalchemy/engine/base.py", line 1988, in _exec_single_context
    self._handle_dbapi_exception(
  File "/usr/local/lib/python3.12/dist-packages/sqlalchemy/engine/base.py", line 2365, in _handle_dbapi_exception
    raise sqlalchemy_exception.with_traceback(exc_info[2]) from e
  File "/usr/local/lib/python3.12/dist-packages/sqlalchemy/engine/base.py", line 1969, in _exec_single_context
    self.dialect.do_execute(
  File "/usr/local/lib/python3.12/dist-packages/sqlalchemy/engine/default.py", line 952, in do_execute
    cursor.execute(statement, parameters)
sqlalchemy.exc.OperationalError: (sqlite3.OperationalError) fts5: syntax error near "\"
[SQL: SELECT count(*) AS count_1 
FROM windows JOIN sources ON windows.source_id = sources.source_id 
WHERE windows.window_id IN (SELECT rowid 
FROM windows_fts 
WHERE windows_fts MATCH ?)]
[parameters: ('temp\\\\registry',)]
(Background on this error at: https://sqlalche.me/e/20/e3q8)
2026-06-03 17:17:34,297 [AnyIO worker thread] WARNING mulder.db: FTS5 MATCH failed for query 'temp\\\\registry', returning empty
Traceback (most recent call last):
  File "/usr/local/lib/python3.12/dist-packages/sqlalchemy/engine/base.py", line 1969, in _exec_single_context
    self.dialect.do_execute(
  File "/usr/local/lib/python3.12/dist-packages/sqlalchemy/engine/default.py", line 952, in do_execute
    cursor.execute(statement, parameters)
sqlite3.OperationalError: fts5: syntax error near "\"

The above exception was the direct cause of the following exception:

Traceback (most recent call last):
  File "/app/src/mulder/db.py", line 615, in search_windows
    rows = conn.execute(stmt, {"q": safe_query}).fetchall()
           ^^^^^^^^^^^^^^^^^^^^^^^^^^^^^^^^^^^^^
  File "/usr/local/lib/python3.12/dist-packages/sqlalchemy/engine/base.py", line 1421, in execute
    return meth(
           ^^^^^
  File "/usr/local/lib/python3.12/dist-packages/sqlalchemy/sql/elements.py", line 526, in _execute_on_connection
    return connection._execute_clauseelement(
           ^^^^^^^^^^^^^^^^^^^^^^^^^^^^^^^^^^
  File "/usr/local/lib/python3.12/dist-packages/sqlalchemy/engine/base.py", line 1643, in _execute_clauseelement
    ret = self._execute_context(
          ^^^^^^^^^^^^^^^^^^^^^^
  File "/usr/local/lib/python3.12/dist-packages/sqlalchemy/engine/base.py", line 1848, in _execute_context
    return self._exec_single_context(
           ^^^^^^^^^^^^^^^^^^^^^^^^^^
  File "/usr/local/lib/python3.12/dist-packages/sqlalchemy/engine/base.py", line 1988, in _exec_single_context
    self._handle_dbapi_exception(
  File "/usr/local/lib/python3.12/dist-packages/sqlalchemy/engine/base.py", line 2365, in _handle_dbapi_exception
    raise sqlalchemy_exception.with_traceback(exc_info[2]) from e
  File "/usr/local/lib/python3.12/dist-packages/sqlalchemy/engine/base.py", line 1969, in _exec_single_context
    self.dialect.do_execute(
  File "/usr/local/lib/python3.12/dist-packages/sqlalchemy/engine/default.py", line 952, in do_execute
    cursor.execute(statement, parameters)
sqlalchemy.exc.OperationalError: (sqlite3.OperationalError) fts5: syntax error near "\"
[SQL: SELECT windows.window_id, windows.source_id, windows.line_start, windows.line_end, windows.event_time, windows.raw_text, sources.source_name 
FROM windows JOIN sources ON windows.source_id = sources.source_id 
WHERE windows.window_id IN (SELECT rowid 
FROM windows_fts 
WHERE windows_fts MATCH ?) ORDER BY windows.event_time ASC NULLS LAST
 LIMIT ? OFFSET ?]
[parameters: ('temp\\\\registry', 20, 0)]
(Background on this error at: https://sqlalche.me/e/20/e3q8)
2026-06-03 17:17:34,692 [MainThread] INFO mcp.server.lowlevel.server: Processing request of type CallToolRequest
2026-06-03 17:17:42,951 [MainThread] INFO mcp.server.lowlevel.server: Processing request of type CallToolRequest
2026-06-03 17:17:43,412 [MainThread] INFO mcp.server.lowlevel.server: Processing request of type CallToolRequest
2026-06-03 17:17:43,865 [MainThread] INFO mcp.server.lowlevel.server: Processing request of type CallToolRequest
2026-06-03 17:17:52,636 [MainThread] INFO mulder.server.app: Mulder MCP server ready (db_dir=/home/mulder/.mulder/cases)
2026-06-03 17:17:52,660 [MainThread] INFO mcp.server.lowlevel.server: Processing request of type ListToolsRequest
2026-06-03 17:17:52,663 [MainThread] INFO mcp.server.lowlevel.server: Processing request of type ListPromptsRequest
2026-06-03 17:17:52,664 [MainThread] INFO mcp.server.lowlevel.server: Processing request of type ListResourcesRequest
2026-06-03 17:17:53,803 [MainThread] INFO mcp.server.lowlevel.server: Processing request of type CallToolRequest
2026-06-03 17:17:54,226 [MainThread] INFO mcp.server.lowlevel.server: Processing request of type CallToolRequest
2026-06-03 17:17:55,650 [MainThread] INFO mcp.server.lowlevel.server: Processing request of type CallToolRequest
2026-06-03 17:18:07,327 [MainThread] INFO mcp.server.lowlevel.server: Processing request of type CallToolRequest
2026-06-03 17:18:07,418 [MainThread] INFO mcp.server.lowlevel.server: Processing request of type CallToolRequest
2026-06-03 17:18:07,461 [MainThread] INFO mcp.server.lowlevel.server: Processing request of type CallToolRequest
2026-06-03 17:18:10,670 [MainThread] INFO mcp.server.lowlevel.server: Processing request of type CallToolRequest
2026-06-03 17:18:14,798 [MainThread] INFO mcp.server.lowlevel.server: Processing request of type CallToolRequest
2026-06-03 17:18:14,800 [AnyIO worker thread] WARNING mulder.server.tools.case: Overriding requested case_id 'base-wkstn-01' with MULDER_CASE_ID='SRL-2018'
2026-06-03 17:18:14,872 [AnyIO worker thread] INFO mulder.server.app: Server context ready for case 'SRL-2018'
2026-06-03 17:18:23,610 [MainThread] INFO mcp.server.lowlevel.server: Processing request of type CallToolRequest
2026-06-03 17:18:23,613 [AnyIO worker thread] INFO mulder.server.app: Opening case database for 'SRL-2018' ...
2026-06-03 17:18:23,628 [AnyIO worker thread] INFO mulder.server.app: Server context ready for case 'SRL-2018'
2026-06-03 17:18:38,790 [MainThread] INFO mcp.server.lowlevel.server: Processing request of type CallToolRequest
2026-06-03 17:18:41,011 [MainThread] INFO mcp.server.lowlevel.server: Processing request of type CallToolRequest
2026-06-03 17:18:41,225 [MainThread] INFO mcp.server.lowlevel.server: Processing request of type CallToolRequest
2026-06-03 17:18:45,359 [MainThread] INFO mcp.server.lowlevel.server: Processing request of type CallToolRequest
2026-06-03 17:18:53,732 [MainThread] INFO mcp.server.lowlevel.server: Processing request of type CallToolRequest
2026-06-03 17:18:55,726 [MainThread] INFO mulder.server.app: Mulder MCP server ready (db_dir=/home/mulder/.mulder/cases)
2026-06-03 17:18:55,747 [MainThread] INFO mcp.server.lowlevel.server: Processing request of type ListToolsRequest
2026-06-03 17:18:55,750 [MainThread] INFO mcp.server.lowlevel.server: Processing request of type ListPromptsRequest
2026-06-03 17:18:55,751 [MainThread] INFO mcp.server.lowlevel.server: Processing request of type ListResourcesRequest
2026-06-03 17:19:03,481 [MainThread] INFO mcp.server.lowlevel.server: Processing request of type CallToolRequest
2026-06-03 17:19:07,560 [MainThread] INFO mcp.server.lowlevel.server: Processing request of type CallToolRequest
2026-06-03 17:19:07,564 [AnyIO worker thread] INFO mulder.server.app: Opening case database for 'SRL-2018' ...
2026-06-03 17:19:07,576 [AnyIO worker thread] INFO mulder.server.app: Server context ready for case 'SRL-2018'
2026-06-03 17:19:17,172 [MainThread] INFO mcp.server.lowlevel.server: Processing request of type CallToolRequest
2026-06-03 17:19:17,207 [AnyIO worker thread] INFO mulder.server.jobs: Submitted batch bg_53829a51 with 5 jobs: ['run_volatility_batch', 'run_volatility_batch', 'run_mmls', 'run_fls', 'run_bulk_extractor']
2026-06-03 17:19:17,309 [mulder-job_2] INFO mulder.server.tools.extract.tsk: mmls failed on /evidence/base-wkstn-01-c-drive.E01: no_partition_table
2026-06-03 17:19:17,319 [mulder-job_2] WARNING mulder.server.jobs: Job job_39471948 (run_mmls) returned error: mmls found no partition table (exit 1). This image is likely a partition dump or single-filesystem image rather than a full disk.
2026-06-03 17:19:17,323 [mulder-job_2] INFO mulder.server.jobs: [JOB_COMPLETE] run_mmls|failed|mmls found no partition table (exit 1). This image is likely a partition dump or single-filesystem image rather than a full disk.
2026-06-03 17:19:17,679 [mulder-job_0] INFO mulder.server.tools.extract.volatility: Volatility batch: context built for '/home/mulder/.mulder/cases/extracted/base-wkstn-01-mem/base-wkstn-01-mem.img', running 14 plugins (timeout=600s)
2026-06-03 17:19:17,680 [mulder-job_1] INFO mulder.server.tools.extract.volatility: Volatility batch: context built for '/home/mulder/.mulder/cases/extracted/base-wkstn-01-memory/base-wkstn-01-memory.img', running 14 plugins (timeout=600s)
2026-06-03 17:19:17,683 [ThreadPoolExecutor-0_0] INFO volatility3.framework.automagic: Running automagic: SymbolCacheMagic
2026-06-03 17:19:17,684 [ThreadPoolExecutor-1_0] INFO volatility3.framework.automagic: Running automagic: SymbolCacheMagic
2026-06-03 17:19:17,724 [ThreadPoolExecutor-0_0] INFO volatility3.framework.automagic: Running automagic: ConstructionMagic
2026-06-03 17:19:17,725 [ThreadPoolExecutor-1_0] INFO volatility3.framework.automagic: Running automagic: ConstructionMagic
2026-06-03 17:19:17,750 [ThreadPoolExecutor-0_0] INFO volatility3.framework.automagic: Running automagic: LayerStacker
2026-06-03 17:19:17,750 [ThreadPoolExecutor-1_0] INFO volatility3.framework.automagic: Running automagic: LayerStacker
2026-06-03 17:19:17,874 [ThreadPoolExecutor-0_0] INFO volatility3.framework.automagic.linux: No Linux banners found - if this is a linux plugin, please check your symbol files location
2026-06-03 17:19:17,875 [ThreadPoolExecutor-0_0] INFO volatility3.framework.automagic.linux: No Linux banners found - if this is a linux plugin, please check your symbol files location
2026-06-03 17:19:17,876 [ThreadPoolExecutor-0_0] INFO volatility3.framework.automagic.mac: No Mac banners found - if this is a mac plugin, please check your symbol files location
2026-06-03 17:19:17,905 [ThreadPoolExecutor-1_0] INFO volatility3.framework.automagic.linux: No Linux banners found - if this is a linux plugin, please check your symbol files location
2026-06-03 17:19:17,925 [ThreadPoolExecutor-1_0] INFO volatility3.framework.automagic.linux: No Linux banners found - if this is a linux plugin, please check your symbol files location
2026-06-03 17:19:17,930 [ThreadPoolExecutor-1_0] INFO volatility3.framework.automagic.mac: No Mac banners found - if this is a mac plugin, please check your symbol files location
2026-06-03 17:19:17,963 [ThreadPoolExecutor-0_0] INFO volatility3.framework.automagic: Running automagic: WinSwapLayers
2026-06-03 17:19:17,974 [ThreadPoolExecutor-0_0] INFO volatility3.framework.automagic: Running automagic: KernelPDBScanner
2026-06-03 17:19:18,006 [ThreadPoolExecutor-1_0] INFO volatility3.framework.automagic: Running automagic: WinSwapLayers
2026-06-03 17:19:18,009 [ThreadPoolExecutor-1_0] INFO volatility3.framework.automagic: Running automagic: KernelPDBScanner
2026-06-03 17:19:18,082 [ThreadPoolExecutor-1_0] INFO volatility3.framework.symbols.windows.pdbconv: Download PDB file...
2026-06-03 17:19:18,126 [ThreadPoolExecutor-0_0] INFO volatility3.framework.symbols.windows.pdbconv: Download PDB file...
2026-06-03 17:19:19,066 [ThreadPoolExecutor-1_0] INFO volatility3.framework.automagic: Running automagic: SymbolFinder
2026-06-03 17:19:19,068 [ThreadPoolExecutor-1_0] INFO volatility3.framework.automagic: Running automagic: LinuxSymbolFinder
2026-06-03 17:19:19,069 [ThreadPoolExecutor-1_0] INFO volatility3.framework.automagic: Running automagic: MacSymbolFinder
2026-06-03 17:19:19,071 [ThreadPoolExecutor-1_0] INFO volatility3.framework.automagic: Running automagic: KernelModule
2026-06-03 17:19:19,073 [ThreadPoolExecutor-1_0] WARNING volatility3.framework.plugins: Automagic exception occurred: sqlite3.ProgrammingError: SQLite objects created in a thread can only be used in that same thread. The object was created in thread id 281473059062016 and this is thread id 281472642687232.
2026-06-03 17:19:19,074 [ThreadPoolExecutor-1_0] WARNING volatility3.framework.plugins: Automagic exception occurred: volatility3.framework.exceptions.InvalidAddressException: Offset outside of the buffer boundaries
2026-06-03 17:19:19,075 [mulder-job_1] INFO mulder.server.tools.extract.volatility: Volatility batch: pslist -> error
2026-06-03 17:19:19,077 [ThreadPoolExecutor-2_0] INFO volatility3.framework.automagic: Running automagic: SymbolCacheMagic
2026-06-03 17:19:19,096 [ThreadPoolExecutor-2_0] INFO volatility3.framework.automagic: Running automagic: ConstructionMagic
2026-06-03 17:19:19,101 [ThreadPoolExecutor-2_0] INFO volatility3.framework.automagic: Running automagic: LayerStacker
2026-06-03 17:19:19,104 [ThreadPoolExecutor-2_0] INFO volatility3.framework.automagic: Running automagic: WinSwapLayers
2026-06-03 17:19:19,105 [ThreadPoolExecutor-2_0] INFO volatility3.framework.automagic: Running automagic: KernelPDBScanner
2026-06-03 17:19:19,127 [ThreadPoolExecutor-2_0] INFO volatility3.framework.symbols.windows.pdbconv: Download PDB file...
2026-06-03 17:19:19,704 [ThreadPoolExecutor-2_0] INFO volatility3.framework.automagic: Running automagic: SymbolFinder
2026-06-03 17:19:19,704 [ThreadPoolExecutor-2_0] INFO volatility3.framework.automagic: Running automagic: LinuxSymbolFinder
2026-06-03 17:19:19,706 [ThreadPoolExecutor-2_0] INFO volatility3.framework.automagic: Running automagic: MacSymbolFinder
2026-06-03 17:19:19,707 [ThreadPoolExecutor-2_0] INFO volatility3.framework.automagic: Running automagic: KernelModule
2026-06-03 17:19:19,708 [ThreadPoolExecutor-2_0] WARNING volatility3.framework.plugins: Automagic exception occurred: sqlite3.ProgrammingError: SQLite objects created in a thread can only be used in that same thread. The object was created in thread id 281473059062016 and this is thread id 281472642687232.
2026-06-03 17:19:19,709 [ThreadPoolExecutor-2_0] WARNING volatility3.framework.plugins: Automagic exception occurred: volatility3.framework.exceptions.InvalidAddressException: Offset outside of the buffer boundaries
2026-06-03 17:19:19,709 [mulder-job_1] INFO mulder.server.tools.extract.volatility: Volatility batch: pstree -> error
2026-06-03 17:19:19,710 [ThreadPoolExecutor-3_0] INFO volatility3.framework.automagic: Running automagic: SymbolCacheMagic
2026-06-03 17:19:19,732 [ThreadPoolExecutor-3_0] INFO volatility3.framework.automagic: Running automagic: ConstructionMagic
2026-06-03 17:19:19,739 [ThreadPoolExecutor-3_0] INFO volatility3.framework.automagic: Running automagic: LayerStacker
2026-06-03 17:19:19,740 [ThreadPoolExecutor-3_0] INFO volatility3.framework.automagic: Running automagic: WinSwapLayers
2026-06-03 17:19:19,740 [ThreadPoolExecutor-3_0] INFO volatility3.framework.automagic: Running automagic: KernelPDBScanner
2026-06-03 17:19:19,754 [ThreadPoolExecutor-3_0] INFO volatility3.framework.symbols.windows.pdbconv: Download PDB file...
2026-06-03 17:19:21,683 [MainThread] INFO mcp.server.lowlevel.server: Processing request of type CallToolRequest
2026-06-03 17:19:33,820 [MainThread] INFO mcp.server.lowlevel.server: Processing request of type CallToolRequest
2026-06-03 17:19:46,415 [MainThread] INFO mcp.server.lowlevel.server: Processing request of type CallToolRequest
2026-06-03 17:19:46,419 [MainThread] INFO mulder.server.app: Resource throttle: search waiting (cpu=100%>=90.0%, waited 0s)
2026-06-03 17:19:51,426 [MainThread] INFO mulder.server.app: Resource throttle: search waiting (cpu=100%>=90.0%, waited 5s)
2026-06-03 17:19:52,129 [ThreadPoolExecutor-0_0] INFO volatility3.framework.automagic: Running automagic: SymbolFinder
2026-06-03 17:19:52,133 [ThreadPoolExecutor-0_0] INFO volatility3.framework.automagic: Running automagic: LinuxSymbolFinder
2026-06-03 17:19:52,135 [ThreadPoolExecutor-0_0] INFO volatility3.framework.automagic: Running automagic: MacSymbolFinder
2026-06-03 17:19:52,139 [ThreadPoolExecutor-0_0] INFO volatility3.framework.automagic: Running automagic: KernelModule
2026-06-03 17:19:52,141 [ThreadPoolExecutor-0_0] WARNING volatility3.framework.plugins: Automagic exception occurred: sqlite3.ProgrammingError: SQLite objects created in a thread can only be used in that same thread. The object was created in thread id 281473071927552 and this is thread id 281472655552768.
2026-06-03 17:19:52,142 [ThreadPoolExecutor-0_0] WARNING volatility3.framework.plugins: Automagic exception occurred: EOFError: Compressed file ended before the end-of-stream marker was reached
2026-06-03 17:19:52,143 [mulder-job_0] INFO mulder.server.tools.extract.volatility: Volatility batch: pslist -> error
2026-06-03 17:19:52,158 [ThreadPoolExecutor-4_0] INFO volatility3.framework.automagic: Running automagic: SymbolCacheMagic
2026-06-03 17:19:52,200 [ThreadPoolExecutor-4_0] INFO volatility3.framework.automagic: Running automagic: ConstructionMagic
2026-06-03 17:19:52,208 [ThreadPoolExecutor-4_0] INFO volatility3.framework.automagic: Running automagic: LayerStacker
2026-06-03 17:19:52,212 [ThreadPoolExecutor-4_0] INFO volatility3.framework.automagic: Running automagic: WinSwapLayers
2026-06-03 17:19:52,213 [ThreadPoolExecutor-4_0] INFO volatility3.framework.automagic: Running automagic: KernelPDBScanner
2026-06-03 17:19:52,317 [ThreadPoolExecutor-4_0] INFO volatility3.framework.symbols.windows.pdbconv: Download PDB file...
2026-06-03 17:19:55,275 [ThreadPoolExecutor-3_0] INFO volatility3.framework.automagic: Running automagic: SymbolFinder
2026-06-03 17:19:55,293 [ThreadPoolExecutor-3_0] INFO volatility3.framework.automagic: Running automagic: LinuxSymbolFinder
2026-06-03 17:19:55,304 [ThreadPoolExecutor-3_0] INFO volatility3.framework.automagic: Running automagic: MacSymbolFinder
2026-06-03 17:19:55,328 [ThreadPoolExecutor-3_0] INFO volatility3.framework.automagic: Running automagic: KernelModule
2026-06-03 17:19:55,365 [ThreadPoolExecutor-3_0] WARNING volatility3.framework.plugins: Automagic exception occurred: sqlite3.ProgrammingError: SQLite objects created in a thread can only be used in that same thread. The object was created in thread id 281473059062016 and this is thread id 281472642687232.
2026-06-03 17:19:55,381 [ThreadPoolExecutor-3_0] WARNING volatility3.framework.plugins: Automagic exception occurred: _lzma.LZMAError: Input format not supported by decoder
2026-06-03 17:19:55,394 [mulder-job_1] INFO mulder.server.tools.extract.volatility: Volatility batch: cmdline -> error
2026-06-03 17:19:55,408 [ThreadPoolExecutor-5_0] INFO volatility3.framework.automagic: Running automagic: SymbolCacheMagic
2026-06-03 17:19:55,481 [ThreadPoolExecutor-5_0] INFO volatility3.framework.automagic: Running automagic: ConstructionMagic
2026-06-03 17:19:55,540 [ThreadPoolExecutor-5_0] INFO volatility3.framework.automagic: Running automagic: LayerStacker
2026-06-03 17:19:55,575 [ThreadPoolExecutor-5_0] INFO volatility3.framework.automagic: Running automagic: WinSwapLayers
2026-06-03 17:19:55,584 [ThreadPoolExecutor-5_0] INFO volatility3.framework.automagic: Running automagic: KernelPDBScanner
2026-06-03 17:19:55,785 [ThreadPoolExecutor-5_0] INFO volatility3.framework.symbols.windows.pdbconv: Download PDB file...
2026-06-03 17:19:56,440 [MainThread] INFO mulder.server.app: Resource throttle: search waiting (cpu=100%>=90.0%, waited 10s)
2026-06-03 17:20:01,465 [MainThread] INFO mulder.server.app: Resource throttle: search waiting (cpu=100%>=90.0%, waited 15s)
2026-06-03 17:20:06,472 [MainThread] INFO mulder.server.app: Resource throttle: search waiting (cpu=100%>=90.0%, waited 20s)
2026-06-03 17:20:11,479 [MainThread] INFO mulder.server.app: Resource throttle: search waiting (cpu=100%>=90.0%, waited 25s)
2026-06-03 17:20:16,487 [MainThread] INFO mulder.server.app: Resource throttle: search waiting (cpu=100%>=90.0%, waited 30s)
2026-06-03 17:20:21,497 [MainThread] INFO mulder.server.app: Resource throttle: search waiting (cpu=100%>=90.0%, waited 35s)
2026-06-03 17:20:26,503 [MainThread] INFO mulder.server.app: Resource throttle: search waiting (cpu=100%>=90.0%, waited 40s)
2026-06-03 17:20:31,511 [MainThread] INFO mulder.server.app: Resource throttle: search waiting (cpu=100%>=90.0%, waited 45s)
2026-06-03 17:20:32,572 [ThreadPoolExecutor-4_0] INFO volatility3.framework.automagic: Running automagic: SymbolFinder
2026-06-03 17:20:32,589 [ThreadPoolExecutor-4_0] INFO volatility3.framework.automagic: Running automagic: LinuxSymbolFinder
2026-06-03 17:20:32,597 [ThreadPoolExecutor-4_0] INFO volatility3.framework.automagic: Running automagic: MacSymbolFinder
2026-06-03 17:20:32,603 [ThreadPoolExecutor-4_0] INFO volatility3.framework.automagic: Running automagic: KernelModule
2026-06-03 17:20:35,280 [ThreadPoolExecutor-5_0] INFO volatility3.framework.automagic: Running automagic: SymbolFinder
2026-06-03 17:20:35,294 [ThreadPoolExecutor-5_0] INFO volatility3.framework.automagic: Running automagic: LinuxSymbolFinder
2026-06-03 17:20:35,301 [ThreadPoolExecutor-5_0] INFO volatility3.framework.automagic: Running automagic: MacSymbolFinder
2026-06-03 17:20:35,307 [ThreadPoolExecutor-5_0] INFO volatility3.framework.automagic: Running automagic: KernelModule
2026-06-03 17:20:36,519 [MainThread] INFO mulder.server.app: Resource throttle: search waiting (cpu=100%>=90.0%, waited 50s)
2026-06-03 17:20:41,534 [MainThread] INFO mulder.server.app: Resource throttle: search waiting (cpu=100%>=90.0%, waited 55s)
2026-06-03 17:20:46,540 [MainThread] INFO mulder.server.app: Resource throttle: search waiting (cpu=100%>=90.0%, waited 60s)
2026-06-03 17:20:51,547 [MainThread] INFO mulder.server.app: Resource throttle: search waiting (cpu=100%>=90.0%, waited 65s)
2026-06-03 17:20:53,174 [mulder-job_0] INFO mulder.server.tools.extract.volatility: Volatility batch: pstree -> indexed
2026-06-03 17:20:53,181 [ThreadPoolExecutor-6_0] INFO volatility3.framework.automagic: Running automagic: SymbolCacheMagic
2026-06-03 17:20:53,241 [ThreadPoolExecutor-6_0] INFO volatility3.framework.automagic: Running automagic: ConstructionMagic
2026-06-03 17:20:53,263 [ThreadPoolExecutor-6_0] INFO volatility3.framework.automagic: Running automagic: LayerStacker
2026-06-03 17:20:53,271 [ThreadPoolExecutor-6_0] INFO volatility3.framework.automagic: Running automagic: WinSwapLayers
2026-06-03 17:20:53,278 [ThreadPoolExecutor-6_0] INFO volatility3.framework.automagic: Running automagic: KernelPDBScanner
2026-06-03 17:20:53,617 [ThreadPoolExecutor-6_0] INFO volatility3.framework.symbols.windows.pdbconv: Download PDB file...
2026-06-03 17:20:56,557 [MainThread] INFO mulder.server.app: Resource throttle: search waiting (cpu=100%>=90.0%, waited 70s)
2026-06-03 17:21:01,564 [MainThread] INFO mulder.server.app: Resource throttle: search waiting (cpu=100%>=90.0%, waited 75s)
2026-06-03 17:21:06,570 [MainThread] INFO mulder.server.app: Resource throttle: search waiting (cpu=100%>=90.0%, waited 80s)
2026-06-03 17:21:11,578 [MainThread] INFO mulder.server.app: Resource throttle: search waiting (cpu=100%>=90.0%, waited 85s)
2026-06-03 17:21:16,587 [MainThread] INFO mulder.server.app: Resource throttle: search waiting (cpu=100%>=90.0%, waited 90s)
2026-06-03 17:21:18,196 [ThreadPoolExecutor-6_0] INFO volatility3.framework.automagic: Running automagic: SymbolFinder
2026-06-03 17:21:18,201 [ThreadPoolExecutor-6_0] INFO volatility3.framework.automagic: Running automagic: LinuxSymbolFinder
2026-06-03 17:21:18,202 [ThreadPoolExecutor-6_0] INFO volatility3.framework.automagic: Running automagic: MacSymbolFinder
2026-06-03 17:21:18,203 [ThreadPoolExecutor-6_0] INFO volatility3.framework.automagic: Running automagic: KernelModule
2026-06-03 17:21:21,595 [MainThread] INFO mulder.server.app: Resource throttle: search waiting (cpu=100%>=90.0%, waited 95s)
2026-06-03 17:21:24,866 [mulder-job_3] INFO mulder.server.jobs: Job job_50c059ad (run_fls) completed
2026-06-03 17:21:24,873 [mulder-job_3] INFO mulder.server.jobs: [JOB_COMPLETE] run_fls|completed|
2026-06-03 17:21:25,000 [mulder-job_0] INFO mulder.server.tools.extract.volatility: Volatility batch: cmdline -> indexed
2026-06-03 17:21:25,005 [ThreadPoolExecutor-7_0] INFO volatility3.framework.automagic: Running automagic: SymbolCacheMagic
2026-06-03 17:21:25,060 [ThreadPoolExecutor-7_0] INFO volatility3.framework.automagic: Running automagic: ConstructionMagic
2026-06-03 17:21:25,074 [ThreadPoolExecutor-7_0] INFO volatility3.framework.automagic: Running automagic: LayerStacker
2026-06-03 17:21:25,076 [ThreadPoolExecutor-7_0] INFO volatility3.framework.automagic: Running automagic: WinSwapLayers
2026-06-03 17:21:25,085 [ThreadPoolExecutor-7_0] INFO volatility3.framework.automagic: Running automagic: KernelPDBScanner
2026-06-03 17:21:25,248 [ThreadPoolExecutor-7_0] INFO volatility3.framework.symbols.windows.pdbconv: Download PDB file...
2026-06-03 17:21:26,603 [MainThread] INFO mulder.server.app: Resource throttle: search waiting (cpu=100%>=90.0%, waited 100s)
2026-06-03 17:21:31,611 [MainThread] INFO mulder.server.app: Resource throttle: search waiting (cpu=100%>=90.0%, waited 105s)
2026-06-03 17:21:36,619 [MainThread] INFO mulder.server.app: Resource throttle: search waiting (cpu=100%>=90.0%, waited 110s)
2026-06-03 17:21:41,631 [MainThread] INFO mulder.server.app: Resource throttle: search waiting (cpu=100%>=90.0%, waited 115s)
2026-06-03 17:21:46,640 [MainThread] INFO mulder.server.app: Resource throttle: search waiting (cpu=100%>=90.0%, waited 120s)
2026-06-03 17:21:49,515 [ThreadPoolExecutor-7_0] INFO volatility3.framework.automagic: Running automagic: SymbolFinder
2026-06-03 17:21:49,518 [ThreadPoolExecutor-7_0] INFO volatility3.framework.automagic: Running automagic: LinuxSymbolFinder
2026-06-03 17:21:49,521 [ThreadPoolExecutor-7_0] INFO volatility3.framework.automagic: Running automagic: MacSymbolFinder
2026-06-03 17:21:49,528 [ThreadPoolExecutor-7_0] INFO volatility3.framework.automagic: Running automagic: KernelModule
2026-06-03 17:21:51,650 [MainThread] INFO mulder.server.app: Resource throttle: search waiting (cpu=100%>=90.0%, waited 125s)
2026-06-03 17:21:56,668 [MainThread] INFO mulder.server.app: Resource throttle: search waiting (cpu=100%>=90.0%, waited 130s)
2026-06-03 17:22:01,719 [MainThread] INFO mulder.server.app: Resource throttle: search waiting (cpu=100%>=90.0%, waited 135s)
2026-06-03 17:22:06,734 [MainThread] INFO mulder.server.app: Resource throttle: search waiting (cpu=100%>=90.0%, waited 140s)
2026-06-03 17:22:11,742 [MainThread] INFO mulder.server.app: Resource throttle: search waiting (cpu=100%>=90.0%, waited 145s)
2026-06-03 17:22:16,755 [MainThread] INFO mulder.server.app: Resource throttle: search waiting (cpu=100%>=90.0%, waited 150s)
2026-06-03 17:22:21,767 [MainThread] INFO mulder.server.app: Resource throttle: search waiting (cpu=100%>=90.0%, waited 155s)
2026-06-03 17:22:26,775 [MainThread] INFO mulder.server.app: Resource throttle: search waiting (cpu=100%>=90.0%, waited 160s)
2026-06-03 17:22:31,785 [MainThread] INFO mulder.server.app: Resource throttle: search waiting (cpu=100%>=90.0%, waited 165s)
2026-06-03 17:22:36,796 [MainThread] INFO mulder.server.app: Resource throttle: search waiting (cpu=100%>=90.0%, waited 170s)
2026-06-03 17:22:41,805 [MainThread] INFO mulder.server.app: Resource throttle: search waiting (cpu=100%>=90.0%, waited 175s)
2026-06-03 17:22:46,816 [MainThread] INFO mulder.server.app: Resource throttle: search waiting (cpu=100%>=90.0%, waited 180s)
2026-06-03 17:22:46,930 [mulder-job_1] INFO mulder.server.tools.extract.volatility: Volatility batch: netscan -> indexed
2026-06-03 17:22:46,952 [ThreadPoolExecutor-8_0] INFO volatility3.framework.automagic: Running automagic: SymbolCacheMagic
2026-06-03 17:22:47,021 [ThreadPoolExecutor-8_0] INFO volatility3.framework.automagic: Running automagic: ConstructionMagic
2026-06-03 17:22:47,030 [ThreadPoolExecutor-8_0] INFO volatility3.framework.automagic: Running automagic: LayerStacker
2026-06-03 17:22:47,032 [ThreadPoolExecutor-8_0] INFO volatility3.framework.automagic: Running automagic: WinSwapLayers
2026-06-03 17:22:47,033 [ThreadPoolExecutor-8_0] INFO volatility3.framework.automagic: Running automagic: KernelPDBScanner
2026-06-03 17:22:47,108 [ThreadPoolExecutor-8_0] INFO volatility3.framework.symbols.windows.pdbconv: Download PDB file...
2026-06-03 17:22:51,828 [MainThread] INFO mulder.server.app: Resource throttle: search waiting (cpu=100%>=90.0%, waited 185s)
2026-06-03 17:22:56,838 [MainThread] INFO mulder.server.app: Resource throttle: search waiting (cpu=100%>=90.0%, waited 190s)
2026-06-03 17:23:01,845 [MainThread] INFO mulder.server.app: Resource throttle: search waiting (cpu=100%>=90.0%, waited 195s)
2026-06-03 17:23:06,856 [MainThread] INFO mulder.server.app: Resource throttle: search waiting (cpu=100%>=90.0%, waited 200s)
2026-06-03 17:23:11,739 [ThreadPoolExecutor-8_0] INFO volatility3.framework.automagic: Running automagic: SymbolFinder
2026-06-03 17:23:11,743 [ThreadPoolExecutor-8_0] INFO volatility3.framework.automagic: Running automagic: LinuxSymbolFinder
2026-06-03 17:23:11,750 [ThreadPoolExecutor-8_0] INFO volatility3.framework.automagic: Running automagic: MacSymbolFinder
2026-06-03 17:23:11,753 [ThreadPoolExecutor-8_0] INFO volatility3.framework.automagic: Running automagic: KernelModule
2026-06-03 17:23:11,865 [MainThread] INFO mulder.server.app: Resource throttle: search waiting (cpu=100%>=90.0%, waited 205s)
2026-06-03 17:23:12,018 [mulder-job_1] INFO mulder.server.tools.extract.volatility: Volatility batch: malfind -> header_only
2026-06-03 17:23:12,024 [ThreadPoolExecutor-9_0] INFO volatility3.framework.automagic: Running automagic: SymbolCacheMagic
2026-06-03 17:23:12,086 [ThreadPoolExecutor-9_0] INFO volatility3.framework.automagic: Running automagic: ConstructionMagic
2026-06-03 17:23:12,106 [ThreadPoolExecutor-9_0] INFO volatility3.framework.automagic: Running automagic: LayerStacker
2026-06-03 17:23:12,113 [ThreadPoolExecutor-9_0] INFO volatility3.framework.automagic: Running automagic: WinSwapLayers
2026-06-03 17:23:12,119 [ThreadPoolExecutor-9_0] INFO volatility3.framework.automagic: Running automagic: KernelPDBScanner
2026-06-03 17:23:12,234 [ThreadPoolExecutor-9_0] INFO volatility3.framework.symbols.windows.pdbconv: Download PDB file...
2026-06-03 17:23:16,883 [MainThread] INFO mulder.server.app: Resource throttle: search waiting (cpu=100%>=90.0%, waited 210s)
2026-06-03 17:23:21,893 [MainThread] INFO mulder.server.app: Resource throttle: search waiting (cpu=100%>=90.0%, waited 215s)
2026-06-03 17:23:26,899 [MainThread] INFO mulder.server.app: Resource throttle: search waiting (cpu=100%>=90.0%, waited 220s)
2026-06-03 17:23:31,909 [MainThread] INFO mulder.server.app: Resource throttle: search waiting (cpu=100%>=90.0%, waited 225s)
2026-06-03 17:23:36,923 [MainThread] INFO mulder.server.app: Resource throttle: search waiting (cpu=100%>=90.0%, waited 230s)
2026-06-03 17:23:37,281 [ThreadPoolExecutor-9_0] INFO volatility3.framework.automagic: Running automagic: SymbolFinder
2026-06-03 17:23:37,283 [ThreadPoolExecutor-9_0] INFO volatility3.framework.automagic: Running automagic: LinuxSymbolFinder
2026-06-03 17:23:37,285 [ThreadPoolExecutor-9_0] INFO volatility3.framework.automagic: Running automagic: MacSymbolFinder
2026-06-03 17:23:37,288 [ThreadPoolExecutor-9_0] INFO volatility3.framework.automagic: Running automagic: KernelModule
2026-06-03 17:23:41,929 [MainThread] INFO mulder.server.app: Resource throttle: search waiting (cpu=100%>=90.0%, waited 235s)
2026-06-03 17:23:46,938 [MainThread] INFO mulder.server.app: Resource throttle: search waiting (cpu=100%>=90.0%, waited 240s)
2026-06-03 17:23:51,949 [MainThread] INFO mulder.server.app: Resource throttle: search waiting (cpu=100%>=90.0%, waited 245s)
2026-06-03 17:23:56,962 [MainThread] INFO mulder.server.app: Resource throttle: search waiting (cpu=100%>=90.0%, waited 250s)
2026-06-03 17:24:01,969 [MainThread] INFO mulder.server.app: Resource throttle: search waiting (cpu=100%>=90.0%, waited 255s)
2026-06-03 17:24:06,979 [MainThread] INFO mulder.server.app: Resource throttle: search waiting (cpu=100%>=90.0%, waited 260s)
2026-06-03 17:24:11,988 [MainThread] INFO mulder.server.app: Resource throttle: search waiting (cpu=100%>=90.0%, waited 265s)
2026-06-03 17:24:16,996 [MainThread] INFO mulder.server.app: Resource throttle: search waiting (cpu=100%>=90.0%, waited 270s)
2026-06-03 17:24:22,010 [MainThread] INFO mulder.server.app: Resource throttle: search waiting (cpu=100%>=90.0%, waited 275s)
2026-06-03 17:24:27,021 [MainThread] INFO mulder.server.app: Resource throttle: search waiting (cpu=100%>=90.0%, waited 280s)
2026-06-03 17:24:32,030 [MainThread] INFO mulder.server.app: Resource throttle: search waiting (cpu=100%>=90.0%, waited 285s)
2026-06-03 17:24:37,040 [MainThread] INFO mulder.server.app: Resource throttle: search waiting (cpu=100%>=90.0%, waited 290s)
2026-06-03 17:24:42,055 [MainThread] INFO mulder.server.app: Resource throttle: search waiting (cpu=100%>=90.0%, waited 295s)
2026-06-03 17:25:06,479 [mulder-job_0] INFO mulder.server.tools.extract.volatility: Volatility batch: netscan -> indexed
2026-06-03 17:25:06,494 [ThreadPoolExecutor-10_0] INFO volatility3.framework.automagic: Running automagic: SymbolCacheMagic
2026-06-03 17:25:06,557 [ThreadPoolExecutor-10_0] INFO volatility3.framework.automagic: Running automagic: ConstructionMagic
2026-06-03 17:25:06,564 [ThreadPoolExecutor-10_0] INFO volatility3.framework.automagic: Running automagic: LayerStacker
2026-06-03 17:25:06,567 [ThreadPoolExecutor-10_0] INFO volatility3.framework.automagic: Running automagic: WinSwapLayers
2026-06-03 17:25:06,573 [ThreadPoolExecutor-10_0] INFO volatility3.framework.automagic: Running automagic: KernelPDBScanner
2026-06-03 17:25:06,662 [ThreadPoolExecutor-10_0] INFO volatility3.framework.symbols.windows.pdbconv: Download PDB file...
2026-06-03 17:25:10,531 [mulder-job_1] INFO mulder.server.tools.extract.volatility: Volatility batch: psscan -> indexed
2026-06-03 17:25:10,540 [ThreadPoolExecutor-11_0] INFO volatility3.framework.automagic: Running automagic: SymbolCacheMagic
2026-06-03 17:25:10,701 [ThreadPoolExecutor-11_0] INFO volatility3.framework.automagic: Running automagic: ConstructionMagic
2026-06-03 17:25:10,820 [ThreadPoolExecutor-11_0] INFO volatility3.framework.automagic: Running automagic: LayerStacker
2026-06-03 17:25:10,835 [ThreadPoolExecutor-11_0] INFO volatility3.framework.automagic: Running automagic: WinSwapLayers
2026-06-03 17:25:10,836 [ThreadPoolExecutor-11_0] INFO volatility3.framework.automagic: Running automagic: KernelPDBScanner
2026-06-03 17:25:10,979 [ThreadPoolExecutor-11_0] INFO volatility3.framework.symbols.windows.pdbconv: Download PDB file...
2026-06-03 17:25:24,306 [MainThread] INFO mcp.server.lowlevel.server: Processing request of type CallToolRequest
2026-06-03 17:25:24,312 [MainThread] INFO mulder.server.app: Resource throttle: search waiting (cpu=100%>=90.0%, waited 0s)
2026-06-03 17:25:29,321 [MainThread] INFO mulder.server.app: Resource throttle: search waiting (cpu=100%>=90.0%, waited 5s)
2026-06-03 17:25:34,335 [MainThread] INFO mulder.server.app: Resource throttle: search waiting (cpu=100%>=90.0%, waited 10s)
2026-06-03 17:25:39,342 [MainThread] INFO mulder.server.app: Resource throttle: search waiting (cpu=100%>=90.0%, waited 15s)
2026-06-03 17:25:42,162 [ThreadPoolExecutor-10_0] INFO volatility3.framework.automagic: Running automagic: SymbolFinder
2026-06-03 17:25:42,188 [ThreadPoolExecutor-10_0] INFO volatility3.framework.automagic: Running automagic: LinuxSymbolFinder
2026-06-03 17:25:42,196 [ThreadPoolExecutor-10_0] INFO volatility3.framework.automagic: Running automagic: MacSymbolFinder
2026-06-03 17:25:42,202 [ThreadPoolExecutor-10_0] INFO volatility3.framework.automagic: Running automagic: KernelModule
2026-06-03 17:25:44,099 [ThreadPoolExecutor-11_0] INFO volatility3.framework.automagic: Running automagic: SymbolFinder
2026-06-03 17:25:44,103 [ThreadPoolExecutor-11_0] INFO volatility3.framework.automagic: Running automagic: LinuxSymbolFinder
2026-06-03 17:25:44,104 [ThreadPoolExecutor-11_0] INFO volatility3.framework.automagic: Running automagic: MacSymbolFinder
2026-06-03 17:25:44,107 [ThreadPoolExecutor-11_0] INFO volatility3.framework.automagic: Running automagic: KernelModule
2026-06-03 17:25:44,336 [mulder-job_1] INFO mulder.server.tools.extract.volatility: Volatility batch: dlllist -> header_only
2026-06-03 17:25:44,345 [ThreadPoolExecutor-12_0] INFO volatility3.framework.automagic: Running automagic: SymbolCacheMagic
2026-06-03 17:25:44,349 [MainThread] INFO mulder.server.app: Resource throttle: search waiting (cpu=100%>=90.0%, waited 20s)
2026-06-03 17:25:44,400 [ThreadPoolExecutor-12_0] INFO volatility3.framework.automagic: Running automagic: ConstructionMagic
2026-06-03 17:25:44,408 [ThreadPoolExecutor-12_0] INFO volatility3.framework.automagic: Running automagic: LayerStacker
2026-06-03 17:25:44,416 [ThreadPoolExecutor-12_0] INFO volatility3.framework.automagic: Running automagic: WinSwapLayers
2026-06-03 17:25:44,418 [ThreadPoolExecutor-12_0] INFO volatility3.framework.automagic: Running automagic: KernelPDBScanner
2026-06-03 17:25:44,474 [ThreadPoolExecutor-12_0] INFO volatility3.framework.symbols.windows.pdbconv: Download PDB file...
2026-06-03 17:25:49,358 [MainThread] INFO mulder.server.app: Resource throttle: search waiting (cpu=100%>=90.0%, waited 25s)
2026-06-03 17:25:54,365 [MainThread] INFO mulder.server.app: Resource throttle: search waiting (cpu=100%>=90.0%, waited 30s)
2026-06-03 17:25:59,375 [MainThread] INFO mulder.server.app: Resource throttle: search waiting (cpu=100%>=90.0%, waited 35s)
2026-06-03 17:26:04,384 [MainThread] INFO mulder.server.app: Resource throttle: search waiting (cpu=100%>=90.0%, waited 40s)
2026-06-03 17:26:09,397 [MainThread] INFO mulder.server.app: Resource throttle: search waiting (cpu=100%>=90.0%, waited 45s)
2026-06-03 17:26:11,280 [ThreadPoolExecutor-12_0] INFO volatility3.framework.automagic: Running automagic: SymbolFinder
2026-06-03 17:26:11,288 [ThreadPoolExecutor-12_0] INFO volatility3.framework.automagic: Running automagic: LinuxSymbolFinder
2026-06-03 17:26:11,290 [ThreadPoolExecutor-12_0] INFO volatility3.framework.automagic: Running automagic: MacSymbolFinder
2026-06-03 17:26:11,294 [ThreadPoolExecutor-12_0] INFO volatility3.framework.automagic: Running automagic: KernelModule
2026-06-03 17:26:11,506 [mulder-job_1] INFO mulder.server.tools.extract.volatility: Volatility batch: svcscan -> header_only
2026-06-03 17:26:11,517 [ThreadPoolExecutor-13_0] INFO volatility3.framework.automagic: Running automagic: SymbolCacheMagic
2026-06-03 17:26:11,579 [ThreadPoolExecutor-13_0] INFO volatility3.framework.automagic: Running automagic: ConstructionMagic
2026-06-03 17:26:11,598 [ThreadPoolExecutor-13_0] INFO volatility3.framework.automagic: Running automagic: LayerStacker
2026-06-03 17:26:11,609 [ThreadPoolExecutor-13_0] INFO volatility3.framework.automagic: Running automagic: WinSwapLayers
2026-06-03 17:26:11,615 [ThreadPoolExecutor-13_0] INFO volatility3.framework.automagic: Running automagic: KernelPDBScanner
2026-06-03 17:26:11,692 [ThreadPoolExecutor-13_0] INFO volatility3.framework.symbols.windows.pdbconv: Download PDB file...
2026-06-03 17:26:14,404 [MainThread] INFO mulder.server.app: Resource throttle: search waiting (cpu=100%>=90.0%, waited 50s)
2026-06-03 17:26:19,414 [MainThread] INFO mulder.server.app: Resource throttle: search waiting (cpu=100%>=90.0%, waited 55s)
2026-06-03 17:26:24,423 [MainThread] INFO mulder.server.app: Resource throttle: search waiting (cpu=100%>=90.0%, waited 60s)
2026-06-03 17:26:29,430 [MainThread] INFO mulder.server.app: Resource throttle: search waiting (cpu=100%>=90.0%, waited 65s)
2026-06-03 17:26:34,446 [MainThread] INFO mulder.server.app: Resource throttle: search waiting (cpu=100%>=90.0%, waited 70s)
2026-06-03 17:26:39,458 [MainThread] INFO mulder.server.app: Resource throttle: search waiting (cpu=100%>=90.0%, waited 75s)
2026-06-03 17:26:44,234 [ThreadPoolExecutor-13_0] INFO volatility3.framework.automagic: Running automagic: SymbolFinder
2026-06-03 17:26:44,245 [ThreadPoolExecutor-13_0] INFO volatility3.framework.automagic: Running automagic: LinuxSymbolFinder
2026-06-03 17:26:44,246 [ThreadPoolExecutor-13_0] INFO volatility3.framework.automagic: Running automagic: MacSymbolFinder
2026-06-03 17:26:44,253 [ThreadPoolExecutor-13_0] INFO volatility3.framework.automagic: Running automagic: KernelModule
2026-06-03 17:26:44,474 [MainThread] INFO mulder.server.app: Resource throttle: search waiting (cpu=100%>=90.0%, waited 80s)
2026-06-03 17:26:46,883 [mulder-job_1] INFO mulder.server.tools.extract.volatility: Volatility batch: envars -> header_only
2026-06-03 17:26:46,895 [ThreadPoolExecutor-14_0] INFO volatility3.framework.automagic: Running automagic: SymbolCacheMagic
2026-06-03 17:26:46,971 [ThreadPoolExecutor-14_0] INFO volatility3.framework.automagic: Running automagic: ConstructionMagic
2026-06-03 17:26:47,004 [ThreadPoolExecutor-14_0] INFO volatility3.framework.automagic: Running automagic: LayerStacker
2026-06-03 17:26:47,009 [ThreadPoolExecutor-14_0] INFO volatility3.framework.automagic: Running automagic: WinSwapLayers
2026-06-03 17:26:47,013 [ThreadPoolExecutor-14_0] INFO volatility3.framework.automagic: Running automagic: KernelPDBScanner
2026-06-03 17:26:47,162 [ThreadPoolExecutor-14_0] INFO volatility3.framework.symbols.windows.pdbconv: Download PDB file...
2026-06-03 17:26:49,488 [MainThread] INFO mulder.server.app: Resource throttle: search waiting (cpu=100%>=90.0%, waited 85s)
2026-06-03 17:26:54,494 [MainThread] INFO mulder.server.app: Resource throttle: search waiting (cpu=100%>=90.0%, waited 90s)
2026-06-03 17:26:59,500 [MainThread] INFO mulder.server.app: Resource throttle: search waiting (cpu=100%>=90.0%, waited 95s)
2026-06-03 17:27:04,515 [MainThread] INFO mulder.server.app: Resource throttle: search waiting (cpu=100%>=90.0%, waited 100s)
2026-06-03 17:27:09,540 [MainThread] INFO mulder.server.app: Resource throttle: search waiting (cpu=100%>=90.0%, waited 105s)
2026-06-03 17:27:14,554 [MainThread] INFO mulder.server.app: Resource throttle: search waiting (cpu=100%>=90.0%, waited 110s)
2026-06-03 17:27:16,914 [ThreadPoolExecutor-14_0] INFO volatility3.framework.automagic: Running automagic: SymbolFinder
2026-06-03 17:27:16,930 [ThreadPoolExecutor-14_0] INFO volatility3.framework.automagic: Running automagic: LinuxSymbolFinder
2026-06-03 17:27:16,932 [ThreadPoolExecutor-14_0] INFO volatility3.framework.automagic: Running automagic: MacSymbolFinder
2026-06-03 17:27:16,940 [ThreadPoolExecutor-14_0] INFO volatility3.framework.automagic: Running automagic: KernelModule
2026-06-03 17:27:19,564 [MainThread] INFO mulder.server.app: Resource throttle: search waiting (cpu=100%>=90.0%, waited 115s)
2026-06-03 17:27:24,574 [MainThread] INFO mulder.server.app: Resource throttle: search waiting (cpu=100%>=90.0%, waited 120s)
2026-06-03 17:27:29,582 [MainThread] INFO mulder.server.app: Resource throttle: search waiting (cpu=100%>=90.0%, waited 125s)
2026-06-03 17:27:34,598 [MainThread] INFO mulder.server.app: Resource throttle: search waiting (cpu=100%>=90.0%, waited 130s)
2026-06-03 17:27:39,621 [MainThread] INFO mulder.server.app: Resource throttle: search waiting (cpu=100%>=90.0%, waited 135s)
2026-06-03 17:27:44,638 [MainThread] INFO mulder.server.app: Resource throttle: search waiting (cpu=100%>=90.0%, waited 140s)
2026-06-03 17:27:48,634 [mulder-job_0] INFO mulder.server.tools.extract.volatility: Volatility batch: malfind -> header_only
2026-06-03 17:27:48,646 [ThreadPoolExecutor-15_0] INFO volatility3.framework.automagic: Running automagic: SymbolCacheMagic
2026-06-03 17:27:48,712 [ThreadPoolExecutor-15_0] INFO volatility3.framework.automagic: Running automagic: ConstructionMagic
2026-06-03 17:27:48,732 [ThreadPoolExecutor-15_0] INFO volatility3.framework.automagic: Running automagic: LayerStacker
2026-06-03 17:27:48,743 [ThreadPoolExecutor-15_0] INFO volatility3.framework.automagic: Running automagic: WinSwapLayers
2026-06-03 17:27:48,748 [ThreadPoolExecutor-15_0] INFO volatility3.framework.automagic: Running automagic: KernelPDBScanner
2026-06-03 17:27:49,031 [ThreadPoolExecutor-15_0] INFO volatility3.framework.symbols.windows.pdbconv: Download PDB file...
2026-06-03 17:27:49,649 [MainThread] INFO mulder.server.app: Resource throttle: search waiting (cpu=100%>=90.0%, waited 145s)
2026-06-03 17:27:54,655 [MainThread] INFO mulder.server.app: Resource throttle: search waiting (cpu=100%>=90.0%, waited 150s)
2026-06-03 17:27:59,663 [MainThread] INFO mulder.server.app: Resource throttle: search waiting (cpu=100%>=90.0%, waited 155s)
2026-06-03 17:28:04,670 [MainThread] INFO mulder.server.app: Resource throttle: search waiting (cpu=100%>=90.0%, waited 160s)
2026-06-03 17:28:09,684 [MainThread] INFO mulder.server.app: Resource throttle: search waiting (cpu=100%>=90.0%, waited 165s)
2026-06-03 17:28:14,707 [MainThread] INFO mulder.server.app: Resource throttle: search waiting (cpu=100%>=90.0%, waited 170s)
2026-06-03 17:28:16,043 [ThreadPoolExecutor-15_0] INFO volatility3.framework.automagic: Running automagic: SymbolFinder
2026-06-03 17:28:16,046 [ThreadPoolExecutor-15_0] INFO volatility3.framework.automagic: Running automagic: LinuxSymbolFinder
2026-06-03 17:28:16,051 [ThreadPoolExecutor-15_0] INFO volatility3.framework.automagic: Running automagic: MacSymbolFinder
2026-06-03 17:28:16,052 [ThreadPoolExecutor-15_0] INFO volatility3.framework.automagic: Running automagic: KernelModule
2026-06-03 17:28:19,716 [MainThread] INFO mulder.server.app: Resource throttle: search waiting (cpu=100%>=90.0%, waited 175s)
2026-06-03 17:28:24,726 [MainThread] INFO mulder.server.app: Resource throttle: search waiting (cpu=100%>=90.0%, waited 180s)
2026-06-03 17:28:29,735 [MainThread] INFO mulder.server.app: Resource throttle: search waiting (cpu=100%>=90.0%, waited 185s)
2026-06-03 17:28:34,742 [MainThread] INFO mulder.server.app: Resource throttle: search waiting (cpu=100%>=90.0%, waited 190s)
2026-06-03 17:28:39,760 [MainThread] INFO mulder.server.app: Resource throttle: search waiting (cpu=100%>=90.0%, waited 195s)
2026-06-03 17:28:44,774 [MainThread] INFO mulder.server.app: Resource throttle: search waiting (cpu=100%>=90.0%, waited 200s)
2026-06-03 17:28:49,780 [MainThread] INFO mulder.server.app: Resource throttle: search waiting (cpu=100%>=90.0%, waited 205s)
2026-06-03 17:28:54,787 [MainThread] INFO mulder.server.app: Resource throttle: search waiting (cpu=100%>=90.0%, waited 210s)
2026-06-03 17:28:59,887 [MainThread] INFO mulder.server.app: Resource throttle: search waiting (cpu=100%>=90.0%, waited 215s)
2026-06-03 17:29:04,909 [MainThread] INFO mulder.server.app: Resource throttle: search waiting (cpu=100%>=90.0%, waited 220s)
2026-06-03 17:29:09,945 [MainThread] INFO mulder.server.app: Resource throttle: search waiting (cpu=100%>=90.0%, waited 225s)
2026-06-03 17:29:14,958 [MainThread] INFO mulder.server.app: Resource throttle: search waiting (cpu=100%>=90.0%, waited 230s)
2026-06-03 17:29:19,978 [MainThread] INFO mulder.server.app: Resource throttle: search waiting (cpu=100%>=90.0%, waited 235s)
2026-06-03 17:29:24,987 [MainThread] INFO mulder.server.app: Resource throttle: search waiting (cpu=100%>=90.0%, waited 240s)
2026-06-03 17:29:29,994 [MainThread] INFO mulder.server.app: Resource throttle: search waiting (cpu=100%>=90.0%, waited 245s)
2026-06-03 17:29:35,002 [MainThread] INFO mulder.server.app: Resource throttle: search waiting (cpu=100%>=90.0%, waited 250s)
2026-06-03 17:29:40,009 [MainThread] INFO mulder.server.app: Resource throttle: search waiting (cpu=100%>=90.0%, waited 255s)
2026-06-03 17:29:45,019 [MainThread] INFO mulder.server.app: Resource throttle: search waiting (cpu=100%>=90.0%, waited 260s)
2026-06-03 17:29:49,488 [mulder-job_1] INFO mulder.server.tools.extract.volatility: Volatility batch: filescan -> header_only
2026-06-03 17:29:49,504 [ThreadPoolExecutor-16_0] INFO volatility3.framework.automagic: Running automagic: SymbolCacheMagic
2026-06-03 17:29:49,594 [ThreadPoolExecutor-16_0] INFO volatility3.framework.automagic: Running automagic: ConstructionMagic
2026-06-03 17:29:49,619 [ThreadPoolExecutor-16_0] INFO volatility3.framework.automagic: Running automagic: LayerStacker
2026-06-03 17:29:49,630 [ThreadPoolExecutor-16_0] INFO volatility3.framework.automagic: Running automagic: WinSwapLayers
2026-06-03 17:29:49,631 [ThreadPoolExecutor-16_0] INFO volatility3.framework.automagic: Running automagic: KernelPDBScanner
2026-06-03 17:29:49,776 [ThreadPoolExecutor-16_0] INFO volatility3.framework.symbols.windows.pdbconv: Download PDB file...
2026-06-03 17:29:50,029 [MainThread] INFO mulder.server.app: Resource throttle: search waiting (cpu=100%>=90.0%, waited 265s)
2026-06-03 17:29:55,046 [MainThread] INFO mulder.server.app: Resource throttle: search waiting (cpu=100%>=90.0%, waited 270s)
2026-06-03 17:30:00,066 [MainThread] INFO mulder.server.app: Resource throttle: search waiting (cpu=100%>=90.0%, waited 275s)
2026-06-03 17:30:05,073 [MainThread] INFO mulder.server.app: Resource throttle: search waiting (cpu=100%>=90.0%, waited 280s)
2026-06-03 17:30:10,082 [MainThread] INFO mulder.server.app: Resource throttle: search waiting (cpu=100%>=90.0%, waited 285s)
2026-06-03 17:30:15,089 [MainThread] INFO mulder.server.app: Resource throttle: search waiting (cpu=100%>=90.0%, waited 290s)
2026-06-03 17:30:17,434 [ThreadPoolExecutor-16_0] INFO volatility3.framework.automagic: Running automagic: SymbolFinder
2026-06-03 17:30:17,438 [ThreadPoolExecutor-16_0] INFO volatility3.framework.automagic: Running automagic: LinuxSymbolFinder
2026-06-03 17:30:17,439 [ThreadPoolExecutor-16_0] INFO volatility3.framework.automagic: Running automagic: MacSymbolFinder
2026-06-03 17:30:17,440 [ThreadPoolExecutor-16_0] INFO volatility3.framework.automagic: Running automagic: KernelModule
2026-06-03 17:30:17,628 [mulder-job_1] INFO mulder.server.tools.extract.volatility: Volatility batch: handles -> header_only
2026-06-03 17:30:17,633 [ThreadPoolExecutor-17_0] INFO volatility3.framework.automagic: Running automagic: SymbolCacheMagic
2026-06-03 17:30:17,673 [ThreadPoolExecutor-17_0] INFO volatility3.framework.automagic: Running automagic: ConstructionMagic
2026-06-03 17:30:17,685 [ThreadPoolExecutor-17_0] INFO volatility3.framework.automagic: Running automagic: LayerStacker
2026-06-03 17:30:17,686 [ThreadPoolExecutor-17_0] INFO volatility3.framework.automagic: Running automagic: WinSwapLayers
2026-06-03 17:30:17,687 [ThreadPoolExecutor-17_0] INFO volatility3.framework.automagic: Running automagic: KernelPDBScanner
2026-06-03 17:30:17,733 [ThreadPoolExecutor-17_0] INFO volatility3.framework.symbols.windows.pdbconv: Download PDB file...
2026-06-03 17:30:20,096 [MainThread] INFO mulder.server.app: Resource throttle: search waiting (cpu=100%>=90.0%, waited 295s)
2026-06-03 17:30:25,415 [MainThread] INFO mcp.server.lowlevel.server: Processing request of type CallToolRequest
2026-06-03 17:30:25,421 [MainThread] INFO mulder.server.app: Resource throttle: search waiting (cpu=100%>=90.0%, waited 0s)
2026-06-03 17:30:30,430 [MainThread] INFO mulder.server.app: Resource throttle: search waiting (cpu=100%>=90.0%, waited 5s)
2026-06-03 17:30:35,448 [MainThread] INFO mulder.server.app: Resource throttle: search waiting (cpu=100%>=90.0%, waited 10s)
2026-06-03 17:30:40,455 [MainThread] INFO mulder.server.app: Resource throttle: search waiting (cpu=100%>=90.0%, waited 15s)
2026-06-03 17:30:45,470 [MainThread] INFO mulder.server.app: Resource throttle: search waiting (cpu=100%>=90.0%, waited 20s)
2026-06-03 17:30:47,937 [ThreadPoolExecutor-17_0] INFO volatility3.framework.automagic: Running automagic: SymbolFinder
2026-06-03 17:30:47,944 [ThreadPoolExecutor-17_0] INFO volatility3.framework.automagic: Running automagic: LinuxSymbolFinder
2026-06-03 17:30:47,945 [ThreadPoolExecutor-17_0] INFO volatility3.framework.automagic: Running automagic: MacSymbolFinder
2026-06-03 17:30:47,946 [ThreadPoolExecutor-17_0] INFO volatility3.framework.automagic: Running automagic: KernelModule
2026-06-03 17:30:50,485 [MainThread] INFO mulder.server.app: Resource throttle: search waiting (cpu=100%>=90.0%, waited 25s)
2026-06-03 17:30:55,494 [MainThread] INFO mulder.server.app: Resource throttle: search waiting (cpu=100%>=90.0%, waited 30s)
2026-06-03 17:31:00,502 [MainThread] INFO mulder.server.app: Resource throttle: search waiting (cpu=100%>=90.0%, waited 35s)
2026-06-03 17:31:05,512 [MainThread] INFO mulder.server.app: Resource throttle: search waiting (cpu=92%>=90.0%, waited 40s)
2026-06-03 17:31:30,152 [MainThread] INFO mcp.server.lowlevel.server: Processing request of type CallToolRequest
2026-06-03 17:31:30,521 [MainThread] INFO mcp.server.lowlevel.server: Processing request of type CallToolRequest
2026-06-03 17:31:33,489 [mulder-job_0] INFO mulder.server.tools.extract.volatility: Volatility batch: psscan -> indexed
2026-06-03 17:31:33,496 [ThreadPoolExecutor-18_0] INFO volatility3.framework.automagic: Running automagic: SymbolCacheMagic
2026-06-03 17:31:33,524 [ThreadPoolExecutor-18_0] INFO volatility3.framework.automagic: Running automagic: ConstructionMagic
2026-06-03 17:31:33,533 [ThreadPoolExecutor-18_0] INFO volatility3.framework.automagic: Running automagic: LayerStacker
2026-06-03 17:31:33,535 [ThreadPoolExecutor-18_0] INFO volatility3.framework.automagic: Running automagic: WinSwapLayers
2026-06-03 17:31:33,536 [ThreadPoolExecutor-18_0] INFO volatility3.framework.automagic: Running automagic: KernelPDBScanner
2026-06-03 17:31:33,582 [ThreadPoolExecutor-18_0] INFO volatility3.framework.symbols.windows.pdbconv: Download PDB file...
2026-06-03 17:31:55,543 [ThreadPoolExecutor-18_0] INFO volatility3.framework.automagic: Running automagic: SymbolFinder
2026-06-03 17:31:55,544 [ThreadPoolExecutor-18_0] INFO volatility3.framework.automagic: Running automagic: LinuxSymbolFinder
2026-06-03 17:31:55,546 [ThreadPoolExecutor-18_0] INFO volatility3.framework.automagic: Running automagic: MacSymbolFinder
2026-06-03 17:31:55,547 [ThreadPoolExecutor-18_0] INFO volatility3.framework.automagic: Running automagic: KernelModule
2026-06-03 17:31:57,163 [MainThread] INFO mcp.server.lowlevel.server: Processing request of type CallToolRequest
2026-06-03 17:31:59,586 [mulder-job_0] INFO mulder.server.tools.extract.volatility: Volatility batch: dlllist -> indexed
2026-06-03 17:31:59,587 [ThreadPoolExecutor-19_0] INFO volatility3.framework.automagic: Running automagic: SymbolCacheMagic
2026-06-03 17:31:59,608 [ThreadPoolExecutor-19_0] INFO volatility3.framework.automagic: Running automagic: ConstructionMagic
2026-06-03 17:31:59,614 [ThreadPoolExecutor-19_0] INFO volatility3.framework.automagic: Running automagic: LayerStacker
2026-06-03 17:31:59,615 [ThreadPoolExecutor-19_0] INFO volatility3.framework.automagic: Running automagic: WinSwapLayers
2026-06-03 17:31:59,616 [ThreadPoolExecutor-19_0] INFO volatility3.framework.automagic: Running automagic: KernelPDBScanner
2026-06-03 17:31:59,683 [ThreadPoolExecutor-19_0] INFO volatility3.framework.symbols.windows.pdbconv: Download PDB file...
2026-06-03 17:32:13,700 [MainThread] INFO mcp.server.lowlevel.server: Processing request of type CallToolRequest
2026-06-03 17:32:19,602 [ThreadPoolExecutor-19_0] INFO volatility3.framework.automagic: Running automagic: SymbolFinder
2026-06-03 17:32:19,603 [ThreadPoolExecutor-19_0] INFO volatility3.framework.automagic: Running automagic: LinuxSymbolFinder
2026-06-03 17:32:19,604 [ThreadPoolExecutor-19_0] INFO volatility3.framework.automagic: Running automagic: MacSymbolFinder
2026-06-03 17:32:19,605 [ThreadPoolExecutor-19_0] INFO volatility3.framework.automagic: Running automagic: KernelModule
2026-06-03 17:32:34,071 [MainThread] INFO mcp.server.lowlevel.server: Processing request of type CallToolRequest
2026-06-03 17:32:47,449 [MainThread] INFO mcp.server.lowlevel.server: Processing request of type CallToolRequest
2026-06-03 17:33:02,776 [MainThread] INFO mcp.server.lowlevel.server: Processing request of type CallToolRequest
2026-06-03 17:33:22,237 [MainThread] INFO mcp.server.lowlevel.server: Processing request of type CallToolRequest
2026-06-03 17:33:24,660 [mulder-job_0] INFO mulder.server.tools.extract.volatility: Volatility batch: svcscan -> indexed
2026-06-03 17:33:24,667 [ThreadPoolExecutor-20_0] INFO volatility3.framework.automagic: Running automagic: SymbolCacheMagic
2026-06-03 17:33:24,697 [ThreadPoolExecutor-20_0] INFO volatility3.framework.automagic: Running automagic: ConstructionMagic
2026-06-03 17:33:24,703 [ThreadPoolExecutor-20_0] INFO volatility3.framework.automagic: Running automagic: LayerStacker
2026-06-03 17:33:24,705 [ThreadPoolExecutor-20_0] INFO volatility3.framework.automagic: Running automagic: WinSwapLayers
2026-06-03 17:33:24,705 [ThreadPoolExecutor-20_0] INFO volatility3.framework.automagic: Running automagic: KernelPDBScanner
2026-06-03 17:33:24,716 [mulder-job_1] INFO mulder.server.tools.extract.volatility: Volatility batch: modscan -> indexed
2026-06-03 17:33:24,718 [ThreadPoolExecutor-21_0] INFO volatility3.framework.automagic: Running automagic: SymbolCacheMagic
2026-06-03 17:33:24,752 [ThreadPoolExecutor-21_0] INFO volatility3.framework.automagic: Running automagic: ConstructionMagic
2026-06-03 17:33:24,772 [ThreadPoolExecutor-21_0] INFO volatility3.framework.automagic: Running automagic: LayerStacker
2026-06-03 17:33:24,774 [ThreadPoolExecutor-21_0] INFO volatility3.framework.automagic: Running automagic: WinSwapLayers
2026-06-03 17:33:24,775 [ThreadPoolExecutor-21_0] INFO volatility3.framework.automagic: Running automagic: KernelPDBScanner
2026-06-03 17:33:24,831 [ThreadPoolExecutor-21_0] INFO volatility3.framework.symbols.windows.pdbconv: Download PDB file...
2026-06-03 17:33:24,861 [ThreadPoolExecutor-20_0] INFO volatility3.framework.symbols.windows.pdbconv: Download PDB file...
2026-06-03 17:33:34,164 [ThreadPoolExecutor-20_0] INFO volatility3.framework.automagic: Running automagic: SymbolFinder
2026-06-03 17:33:34,167 [ThreadPoolExecutor-20_0] INFO volatility3.framework.automagic: Running automagic: LinuxSymbolFinder
2026-06-03 17:33:34,169 [ThreadPoolExecutor-20_0] INFO volatility3.framework.automagic: Running automagic: MacSymbolFinder
2026-06-03 17:33:34,169 [ThreadPoolExecutor-20_0] INFO volatility3.framework.automagic: Running automagic: KernelModule
2026-06-03 17:33:34,170 [ThreadPoolExecutor-20_0] WARNING volatility3.framework.plugins: Automagic exception occurred: sqlite3.ProgrammingError: SQLite objects created in a thread can only be used in that same thread. The object was created in thread id 281473071927552 and this is thread id 281472655552768.
2026-06-03 17:33:34,171 [ThreadPoolExecutor-20_0] WARNING volatility3.framework.plugins: Automagic exception occurred: AttributeError: Unable to find _PrimitiveObject__new_value for type <class 'volatility3.framework.objects.String'>
2026-06-03 17:33:34,172 [mulder-job_0] INFO mulder.server.tools.extract.volatility: Volatility batch: envars -> error
2026-06-03 17:33:34,173 [ThreadPoolExecutor-22_0] INFO volatility3.framework.automagic: Running automagic: SymbolCacheMagic
2026-06-03 17:33:34,191 [ThreadPoolExecutor-22_0] INFO volatility3.framework.automagic: Running automagic: ConstructionMagic
2026-06-03 17:33:34,194 [ThreadPoolExecutor-22_0] INFO volatility3.framework.automagic: Running automagic: LayerStacker
2026-06-03 17:33:34,195 [ThreadPoolExecutor-22_0] INFO volatility3.framework.automagic: Running automagic: WinSwapLayers
2026-06-03 17:33:34,196 [ThreadPoolExecutor-22_0] INFO volatility3.framework.automagic: Running automagic: KernelPDBScanner
2026-06-03 17:33:34,248 [ThreadPoolExecutor-22_0] INFO volatility3.framework.symbols.windows.pdbconv: Download PDB file...
2026-06-03 17:33:39,643 [ThreadPoolExecutor-22_0] INFO volatility3.framework.automagic: Running automagic: SymbolFinder
2026-06-03 17:33:39,654 [ThreadPoolExecutor-22_0] INFO volatility3.framework.automagic: Running automagic: LinuxSymbolFinder
2026-06-03 17:33:39,734 [ThreadPoolExecutor-22_0] INFO volatility3.framework.automagic: Running automagic: MacSymbolFinder
2026-06-03 17:33:39,802 [ThreadPoolExecutor-22_0] INFO volatility3.framework.automagic: Running automagic: KernelModule
2026-06-03 17:33:39,835 [ThreadPoolExecutor-22_0] WARNING volatility3.framework.plugins: Automagic exception occurred: sqlite3.ProgrammingError: SQLite objects created in a thread can only be used in that same thread. The object was created in thread id 281473071927552 and this is thread id 281472655552768.
2026-06-03 17:33:39,847 [ThreadPoolExecutor-22_0] WARNING volatility3.framework.plugins: Automagic exception occurred: AttributeError: Unable to find _PrimitiveObject__new_value for type <class 'volatility3.framework.objects.String'>
2026-06-03 17:33:39,860 [mulder-job_0] INFO mulder.server.tools.extract.volatility: Volatility batch: filescan -> error
2026-06-03 17:33:39,867 [ThreadPoolExecutor-23_0] INFO volatility3.framework.automagic: Running automagic: SymbolCacheMagic
2026-06-03 17:33:44,381 [ThreadPoolExecutor-23_0] INFO volatility3.framework.automagic: Running automagic: ConstructionMagic
2026-06-03 17:33:45,234 [MainThread] INFO mulder.server.app: Mulder MCP server ready (db_dir=/home/mulder/.mulder/cases)
2026-06-03 17:33:45,257 [MainThread] INFO mcp.server.lowlevel.server: Processing request of type ListToolsRequest
2026-06-03 17:33:45,259 [MainThread] INFO mcp.server.lowlevel.server: Processing request of type ListPromptsRequest
2026-06-03 17:33:45,260 [MainThread] INFO mcp.server.lowlevel.server: Processing request of type ListResourcesRequest
2026-06-03 17:33:48,330 [ThreadPoolExecutor-23_0] INFO volatility3.framework.automagic: Running automagic: LayerStacker
2026-06-03 17:33:48,648 [ThreadPoolExecutor-23_0] INFO volatility3.framework.automagic: Running automagic: WinSwapLayers
2026-06-03 17:33:48,654 [ThreadPoolExecutor-23_0] INFO volatility3.framework.automagic: Running automagic: KernelPDBScanner
2026-06-03 17:33:49,700 [ThreadPoolExecutor-23_0] INFO volatility3.framework.symbols.windows.pdbconv: Download PDB file...
2026-06-03 17:33:53,543 [ThreadPoolExecutor-23_0] INFO volatility3.framework.automagic: Running automagic: SymbolFinder
2026-06-03 17:33:53,544 [ThreadPoolExecutor-23_0] INFO volatility3.framework.automagic: Running automagic: LinuxSymbolFinder
2026-06-03 17:33:53,545 [ThreadPoolExecutor-21_0] INFO volatility3.framework.symbols.windows.pdbutil: The symbols can be downloaded later using pdbconv.py -p ntkrnlmp.pdb -g 31C51B7D1C2545A88F69E13FC73E68941
2026-06-03 17:33:53,546 [ThreadPoolExecutor-21_0] INFO volatility3.framework.automagic: Running automagic: SymbolFinder
2026-06-03 17:33:53,546 [ThreadPoolExecutor-23_0] INFO volatility3.framework.automagic: Running automagic: MacSymbolFinder
2026-06-03 17:33:53,546 [ThreadPoolExecutor-21_0] INFO volatility3.framework.automagic: Running automagic: LinuxSymbolFinder
2026-06-03 17:33:53,547 [ThreadPoolExecutor-23_0] INFO volatility3.framework.automagic: Running automagic: KernelModule
2026-06-03 17:33:53,548 [ThreadPoolExecutor-21_0] INFO volatility3.framework.automagic: Running automagic: MacSymbolFinder
2026-06-03 17:33:53,548 [ThreadPoolExecutor-23_0] WARNING volatility3.framework.plugins: Automagic exception occurred: sqlite3.ProgrammingError: SQLite objects created in a thread can only be used in that same thread. The object was created in thread id 281473071927552 and this is thread id 281472655552768.
2026-06-03 17:33:53,549 [ThreadPoolExecutor-21_0] INFO volatility3.framework.automagic: Running automagic: KernelModule
2026-06-03 17:33:53,550 [ThreadPoolExecutor-23_0] WARNING volatility3.framework.plugins: Automagic exception occurred: AttributeError: Unable to find _PrimitiveObject__new_value for type <class 'volatility3.framework.objects.String'>
2026-06-03 17:33:53,551 [ThreadPoolExecutor-21_0] WARNING volatility3.framework.plugins: Automagic exception occurred: sqlite3.ProgrammingError: SQLite objects created in a thread can only be used in that same thread. The object was created in thread id 281473059062016 and this is thread id 281472395112704.
2026-06-03 17:33:53,552 [mulder-job_0] INFO mulder.server.tools.extract.volatility: Volatility batch: handles -> error
2026-06-03 17:33:53,552 [mulder-job_1] INFO mulder.server.tools.extract.volatility: Volatility batch: modules -> error
2026-06-03 17:33:53,554 [ThreadPoolExecutor-24_0] INFO volatility3.framework.automagic: Running automagic: SymbolCacheMagic
2026-06-03 17:33:53,558 [mulder-job_1] INFO mulder.server.jobs: Job job_c0515486 (run_volatility_batch) completed
2026-06-03 17:33:53,564 [mulder-job_1] INFO mulder.server.jobs: [JOB_COMPLETE] run_volatility_batch|completed|
2026-06-03 17:33:53,573 [ThreadPoolExecutor-24_0] INFO volatility3.framework.automagic: Running automagic: ConstructionMagic
2026-06-03 17:33:53,578 [ThreadPoolExecutor-24_0] INFO volatility3.framework.automagic: Running automagic: LayerStacker
2026-06-03 17:33:53,579 [ThreadPoolExecutor-24_0] INFO volatility3.framework.automagic: Running automagic: WinSwapLayers
2026-06-03 17:33:53,580 [ThreadPoolExecutor-24_0] INFO volatility3.framework.automagic: Running automagic: KernelPDBScanner
2026-06-03 17:33:53,614 [ThreadPoolExecutor-24_0] INFO volatility3.framework.symbols.windows.pdbconv: Download PDB file...
2026-06-03 17:33:59,325 [MainThread] INFO mcp.server.lowlevel.server: Processing request of type CallToolRequest
2026-06-03 17:33:59,582 [ThreadPoolExecutor-24_0] INFO volatility3.framework.automagic: Running automagic: SymbolFinder
2026-06-03 17:33:59,583 [ThreadPoolExecutor-24_0] INFO volatility3.framework.automagic: Running automagic: LinuxSymbolFinder
2026-06-03 17:33:59,583 [ThreadPoolExecutor-24_0] INFO volatility3.framework.automagic: Running automagic: MacSymbolFinder
2026-06-03 17:33:59,584 [ThreadPoolExecutor-24_0] INFO volatility3.framework.automagic: Running automagic: KernelModule
2026-06-03 17:33:59,585 [ThreadPoolExecutor-24_0] WARNING volatility3.framework.plugins: Automagic exception occurred: sqlite3.ProgrammingError: SQLite objects created in a thread can only be used in that same thread. The object was created in thread id 281473071927552 and this is thread id 281472655552768.
2026-06-03 17:33:59,586 [ThreadPoolExecutor-24_0] WARNING volatility3.framework.plugins: Automagic exception occurred: AttributeError: Unable to find _PrimitiveObject__new_value for type <class 'volatility3.framework.objects.String'>
2026-06-03 17:33:59,587 [mulder-job_0] INFO mulder.server.tools.extract.volatility: Volatility batch: modscan -> error
2026-06-03 17:33:59,588 [ThreadPoolExecutor-25_0] INFO volatility3.framework.automagic: Running automagic: SymbolCacheMagic
2026-06-03 17:33:59,604 [ThreadPoolExecutor-25_0] INFO volatility3.framework.automagic: Running automagic: ConstructionMagic
2026-06-03 17:33:59,609 [ThreadPoolExecutor-25_0] INFO volatility3.framework.automagic: Running automagic: LayerStacker
2026-06-03 17:33:59,610 [ThreadPoolExecutor-25_0] INFO volatility3.framework.automagic: Running automagic: WinSwapLayers
2026-06-03 17:33:59,610 [ThreadPoolExecutor-25_0] INFO volatility3.framework.automagic: Running automagic: KernelPDBScanner
2026-06-03 17:33:59,646 [ThreadPoolExecutor-25_0] INFO volatility3.framework.symbols.windows.pdbconv: Download PDB file...
2026-06-03 17:34:03,004 [ThreadPoolExecutor-25_0] INFO volatility3.framework.automagic: Running automagic: SymbolFinder
2026-06-03 17:34:03,005 [ThreadPoolExecutor-25_0] INFO volatility3.framework.automagic: Running automagic: LinuxSymbolFinder
2026-06-03 17:34:03,006 [ThreadPoolExecutor-25_0] INFO volatility3.framework.automagic: Running automagic: MacSymbolFinder
2026-06-03 17:34:03,007 [ThreadPoolExecutor-25_0] INFO volatility3.framework.automagic: Running automagic: KernelModule
2026-06-03 17:34:03,008 [ThreadPoolExecutor-25_0] WARNING volatility3.framework.plugins: Automagic exception occurred: sqlite3.ProgrammingError: SQLite objects created in a thread can only be used in that same thread. The object was created in thread id 281473071927552 and this is thread id 281472655552768.
2026-06-03 17:34:03,008 [ThreadPoolExecutor-25_0] WARNING volatility3.framework.plugins: Automagic exception occurred: AttributeError: Unable to find _PrimitiveObject__new_value for type <class 'volatility3.framework.objects.String'>
2026-06-03 17:34:03,009 [mulder-job_0] INFO mulder.server.tools.extract.volatility: Volatility batch: modules -> error
2026-06-03 17:34:03,013 [mulder-job_0] INFO mulder.server.jobs: Job job_d5e2cff9 (run_volatility_batch) completed
2026-06-03 17:34:03,013 [mulder-job_0] INFO mulder.server.jobs: [JOB_COMPLETE] run_volatility_batch|completed|
2026-06-03 17:34:03,447 [MainThread] INFO mcp.server.lowlevel.server: Processing request of type CallToolRequest
2026-06-03 17:34:03,448 [AnyIO worker thread] WARNING mulder.server.tools.case: Overriding requested case_id 'base-wkstn-05' with MULDER_CASE_ID='SRL-2018'
2026-06-03 17:34:03,484 [AnyIO worker thread] INFO mulder.server.app: Server context ready for case 'SRL-2018'
2026-06-03 17:34:12,537 [MainThread] INFO mcp.server.lowlevel.server: Processing request of type CallToolRequest
2026-06-03 17:34:12,540 [AnyIO worker thread] INFO mulder.server.app: Opening case database for 'SRL-2018' ...
2026-06-03 17:34:12,549 [AnyIO worker thread] INFO mulder.server.app: Server context ready for case 'SRL-2018'
2026-06-03 17:34:44,128 [MainThread] INFO mulder.server.app: Mulder MCP server ready (db_dir=/home/mulder/.mulder/cases)
2026-06-03 17:34:44,158 [MainThread] INFO mcp.server.lowlevel.server: Processing request of type ListToolsRequest
2026-06-03 17:34:44,161 [MainThread] INFO mcp.server.lowlevel.server: Processing request of type ListPromptsRequest
2026-06-03 17:34:44,163 [MainThread] INFO mcp.server.lowlevel.server: Processing request of type ListResourcesRequest
2026-06-03 17:34:53,678 [MainThread] INFO mcp.server.lowlevel.server: Processing request of type CallToolRequest
2026-06-03 17:34:57,344 [MainThread] INFO mcp.server.lowlevel.server: Processing request of type CallToolRequest
2026-06-03 17:35:01,672 [MainThread] INFO mcp.server.lowlevel.server: Processing request of type CallToolRequest
2026-06-03 17:35:01,679 [AnyIO worker thread] INFO mulder.server.app: Opening case database for 'SRL-2018' ...
2026-06-03 17:35:01,696 [AnyIO worker thread] INFO mulder.server.app: Server context ready for case 'SRL-2018'
2026-06-03 17:35:07,686 [MainThread] INFO mcp.server.lowlevel.server: Processing request of type CallToolRequest
2026-06-03 17:35:07,772 [AnyIO worker thread] INFO mulder.server.tools.extract.tsk: mmls failed on /evidence/base-wkstn-05-cdrive.E01: no_partition_table
2026-06-03 17:35:11,214 [MainThread] INFO mcp.server.lowlevel.server: Processing request of type CallToolRequest
2026-06-03 17:35:11,236 [AnyIO worker thread] INFO mulder.server.jobs: Submitted batch bg_95f04e71 with 3 jobs: ['run_volatility_batch', 'run_fls', 'run_bulk_extractor']
2026-06-03 17:35:11,263 [MainThread] INFO mcp.server.lowlevel.server: Processing request of type CallToolRequest
2026-06-03 17:35:11,292 [AnyIO worker thread] INFO mulder.server.tools.yara: Updated YARA rules: signature-base
2026-06-03 17:35:11,619 [mulder-job_0] INFO mulder.server.tools.extract.volatility: Volatility batch: context built for '/home/mulder/.mulder/cases/extracted/base-wkstn-05-memory/base-wkstn-05-memory.img', running 12 plugins (timeout=600s)
2026-06-03 17:35:11,621 [ThreadPoolExecutor-0_0] INFO volatility3.framework.automagic: Running automagic: SymbolCacheMagic
2026-06-03 17:35:11,640 [ThreadPoolExecutor-0_0] INFO volatility3.framework.automagic: Running automagic: ConstructionMagic
2026-06-03 17:35:11,653 [ThreadPoolExecutor-0_0] INFO volatility3.framework.automagic: Running automagic: LayerStacker
2026-06-03 17:35:11,778 [ThreadPoolExecutor-0_0] INFO volatility3.framework.automagic.linux: No Linux banners found - if this is a linux plugin, please check your symbol files location
2026-06-03 17:35:11,781 [ThreadPoolExecutor-0_0] INFO volatility3.framework.automagic.linux: No Linux banners found - if this is a linux plugin, please check your symbol files location
2026-06-03 17:35:11,782 [ThreadPoolExecutor-0_0] INFO volatility3.framework.automagic.mac: No Mac banners found - if this is a mac plugin, please check your symbol files location
2026-06-03 17:35:11,861 [ThreadPoolExecutor-0_0] INFO volatility3.framework.automagic: Running automagic: WinSwapLayers
2026-06-03 17:35:11,861 [ThreadPoolExecutor-0_0] INFO volatility3.framework.automagic: Running automagic: KernelPDBScanner
2026-06-03 17:35:11,900 [ThreadPoolExecutor-0_0] INFO volatility3.framework.symbols.windows.pdbconv: Download PDB file...
2026-06-03 17:35:17,182 [AnyIO worker thread] INFO mulder.server.tools.yara: YARA rule validation: 731/744 files valid (individual)
2026-06-03 17:35:26,380 [ThreadPoolExecutor-0_0] INFO volatility3.framework.automagic: Running automagic: SymbolFinder
2026-06-03 17:35:26,381 [ThreadPoolExecutor-0_0] INFO volatility3.framework.automagic: Running automagic: LinuxSymbolFinder
2026-06-03 17:35:26,385 [ThreadPoolExecutor-0_0] INFO volatility3.framework.automagic: Running automagic: MacSymbolFinder
2026-06-03 17:35:26,385 [ThreadPoolExecutor-0_0] INFO volatility3.framework.automagic: Running automagic: KernelModule
2026-06-03 17:35:26,448 [mulder-job_0] INFO mulder.server.tools.extract.volatility: Volatility batch: pslist -> header_only
2026-06-03 17:35:26,450 [ThreadPoolExecutor-1_0] INFO volatility3.framework.automagic: Running automagic: SymbolCacheMagic
2026-06-03 17:35:26,483 [ThreadPoolExecutor-1_0] INFO volatility3.framework.automagic: Running automagic: ConstructionMagic
2026-06-03 17:35:26,490 [ThreadPoolExecutor-1_0] INFO volatility3.framework.automagic: Running automagic: LayerStacker
2026-06-03 17:35:26,494 [ThreadPoolExecutor-1_0] INFO volatility3.framework.automagic: Running automagic: WinSwapLayers
2026-06-03 17:35:26,495 [ThreadPoolExecutor-1_0] INFO volatility3.framework.automagic: Running automagic: KernelPDBScanner
2026-06-03 17:35:26,509 [ThreadPoolExecutor-1_0] INFO volatility3.framework.symbols.windows.pdbconv: Download PDB file...
2026-06-03 17:35:28,238 [mulder-job_4] WARNING mulder.server.tools.extract.carving: Feature file url.txt is 342058800 bytes; reading first 268435456 only
2026-06-03 17:35:38,669 [ThreadPoolExecutor-1_0] INFO volatility3.framework.automagic: Running automagic: SymbolFinder
2026-06-03 17:35:38,674 [ThreadPoolExecutor-1_0] INFO volatility3.framework.automagic: Running automagic: LinuxSymbolFinder
2026-06-03 17:35:38,674 [ThreadPoolExecutor-1_0] INFO volatility3.framework.automagic: Running automagic: MacSymbolFinder
2026-06-03 17:35:38,675 [ThreadPoolExecutor-1_0] INFO volatility3.framework.automagic: Running automagic: KernelModule
2026-06-03 17:35:38,761 [mulder-job_0] INFO mulder.server.tools.extract.volatility: Volatility batch: pstree -> header_only
2026-06-03 17:35:38,765 [ThreadPoolExecutor-2_0] INFO volatility3.framework.automagic: Running automagic: SymbolCacheMagic
2026-06-03 17:35:38,799 [ThreadPoolExecutor-2_0] INFO volatility3.framework.automagic: Running automagic: ConstructionMagic
2026-06-03 17:35:38,806 [ThreadPoolExecutor-2_0] INFO volatility3.framework.automagic: Running automagic: LayerStacker
2026-06-03 17:35:38,812 [ThreadPoolExecutor-2_0] INFO volatility3.framework.automagic: Running automagic: WinSwapLayers
2026-06-03 17:35:38,814 [ThreadPoolExecutor-2_0] INFO volatility3.framework.automagic: Running automagic: KernelPDBScanner
2026-06-03 17:35:38,827 [ThreadPoolExecutor-2_0] INFO volatility3.framework.symbols.windows.pdbconv: Download PDB file...
2026-06-03 17:36:09,346 [mulder-job_1] INFO mulder.server.jobs: Job job_11f1a88c (run_fls) completed
2026-06-03 17:36:09,359 [mulder-job_1] INFO mulder.server.jobs: [JOB_COMPLETE] run_fls|completed|
2026-06-03 17:36:28,186 [ThreadPoolExecutor-2_0] INFO volatility3.framework.automagic: Running automagic: SymbolFinder
2026-06-03 17:36:28,190 [ThreadPoolExecutor-2_0] INFO volatility3.framework.automagic: Running automagic: LinuxSymbolFinder
2026-06-03 17:36:28,191 [ThreadPoolExecutor-2_0] INFO volatility3.framework.automagic: Running automagic: MacSymbolFinder
2026-06-03 17:36:28,191 [ThreadPoolExecutor-2_0] INFO volatility3.framework.automagic: Running automagic: KernelModule
2026-06-03 17:36:28,220 [mulder-job_0] INFO mulder.server.tools.extract.volatility: Volatility batch: cmdline -> header_only
2026-06-03 17:36:28,224 [ThreadPoolExecutor-3_0] INFO volatility3.framework.automagic: Running automagic: SymbolCacheMagic
2026-06-03 17:36:28,259 [ThreadPoolExecutor-3_0] INFO volatility3.framework.automagic: Running automagic: ConstructionMagic
2026-06-03 17:36:28,272 [ThreadPoolExecutor-3_0] INFO volatility3.framework.automagic: Running automagic: LayerStacker
2026-06-03 17:36:28,276 [ThreadPoolExecutor-3_0] INFO volatility3.framework.automagic: Running automagic: WinSwapLayers
2026-06-03 17:36:28,279 [ThreadPoolExecutor-3_0] INFO volatility3.framework.automagic: Running automagic: KernelPDBScanner
2026-06-03 17:36:28,298 [ThreadPoolExecutor-3_0] INFO volatility3.framework.symbols.windows.pdbconv: Download PDB file...
2026-06-03 17:36:50,021 [ThreadPoolExecutor-3_0] INFO volatility3.framework.automagic: Running automagic: SymbolFinder
2026-06-03 17:36:50,033 [ThreadPoolExecutor-3_0] INFO volatility3.framework.automagic: Running automagic: LinuxSymbolFinder
2026-06-03 17:36:50,035 [ThreadPoolExecutor-3_0] INFO volatility3.framework.automagic: Running automagic: MacSymbolFinder
2026-06-03 17:36:50,035 [ThreadPoolExecutor-3_0] INFO volatility3.framework.automagic: Running automagic: KernelModule
2026-06-03 17:37:54,148 [mulder-job_0] INFO mulder.server.tools.extract.volatility: Volatility batch: netscan -> indexed
2026-06-03 17:37:54,165 [ThreadPoolExecutor-4_0] INFO volatility3.framework.automagic: Running automagic: SymbolCacheMagic
2026-06-03 17:37:54,232 [ThreadPoolExecutor-4_0] INFO volatility3.framework.automagic: Running automagic: ConstructionMagic
2026-06-03 17:37:54,244 [ThreadPoolExecutor-4_0] INFO volatility3.framework.automagic: Running automagic: LayerStacker
2026-06-03 17:37:54,246 [ThreadPoolExecutor-4_0] INFO volatility3.framework.automagic: Running automagic: WinSwapLayers
2026-06-03 17:37:54,249 [ThreadPoolExecutor-4_0] INFO volatility3.framework.automagic: Running automagic: KernelPDBScanner
2026-06-03 17:37:54,298 [ThreadPoolExecutor-4_0] INFO volatility3.framework.symbols.windows.pdbconv: Download PDB file...
2026-06-03 17:38:07,773 [ThreadPoolExecutor-4_0] INFO volatility3.framework.automagic: Running automagic: SymbolFinder
2026-06-03 17:38:07,779 [ThreadPoolExecutor-4_0] INFO volatility3.framework.automagic: Running automagic: LinuxSymbolFinder
2026-06-03 17:38:07,779 [ThreadPoolExecutor-4_0] INFO volatility3.framework.automagic: Running automagic: MacSymbolFinder
2026-06-03 17:38:07,780 [ThreadPoolExecutor-4_0] INFO volatility3.framework.automagic: Running automagic: KernelModule
2026-06-03 17:38:07,945 [mulder-job_0] INFO mulder.server.tools.extract.volatility: Volatility batch: malfind -> header_only
2026-06-03 17:38:07,947 [ThreadPoolExecutor-5_0] INFO volatility3.framework.automagic: Running automagic: SymbolCacheMagic
2026-06-03 17:38:07,987 [ThreadPoolExecutor-5_0] INFO volatility3.framework.automagic: Running automagic: ConstructionMagic
2026-06-03 17:38:07,999 [ThreadPoolExecutor-5_0] INFO volatility3.framework.automagic: Running automagic: LayerStacker
2026-06-03 17:38:08,003 [ThreadPoolExecutor-5_0] INFO volatility3.framework.automagic: Running automagic: WinSwapLayers
2026-06-03 17:38:08,004 [ThreadPoolExecutor-5_0] INFO volatility3.framework.automagic: Running automagic: KernelPDBScanner
2026-06-03 17:38:08,027 [ThreadPoolExecutor-5_0] INFO volatility3.framework.symbols.windows.pdbconv: Download PDB file...
2026-06-03 17:38:25,052 [ThreadPoolExecutor-5_0] INFO volatility3.framework.automagic: Running automagic: SymbolFinder
2026-06-03 17:38:25,438 [ThreadPoolExecutor-5_0] INFO volatility3.framework.automagic: Running automagic: LinuxSymbolFinder
2026-06-03 17:38:25,443 [ThreadPoolExecutor-5_0] INFO volatility3.framework.automagic: Running automagic: MacSymbolFinder
2026-06-03 17:38:25,444 [ThreadPoolExecutor-5_0] INFO volatility3.framework.automagic: Running automagic: KernelModule
2026-06-03 17:38:29,753 [MainThread] INFO mcp.server.lowlevel.server: Warning: FutureWarning: This API (volatility3.plugins.windows.malware.malfind.Malfind.run) will be removed in the first release after 2026-06-07. This plugin has been renamed, please call volatility3.plugins.windows.malware.malfind.Malfind rather than volatility3.plugins.windows.malfind.Malfind.
2026-06-03 17:38:36,646 [MainThread] INFO mcp.server.lowlevel.server: Processing request of type CallToolRequest
2026-06-03 17:38:36,651 [MainThread] INFO mulder.server.app: Resource throttle: wait waiting (cpu=99%>=90.0%, waited 0s)
2026-06-03 17:38:41,689 [MainThread] INFO mulder.server.app: Resource throttle: wait waiting (cpu=100%>=90.0%, waited 5s)
2026-06-03 17:38:46,748 [MainThread] INFO mulder.server.app: Resource throttle: wait waiting (cpu=100%>=90.0%, waited 10s)
2026-06-03 17:38:48,352 [mulder-job_0] INFO mulder.server.tools.extract.volatility: Volatility batch: psscan -> indexed
2026-06-03 17:38:48,355 [ThreadPoolExecutor-6_0] INFO volatility3.framework.automagic: Running automagic: SymbolCacheMagic
2026-06-03 17:38:48,394 [ThreadPoolExecutor-6_0] INFO volatility3.framework.automagic: Running automagic: ConstructionMagic
2026-06-03 17:38:48,410 [ThreadPoolExecutor-6_0] INFO volatility3.framework.automagic: Running automagic: LayerStacker
2026-06-03 17:38:48,412 [ThreadPoolExecutor-6_0] INFO volatility3.framework.automagic: Running automagic: WinSwapLayers
2026-06-03 17:38:48,416 [ThreadPoolExecutor-6_0] INFO volatility3.framework.automagic: Running automagic: KernelPDBScanner
2026-06-03 17:38:48,425 [ThreadPoolExecutor-6_0] INFO volatility3.framework.symbols.windows.pdbconv: Download PDB file...
2026-06-03 17:38:51,768 [MainThread] INFO mulder.server.app: Resource throttle: wait waiting (cpu=100%>=90.0%, waited 15s)
2026-06-03 17:38:56,797 [MainThread] INFO mulder.server.app: Resource throttle: wait waiting (cpu=100%>=90.0%, waited 20s)
2026-06-03 17:39:01,608 [ThreadPoolExecutor-6_0] INFO volatility3.framework.automagic: Running automagic: SymbolFinder
2026-06-03 17:39:01,612 [ThreadPoolExecutor-6_0] INFO volatility3.framework.automagic: Running automagic: LinuxSymbolFinder
2026-06-03 17:39:01,615 [ThreadPoolExecutor-6_0] INFO volatility3.framework.automagic: Running automagic: MacSymbolFinder
2026-06-03 17:39:01,616 [ThreadPoolExecutor-6_0] INFO volatility3.framework.automagic: Running automagic: KernelModule
2026-06-03 17:39:01,803 [MainThread] INFO mulder.server.app: Resource throttle: wait waiting (cpu=100%>=90.0%, waited 25s)
2026-06-03 17:39:03,202 [mulder-job_0] INFO mulder.server.tools.extract.volatility: Volatility batch: dlllist -> header_only
2026-06-03 17:39:03,203 [ThreadPoolExecutor-7_0] INFO volatility3.framework.automagic: Running automagic: SymbolCacheMagic
2026-06-03 17:39:03,221 [ThreadPoolExecutor-7_0] INFO volatility3.framework.automagic: Running automagic: ConstructionMagic
2026-06-03 17:39:03,226 [ThreadPoolExecutor-7_0] INFO volatility3.framework.automagic: Running automagic: LayerStacker
2026-06-03 17:39:03,227 [ThreadPoolExecutor-7_0] INFO volatility3.framework.automagic: Running automagic: WinSwapLayers
2026-06-03 17:39:03,227 [ThreadPoolExecutor-7_0] INFO volatility3.framework.automagic: Running automagic: KernelPDBScanner
2026-06-03 17:39:03,242 [ThreadPoolExecutor-7_0] INFO volatility3.framework.symbols.windows.pdbconv: Download PDB file...
2026-06-03 17:39:07,124 [MainThread] INFO mulder.server.app: Resource throttle: wait waiting (cpu=100%>=90.0%, waited 30s)
2026-06-03 17:39:12,166 [MainThread] INFO mulder.server.app: Resource throttle: wait waiting (cpu=100%>=90.0%, waited 35s)
2026-06-03 17:39:15,473 [ThreadPoolExecutor-7_0] INFO volatility3.framework.automagic: Running automagic: SymbolFinder
2026-06-03 17:39:15,477 [ThreadPoolExecutor-7_0] INFO volatility3.framework.automagic: Running automagic: LinuxSymbolFinder
2026-06-03 17:39:15,477 [ThreadPoolExecutor-7_0] INFO volatility3.framework.automagic: Running automagic: MacSymbolFinder
2026-06-03 17:39:15,478 [ThreadPoolExecutor-7_0] INFO volatility3.framework.automagic: Running automagic: KernelModule
2026-06-03 17:39:15,582 [mulder-job_0] INFO mulder.server.tools.extract.volatility: Volatility batch: svcscan -> header_only
2026-06-03 17:39:15,584 [ThreadPoolExecutor-8_0] INFO volatility3.framework.automagic: Running automagic: SymbolCacheMagic
2026-06-03 17:39:15,619 [ThreadPoolExecutor-8_0] INFO volatility3.framework.automagic: Running automagic: ConstructionMagic
2026-06-03 17:39:15,635 [ThreadPoolExecutor-8_0] INFO volatility3.framework.automagic: Running automagic: LayerStacker
2026-06-03 17:39:15,637 [ThreadPoolExecutor-8_0] INFO volatility3.framework.automagic: Running automagic: WinSwapLayers
2026-06-03 17:39:15,641 [ThreadPoolExecutor-8_0] INFO volatility3.framework.automagic: Running automagic: KernelPDBScanner
2026-06-03 17:39:15,652 [ThreadPoolExecutor-8_0] INFO volatility3.framework.symbols.windows.pdbconv: Download PDB file...
2026-06-03 17:39:17,351 [MainThread] INFO mulder.server.app: Resource throttle: wait waiting (cpu=100%>=90.0%, waited 40s)
2026-06-03 17:39:22,360 [MainThread] INFO mulder.server.app: Resource throttle: wait waiting (cpu=100%>=90.0%, waited 45s)
2026-06-03 17:39:27,487 [MainThread] INFO mulder.server.app: Resource throttle: wait waiting (cpu=100%>=90.0%, waited 50s)
2026-06-03 17:39:33,224 [MainThread] INFO mulder.server.app: Resource throttle: wait waiting (cpu=100%>=90.0%, waited 55s)
2026-06-03 17:39:34,714 [ThreadPoolExecutor-8_0] INFO volatility3.framework.automagic: Running automagic: SymbolFinder
2026-06-03 17:39:34,716 [ThreadPoolExecutor-8_0] INFO volatility3.framework.automagic: Running automagic: LinuxSymbolFinder
2026-06-03 17:39:34,720 [ThreadPoolExecutor-8_0] INFO volatility3.framework.automagic: Running automagic: MacSymbolFinder
2026-06-03 17:39:34,721 [ThreadPoolExecutor-8_0] INFO volatility3.framework.automagic: Running automagic: KernelModule
2026-06-03 17:39:34,836 [mulder-job_0] INFO mulder.server.tools.extract.volatility: Volatility batch: envars -> header_only
2026-06-03 17:39:34,846 [ThreadPoolExecutor-9_0] INFO volatility3.framework.automagic: Running automagic: SymbolCacheMagic
2026-06-03 17:39:34,914 [ThreadPoolExecutor-9_0] INFO volatility3.framework.automagic: Running automagic: ConstructionMagic
2026-06-03 17:39:34,927 [ThreadPoolExecutor-9_0] INFO volatility3.framework.automagic: Running automagic: LayerStacker
2026-06-03 17:39:34,932 [ThreadPoolExecutor-9_0] INFO volatility3.framework.automagic: Running automagic: WinSwapLayers
2026-06-03 17:39:34,932 [ThreadPoolExecutor-9_0] INFO volatility3.framework.automagic: Running automagic: KernelPDBScanner
2026-06-03 17:39:34,951 [ThreadPoolExecutor-9_0] INFO volatility3.framework.symbols.windows.pdbconv: Download PDB file...
2026-06-03 17:39:37,906 [mulder-job_4] INFO mulder.server.jobs: Job job_b8b6e58e (run_bulk_extractor) completed
2026-06-03 17:39:37,913 [mulder-job_4] INFO mulder.server.jobs: [JOB_COMPLETE] run_bulk_extractor|completed|
2026-06-03 17:39:37,936 [MainThread] INFO mcp.server.lowlevel.server: Warning: FutureWarning: This API (volatility3.plugins.windows.malware.malfind.Malfind.run) will be removed in the first release after 2026-06-07. This plugin has been renamed, please call volatility3.plugins.windows.malware.malfind.Malfind rather than volatility3.plugins.windows.malfind.Malfind.
2026-06-03 17:39:37,944 [MainThread] INFO mcp.server.lowlevel.server: Warning: FutureWarning: This plugin (volatility3.plugins.windows.malfind.Malfind) has been renamed and will be removed in the first release after 2026-06-07. Please ensure all method calls to this plugin are replaced with calls to volatility3.plugins.windows.malware.malfind.Malfind
2026-06-03 17:39:38,259 [MainThread] INFO mulder.server.app: Resource throttle: wait waiting (cpu=100%>=90.0%, waited 60s)
2026-06-03 17:39:43,277 [MainThread] INFO mulder.server.app: Resource throttle: wait waiting (cpu=100%>=90.0%, waited 65s)
2026-06-03 17:39:44,622 [MainThread] INFO mcp.server.lowlevel.server: Processing request of type CallToolRequest
2026-06-03 17:39:48,292 [MainThread] INFO mulder.server.app: Resource throttle: wait waiting (cpu=100%>=90.0%, waited 70s)
2026-06-03 17:39:49,970 [MainThread] INFO mcp.server.lowlevel.server: Processing request of type CallToolRequest
2026-06-03 17:39:49,972 [MainThread] INFO mulder.server.app: Resource throttle: yara_scan_memory waiting (cpu=100%>=90.0%, waited 0s)
2026-06-03 17:39:50,252 [ThreadPoolExecutor-9_0] INFO volatility3.framework.automagic: Running automagic: SymbolFinder
2026-06-03 17:39:50,254 [ThreadPoolExecutor-9_0] INFO volatility3.framework.automagic: Running automagic: LinuxSymbolFinder
2026-06-03 17:39:50,255 [ThreadPoolExecutor-9_0] INFO volatility3.framework.automagic: Running automagic: MacSymbolFinder
2026-06-03 17:39:50,256 [ThreadPoolExecutor-9_0] INFO volatility3.framework.automagic: Running automagic: KernelModule
2026-06-03 17:39:53,317 [MainThread] INFO mulder.server.app: Resource throttle: wait waiting (cpu=100%>=90.0%, waited 75s)
2026-06-03 17:39:55,013 [MainThread] INFO mulder.server.app: Resource throttle: yara_scan_memory waiting (cpu=100%>=90.0%, waited 5s)
2026-06-03 17:39:58,342 [MainThread] INFO mulder.server.app: Resource throttle: wait waiting (cpu=100%>=90.0%, waited 80s)
2026-06-03 17:40:00,042 [MainThread] INFO mulder.server.app: Resource throttle: yara_scan_memory waiting (cpu=100%>=90.0%, waited 10s)
2026-06-03 17:40:03,363 [MainThread] INFO mulder.server.app: Resource throttle: wait waiting (cpu=100%>=90.0%, waited 85s)
2026-06-03 17:40:05,065 [MainThread] INFO mulder.server.app: Resource throttle: yara_scan_memory waiting (cpu=100%>=90.0%, waited 15s)
2026-06-03 17:40:08,379 [MainThread] INFO mulder.server.app: Resource throttle: wait waiting (cpu=100%>=90.0%, waited 90s)
2026-06-03 17:40:10,072 [MainThread] INFO mulder.server.app: Resource throttle: yara_scan_memory waiting (cpu=100%>=90.0%, waited 20s)
2026-06-03 17:40:13,393 [MainThread] INFO mulder.server.app: Resource throttle: wait waiting (cpu=100%>=90.0%, waited 95s)
2026-06-03 17:40:15,081 [MainThread] INFO mulder.server.app: Resource throttle: yara_scan_memory waiting (cpu=100%>=90.0%, waited 25s)
2026-06-03 17:40:18,472 [MainThread] INFO mulder.server.app: Resource throttle: wait waiting (cpu=100%>=90.0%, waited 100s)
2026-06-03 17:40:20,111 [MainThread] INFO mulder.server.app: Resource throttle: yara_scan_memory waiting (cpu=100%>=90.0%, waited 30s)
2026-06-03 17:40:23,278 [mulder-job_0] INFO mulder.server.tools.extract.volatility: Volatility batch: filescan -> header_only
2026-06-03 17:40:23,284 [ThreadPoolExecutor-10_0] INFO volatility3.framework.automagic: Running automagic: SymbolCacheMagic
2026-06-03 17:40:23,306 [ThreadPoolExecutor-10_0] INFO volatility3.framework.automagic: Running automagic: ConstructionMagic
2026-06-03 17:40:23,312 [ThreadPoolExecutor-10_0] INFO volatility3.framework.automagic: Running automagic: LayerStacker
2026-06-03 17:40:23,313 [ThreadPoolExecutor-10_0] INFO volatility3.framework.automagic: Running automagic: WinSwapLayers
2026-06-03 17:40:23,313 [ThreadPoolExecutor-10_0] INFO volatility3.framework.automagic: Running automagic: KernelPDBScanner
2026-06-03 17:40:23,322 [ThreadPoolExecutor-10_0] INFO volatility3.framework.symbols.windows.pdbconv: Download PDB file...
2026-06-03 17:40:23,479 [MainThread] INFO mulder.server.app: Resource throttle: wait waiting (cpu=100%>=90.0%, waited 105s)
2026-06-03 17:40:25,119 [MainThread] INFO mulder.server.app: Resource throttle: yara_scan_memory waiting (cpu=100%>=90.0%, waited 35s)
2026-06-03 17:40:28,492 [MainThread] INFO mulder.server.app: Resource throttle: wait waiting (cpu=100%>=90.0%, waited 110s)
2026-06-03 17:40:30,129 [MainThread] INFO mulder.server.app: Resource throttle: yara_scan_memory waiting (cpu=100%>=90.0%, waited 40s)
2026-06-03 17:40:33,515 [MainThread] INFO mulder.server.app: Resource throttle: wait waiting (cpu=100%>=90.0%, waited 115s)
2026-06-03 17:40:35,137 [MainThread] INFO mulder.server.app: Resource throttle: yara_scan_memory waiting (cpu=100%>=90.0%, waited 45s)
2026-06-03 17:40:38,061 [ThreadPoolExecutor-10_0] INFO volatility3.framework.automagic: Running automagic: SymbolFinder
2026-06-03 17:40:38,064 [ThreadPoolExecutor-10_0] INFO volatility3.framework.automagic: Running automagic: LinuxSymbolFinder
2026-06-03 17:40:38,065 [ThreadPoolExecutor-10_0] INFO volatility3.framework.automagic: Running automagic: MacSymbolFinder
2026-06-03 17:40:38,066 [ThreadPoolExecutor-10_0] INFO volatility3.framework.automagic: Running automagic: KernelModule
2026-06-03 17:40:38,439 [mulder-job_0] INFO mulder.server.tools.extract.volatility: Volatility batch: handles -> header_only
2026-06-03 17:40:38,444 [mulder-job_0] INFO mulder.server.jobs: Job job_423ca69c (run_volatility_batch) completed
2026-06-03 17:40:38,444 [mulder-job_0] INFO mulder.server.jobs: [JOB_COMPLETE] run_volatility_batch|completed|
2026-06-03 17:40:38,521 [MainThread] INFO mulder.server.app: Resource throttle: wait waiting (cpu=100%>=90.0%, waited 120s)
2026-06-03 17:40:40,144 [MainThread] INFO mulder.server.app: Resource throttle: yara_scan_memory waiting (cpu=100%>=90.0%, waited 50s)
2026-06-03 17:40:43,530 [MainThread] INFO mulder.server.app: Resource throttle: wait waiting (cpu=100%>=90.0%, waited 125s)
2026-06-03 17:40:45,156 [MainThread] INFO mulder.server.app: Resource throttle: yara_scan_memory waiting (cpu=100%>=90.0%, waited 55s)
2026-06-03 17:40:48,542 [MainThread] INFO mulder.server.app: Resource throttle: wait waiting (cpu=100%>=90.0%, waited 130s)
2026-06-03 17:40:50,165 [MainThread] INFO mulder.server.app: Resource throttle: yara_scan_memory waiting (cpu=100%>=90.0%, waited 60s)
2026-06-03 17:40:53,548 [MainThread] INFO mulder.server.app: Resource throttle: wait waiting (cpu=100%>=90.0%, waited 135s)
2026-06-03 17:40:55,173 [MainThread] INFO mulder.server.app: Resource throttle: yara_scan_memory waiting (cpu=100%>=90.0%, waited 65s)
2026-06-03 17:40:58,557 [MainThread] INFO mulder.server.app: Resource throttle: wait waiting (cpu=100%>=90.0%, waited 140s)
2026-06-03 17:41:00,182 [MainThread] INFO mulder.server.app: Resource throttle: yara_scan_memory waiting (cpu=100%>=90.0%, waited 70s)
2026-06-03 17:41:03,567 [MainThread] INFO mulder.server.app: Resource throttle: wait waiting (cpu=100%>=90.0%, waited 145s)
2026-06-03 17:41:05,198 [MainThread] INFO mulder.server.app: Resource throttle: yara_scan_memory waiting (cpu=100%>=90.0%, waited 75s)
2026-06-03 17:41:08,576 [MainThread] INFO mulder.server.app: Resource throttle: wait waiting (cpu=100%>=90.0%, waited 150s)
2026-06-03 17:41:10,204 [MainThread] INFO mulder.server.app: Resource throttle: yara_scan_memory waiting (cpu=100%>=90.0%, waited 80s)
2026-06-03 17:41:13,587 [MainThread] INFO mulder.server.app: Resource throttle: wait waiting (cpu=100%>=90.0%, waited 155s)
2026-06-03 17:41:15,210 [MainThread] INFO mulder.server.app: Resource throttle: yara_scan_memory waiting (cpu=100%>=90.0%, waited 85s)
2026-06-03 17:41:18,593 [MainThread] INFO mulder.server.app: Resource throttle: wait waiting (cpu=100%>=90.0%, waited 160s)
2026-06-03 17:41:20,221 [MainThread] INFO mulder.server.app: Resource throttle: yara_scan_memory waiting (cpu=100%>=90.0%, waited 90s)
2026-06-03 17:41:23,602 [MainThread] INFO mulder.server.app: Resource throttle: wait waiting (cpu=100%>=90.0%, waited 165s)
2026-06-03 17:41:25,227 [MainThread] INFO mulder.server.app: Resource throttle: yara_scan_memory waiting (cpu=100%>=90.0%, waited 95s)
2026-06-03 17:41:28,618 [MainThread] INFO mulder.server.app: Resource throttle: wait waiting (cpu=100%>=90.0%, waited 170s)
2026-06-03 17:41:30,236 [MainThread] INFO mulder.server.app: Resource throttle: yara_scan_memory waiting (cpu=100%>=90.0%, waited 100s)
2026-06-03 17:41:33,633 [MainThread] INFO mulder.server.app: Resource throttle: wait waiting (cpu=100%>=90.0%, waited 175s)
2026-06-03 17:41:35,244 [MainThread] INFO mulder.server.app: Resource throttle: yara_scan_memory waiting (cpu=100%>=90.0%, waited 105s)
2026-06-03 17:41:38,639 [MainThread] INFO mulder.server.app: Resource throttle: wait waiting (cpu=100%>=90.0%, waited 180s)
2026-06-03 17:41:40,253 [MainThread] INFO mulder.server.app: Resource throttle: yara_scan_memory waiting (cpu=100%>=90.0%, waited 110s)
2026-06-03 17:41:43,649 [MainThread] INFO mulder.server.app: Resource throttle: wait waiting (cpu=100%>=90.0%, waited 185s)
2026-06-03 17:41:45,263 [MainThread] INFO mulder.server.app: Resource throttle: yara_scan_memory waiting (cpu=100%>=90.0%, waited 115s)
2026-06-03 17:41:48,660 [MainThread] INFO mulder.server.app: Resource throttle: wait waiting (cpu=100%>=90.0%, waited 190s)
2026-06-03 17:41:50,284 [MainThread] INFO mulder.server.app: Resource throttle: yara_scan_memory waiting (cpu=100%>=90.0%, waited 120s)
2026-06-03 17:41:53,669 [MainThread] INFO mulder.server.app: Resource throttle: wait waiting (cpu=100%>=90.0%, waited 195s)
2026-06-03 17:41:55,293 [MainThread] INFO mulder.server.app: Resource throttle: yara_scan_memory waiting (cpu=100%>=90.0%, waited 125s)
2026-06-03 17:41:58,677 [MainThread] INFO mulder.server.app: Resource throttle: wait waiting (cpu=100%>=90.0%, waited 200s)
2026-06-03 17:42:00,299 [MainThread] INFO mulder.server.app: Resource throttle: yara_scan_memory waiting (cpu=100%>=90.0%, waited 130s)
2026-06-03 17:42:03,690 [MainThread] INFO mulder.server.app: Resource throttle: wait waiting (cpu=100%>=90.0%, waited 205s)
2026-06-03 17:42:05,311 [MainThread] INFO mulder.server.app: Resource throttle: yara_scan_memory waiting (cpu=100%>=90.0%, waited 135s)
2026-06-03 17:42:08,698 [MainThread] INFO mulder.server.app: Resource throttle: wait waiting (cpu=100%>=90.0%, waited 210s)
2026-06-03 17:42:10,318 [MainThread] INFO mulder.server.app: Resource throttle: yara_scan_memory waiting (cpu=100%>=90.0%, waited 140s)
2026-06-03 17:42:13,711 [MainThread] INFO mulder.server.app: Resource throttle: wait waiting (cpu=100%>=90.0%, waited 215s)
2026-06-03 17:42:15,330 [MainThread] INFO mulder.server.app: Resource throttle: yara_scan_memory waiting (cpu=100%>=90.0%, waited 145s)
2026-06-03 17:42:18,727 [MainThread] INFO mulder.server.app: Resource throttle: wait waiting (cpu=100%>=90.0%, waited 220s)
2026-06-03 17:42:20,343 [MainThread] INFO mulder.server.app: Resource throttle: yara_scan_memory waiting (cpu=100%>=90.0%, waited 150s)
2026-06-03 17:42:23,735 [MainThread] INFO mulder.server.app: Resource throttle: wait waiting (cpu=100%>=90.0%, waited 225s)
2026-06-03 17:42:25,349 [MainThread] INFO mulder.server.app: Resource throttle: yara_scan_memory waiting (cpu=100%>=90.0%, waited 155s)
2026-06-03 17:42:28,744 [MainThread] INFO mulder.server.app: Resource throttle: wait waiting (cpu=100%>=90.0%, waited 230s)
2026-06-03 17:42:30,357 [MainThread] INFO mulder.server.app: Resource throttle: yara_scan_memory waiting (cpu=100%>=90.0%, waited 160s)
2026-06-03 17:42:33,750 [MainThread] INFO mulder.server.app: Resource throttle: wait waiting (cpu=100%>=90.0%, waited 235s)
2026-06-03 17:42:35,376 [MainThread] INFO mulder.server.app: Resource throttle: yara_scan_memory waiting (cpu=100%>=90.0%, waited 165s)
2026-06-03 17:42:38,758 [MainThread] INFO mulder.server.app: Resource throttle: wait waiting (cpu=100%>=90.0%, waited 240s)
2026-06-03 17:42:40,383 [MainThread] INFO mulder.server.app: Resource throttle: yara_scan_memory waiting (cpu=100%>=90.0%, waited 170s)
2026-06-03 17:42:43,768 [MainThread] INFO mulder.server.app: Resource throttle: wait waiting (cpu=100%>=90.0%, waited 245s)
2026-06-03 17:42:45,397 [MainThread] INFO mulder.server.app: Resource throttle: yara_scan_memory waiting (cpu=100%>=90.0%, waited 175s)
2026-06-03 17:42:48,777 [MainThread] INFO mulder.server.app: Resource throttle: wait waiting (cpu=100%>=90.0%, waited 250s)
2026-06-03 17:42:50,403 [MainThread] INFO mulder.server.app: Resource throttle: yara_scan_memory waiting (cpu=100%>=90.0%, waited 180s)
2026-06-03 17:42:53,785 [MainThread] INFO mulder.server.app: Resource throttle: wait waiting (cpu=100%>=90.0%, waited 255s)
2026-06-03 17:42:55,412 [MainThread] INFO mulder.server.app: Resource throttle: yara_scan_memory waiting (cpu=100%>=90.0%, waited 185s)
2026-06-03 17:42:58,800 [MainThread] INFO mulder.server.app: Resource throttle: wait waiting (cpu=100%>=90.0%, waited 260s)
2026-06-03 17:43:00,425 [MainThread] INFO mulder.server.app: Resource throttle: yara_scan_memory waiting (cpu=100%>=90.0%, waited 190s)
2026-06-03 17:43:03,818 [MainThread] INFO mulder.server.app: Resource throttle: wait waiting (cpu=100%>=90.0%, waited 265s)
2026-06-03 17:43:05,435 [MainThread] INFO mulder.server.app: Resource throttle: yara_scan_memory waiting (cpu=100%>=90.0%, waited 195s)
2026-06-03 17:43:08,827 [MainThread] INFO mulder.server.app: Resource throttle: wait waiting (cpu=100%>=90.0%, waited 270s)
2026-06-03 17:43:10,449 [MainThread] INFO mulder.server.app: Resource throttle: yara_scan_memory waiting (cpu=100%>=90.0%, waited 200s)
2026-06-03 17:43:13,833 [MainThread] INFO mulder.server.app: Resource throttle: wait waiting (cpu=100%>=90.0%, waited 275s)
2026-06-03 17:43:15,458 [MainThread] INFO mulder.server.app: Resource throttle: yara_scan_memory waiting (cpu=100%>=90.0%, waited 205s)
2026-06-03 17:43:18,841 [MainThread] INFO mulder.server.app: Resource throttle: wait waiting (cpu=100%>=90.0%, waited 280s)
2026-06-03 17:43:20,464 [MainThread] INFO mulder.server.app: Resource throttle: yara_scan_memory waiting (cpu=100%>=90.0%, waited 210s)
2026-06-03 17:43:23,850 [MainThread] INFO mulder.server.app: Resource throttle: wait waiting (cpu=100%>=90.0%, waited 285s)
2026-06-03 17:43:25,473 [MainThread] INFO mulder.server.app: Resource throttle: yara_scan_memory waiting (cpu=100%>=90.0%, waited 215s)
2026-06-03 17:43:28,858 [MainThread] INFO mulder.server.app: Resource throttle: wait waiting (cpu=100%>=90.0%, waited 290s)
2026-06-03 17:43:30,479 [MainThread] INFO mulder.server.app: Resource throttle: yara_scan_memory waiting (cpu=100%>=90.0%, waited 220s)
2026-06-03 17:43:33,865 [MainThread] INFO mulder.server.app: Resource throttle: wait waiting (cpu=100%>=90.0%, waited 295s)
2026-06-03 17:43:35,485 [MainThread] INFO mulder.server.app: Resource throttle: yara_scan_memory waiting (cpu=100%>=90.0%, waited 225s)
2026-06-03 17:43:40,494 [MainThread] INFO mulder.server.app: Resource throttle: yara_scan_memory waiting (cpu=100%>=90.0%, waited 230s)
2026-06-03 17:43:45,501 [MainThread] INFO mulder.server.app: Resource throttle: yara_scan_memory waiting (cpu=100%>=90.0%, waited 235s)
2026-06-03 17:43:50,513 [MainThread] INFO mulder.server.app: Resource throttle: yara_scan_memory waiting (cpu=100%>=90.0%, waited 240s)
2026-06-03 17:43:55,521 [MainThread] INFO mulder.server.app: Resource throttle: yara_scan_memory waiting (cpu=100%>=90.0%, waited 245s)
2026-06-03 17:44:00,528 [MainThread] INFO mulder.server.app: Resource throttle: yara_scan_memory waiting (cpu=100%>=90.0%, waited 250s)
2026-06-03 17:44:05,538 [MainThread] INFO mulder.server.app: Resource throttle: yara_scan_memory waiting (cpu=100%>=90.0%, waited 255s)
2026-06-03 17:44:10,550 [MainThread] INFO mulder.server.app: Resource throttle: yara_scan_memory waiting (cpu=100%>=90.0%, waited 260s)
2026-06-03 17:44:15,559 [MainThread] INFO mulder.server.app: Resource throttle: yara_scan_memory waiting (cpu=100%>=90.0%, waited 265s)
2026-06-03 17:44:20,573 [MainThread] INFO mulder.server.app: Resource throttle: yara_scan_memory waiting (cpu=100%>=90.0%, waited 270s)
2026-06-03 17:44:25,581 [MainThread] INFO mulder.server.app: Resource throttle: yara_scan_memory waiting (cpu=100%>=90.0%, waited 275s)
2026-06-03 17:44:30,591 [MainThread] INFO mulder.server.app: Resource throttle: yara_scan_memory waiting (cpu=100%>=90.0%, waited 280s)
2026-06-03 17:44:35,606 [MainThread] INFO mulder.server.app: Resource throttle: yara_scan_memory waiting (cpu=100%>=90.0%, waited 285s)
2026-06-03 17:44:40,618 [MainThread] INFO mulder.server.app: Resource throttle: yara_scan_memory waiting (cpu=99%>=90.0%, waited 290s)
2026-06-03 17:44:45,626 [MainThread] INFO mulder.server.app: Resource throttle: yara_scan_memory waiting (cpu=100%>=90.0%, waited 295s)
2026-06-03 17:44:50,737 [AnyIO worker thread] INFO mulder.server.tools.yara: Updated YARA rules: signature-base
2026-06-03 17:44:54,841 [AnyIO worker thread] INFO mulder.server.tools.yara: YARA rule validation: 731/744 files valid (individual)
2026-06-03 17:47:26,442 [MainThread] INFO mcp.server.lowlevel.server: Processing request of type CallToolRequest
2026-06-03 17:47:26,456 [MainThread] INFO mulder.server.app: Resource throttle: start_extraction_batch waiting (cpu=100%>=90.0%, waited 0s)
2026-06-03 17:47:31,464 [MainThread] INFO mulder.server.app: Resource throttle: start_extraction_batch waiting (cpu=100%>=90.0%, waited 5s)
2026-06-03 17:47:36,471 [MainThread] INFO mulder.server.app: Resource throttle: start_extraction_batch waiting (cpu=100%>=90.0%, waited 10s)
2026-06-03 17:47:41,479 [MainThread] INFO mulder.server.app: Resource throttle: start_extraction_batch waiting (cpu=100%>=90.0%, waited 15s)
2026-06-03 17:47:46,488 [MainThread] INFO mulder.server.app: Resource throttle: start_extraction_batch waiting (cpu=100%>=90.0%, waited 20s)
2026-06-03 17:47:51,494 [MainThread] INFO mulder.server.app: Resource throttle: start_extraction_batch waiting (cpu=100%>=90.0%, waited 25s)
2026-06-03 17:47:56,502 [MainThread] INFO mulder.server.app: Resource throttle: start_extraction_batch waiting (cpu=100%>=90.0%, waited 30s)
2026-06-03 17:48:01,510 [MainThread] INFO mulder.server.app: Resource throttle: start_extraction_batch waiting (cpu=100%>=90.0%, waited 35s)
2026-06-03 17:48:06,517 [MainThread] INFO mulder.server.app: Resource throttle: start_extraction_batch waiting (cpu=100%>=90.0%, waited 40s)
2026-06-03 17:48:11,524 [MainThread] INFO mulder.server.app: Resource throttle: start_extraction_batch waiting (cpu=100%>=90.0%, waited 45s)
2026-06-03 17:48:16,534 [MainThread] INFO mulder.server.app: Resource throttle: start_extraction_batch waiting (cpu=100%>=90.0%, waited 50s)
2026-06-03 17:48:21,543 [MainThread] INFO mulder.server.app: Resource throttle: start_extraction_batch waiting (cpu=100%>=90.0%, waited 55s)
2026-06-03 17:48:26,549 [MainThread] INFO mulder.server.app: Resource throttle: start_extraction_batch waiting (cpu=100%>=90.0%, waited 60s)
2026-06-03 17:48:31,557 [MainThread] INFO mulder.server.app: Resource throttle: start_extraction_batch waiting (cpu=100%>=90.0%, waited 65s)
2026-06-03 17:48:36,566 [MainThread] INFO mulder.server.app: Resource throttle: start_extraction_batch waiting (cpu=100%>=90.0%, waited 70s)
2026-06-03 17:48:41,575 [MainThread] INFO mulder.server.app: Resource throttle: start_extraction_batch waiting (cpu=100%>=90.0%, waited 75s)
2026-06-03 17:48:44,044 [MainThread] INFO mcp.server.lowlevel.server: Processing request of type CallToolRequest
2026-06-03 17:48:44,057 [MainThread] INFO mulder.server.app: Resource throttle: wait waiting (cpu=100%>=90.0%, waited 0s)
2026-06-03 17:48:46,585 [MainThread] INFO mulder.server.app: Resource throttle: start_extraction_batch waiting (cpu=100%>=90.0%, waited 80s)
2026-06-03 17:48:49,070 [MainThread] INFO mulder.server.app: Resource throttle: wait waiting (cpu=100%>=90.0%, waited 5s)
2026-06-03 17:48:51,595 [MainThread] INFO mulder.server.app: Resource throttle: start_extraction_batch waiting (cpu=100%>=90.0%, waited 85s)
2026-06-03 17:48:54,076 [MainThread] INFO mulder.server.app: Resource throttle: wait waiting (cpu=100%>=90.0%, waited 10s)
2026-06-03 17:48:56,601 [MainThread] INFO mulder.server.app: Resource throttle: start_extraction_batch waiting (cpu=100%>=90.0%, waited 90s)
2026-06-03 17:48:59,084 [MainThread] INFO mulder.server.app: Resource throttle: wait waiting (cpu=100%>=90.0%, waited 15s)
2026-06-03 17:49:01,608 [MainThread] INFO mulder.server.app: Resource throttle: start_extraction_batch waiting (cpu=100%>=90.0%, waited 95s)
2026-06-03 17:49:04,094 [MainThread] INFO mulder.server.app: Resource throttle: wait waiting (cpu=100%>=90.0%, waited 20s)
2026-06-03 17:49:06,618 [MainThread] INFO mulder.server.app: Resource throttle: start_extraction_batch waiting (cpu=100%>=90.0%, waited 100s)
2026-06-03 17:49:09,104 [MainThread] INFO mulder.server.app: Resource throttle: wait waiting (cpu=100%>=90.0%, waited 25s)
2026-06-03 17:49:11,624 [MainThread] INFO mulder.server.app: Resource throttle: start_extraction_batch waiting (cpu=100%>=90.0%, waited 105s)
2026-06-03 17:49:14,110 [MainThread] INFO mulder.server.app: Resource throttle: wait waiting (cpu=100%>=90.0%, waited 30s)
2026-06-03 17:49:16,632 [MainThread] INFO mulder.server.app: Resource throttle: start_extraction_batch waiting (cpu=100%>=90.0%, waited 110s)
2026-06-03 17:49:19,116 [MainThread] INFO mulder.server.app: Resource throttle: wait waiting (cpu=100%>=90.0%, waited 35s)
2026-06-03 17:49:21,638 [MainThread] INFO mulder.server.app: Resource throttle: start_extraction_batch waiting (cpu=100%>=90.0%, waited 115s)
2026-06-03 17:49:24,124 [MainThread] INFO mulder.server.app: Resource throttle: wait waiting (cpu=100%>=90.0%, waited 40s)
2026-06-03 17:49:26,648 [MainThread] INFO mulder.server.app: Resource throttle: start_extraction_batch waiting (cpu=100%>=90.0%, waited 120s)
2026-06-03 17:49:29,131 [MainThread] INFO mulder.server.app: Resource throttle: wait waiting (cpu=100%>=90.0%, waited 45s)
2026-06-03 17:49:31,655 [MainThread] INFO mulder.server.app: Resource throttle: start_extraction_batch waiting (cpu=100%>=90.0%, waited 125s)
2026-06-03 17:49:34,141 [MainThread] INFO mulder.server.app: Resource throttle: wait waiting (cpu=100%>=90.0%, waited 50s)
2026-06-03 17:49:36,671 [MainThread] INFO mulder.server.app: Resource throttle: start_extraction_batch waiting (cpu=100%>=90.0%, waited 130s)
2026-06-03 17:49:39,151 [MainThread] INFO mulder.server.app: Resource throttle: wait waiting (cpu=100%>=90.0%, waited 55s)
2026-06-03 17:49:41,685 [MainThread] INFO mulder.server.app: Resource throttle: start_extraction_batch waiting (cpu=100%>=90.0%, waited 135s)
2026-06-03 17:49:44,164 [MainThread] INFO mulder.server.app: Resource throttle: wait waiting (cpu=100%>=90.0%, waited 60s)
2026-06-03 17:49:46,695 [MainThread] INFO mulder.server.app: Resource throttle: start_extraction_batch waiting (cpu=100%>=90.0%, waited 140s)
2026-06-03 17:49:49,170 [MainThread] INFO mulder.server.app: Resource throttle: wait waiting (cpu=100%>=90.0%, waited 65s)
2026-06-03 17:49:51,701 [MainThread] INFO mulder.server.app: Resource throttle: start_extraction_batch waiting (cpu=100%>=90.0%, waited 145s)
2026-06-03 17:49:54,179 [MainThread] INFO mulder.server.app: Resource throttle: wait waiting (cpu=100%>=90.0%, waited 70s)
2026-06-03 17:49:56,711 [MainThread] INFO mulder.server.app: Resource throttle: start_extraction_batch waiting (cpu=100%>=90.0%, waited 150s)
2026-06-03 17:49:59,185 [MainThread] INFO mulder.server.app: Resource throttle: wait waiting (cpu=100%>=90.0%, waited 75s)
2026-06-03 17:50:01,720 [MainThread] INFO mulder.server.app: Resource throttle: start_extraction_batch waiting (cpu=100%>=90.0%, waited 155s)
2026-06-03 17:50:04,195 [MainThread] INFO mulder.server.app: Resource throttle: wait waiting (cpu=100%>=90.0%, waited 80s)
2026-06-03 17:50:06,728 [MainThread] INFO mulder.server.app: Resource throttle: start_extraction_batch waiting (cpu=100%>=90.0%, waited 160s)
2026-06-03 17:50:09,201 [MainThread] INFO mulder.server.app: Resource throttle: wait waiting (cpu=100%>=90.0%, waited 85s)
2026-06-03 17:50:11,735 [MainThread] INFO mulder.server.app: Resource throttle: start_extraction_batch waiting (cpu=100%>=90.0%, waited 165s)
2026-06-03 17:50:14,207 [MainThread] INFO mulder.server.app: Resource throttle: wait waiting (cpu=100%>=90.0%, waited 90s)
2026-06-03 17:50:16,746 [MainThread] INFO mulder.server.app: Resource throttle: start_extraction_batch waiting (cpu=100%>=90.0%, waited 170s)
2026-06-03 17:50:19,218 [MainThread] INFO mulder.server.app: Resource throttle: wait waiting (cpu=100%>=90.0%, waited 95s)
2026-06-03 17:50:21,755 [MainThread] INFO mulder.server.app: Resource throttle: start_extraction_batch waiting (cpu=100%>=90.0%, waited 175s)
2026-06-03 17:50:24,226 [MainThread] INFO mulder.server.app: Resource throttle: wait waiting (cpu=100%>=90.0%, waited 100s)
2026-06-03 17:50:26,761 [MainThread] INFO mulder.server.app: Resource throttle: start_extraction_batch waiting (cpu=100%>=90.0%, waited 180s)
2026-06-03 17:50:29,235 [MainThread] INFO mulder.server.app: Resource throttle: wait waiting (cpu=100%>=90.0%, waited 105s)
2026-06-03 17:50:31,767 [MainThread] INFO mulder.server.app: Resource throttle: start_extraction_batch waiting (cpu=100%>=90.0%, waited 185s)
2026-06-03 17:50:34,246 [MainThread] INFO mulder.server.app: Resource throttle: wait waiting (cpu=100%>=90.0%, waited 110s)
2026-06-03 17:50:36,776 [MainThread] INFO mulder.server.app: Resource throttle: start_extraction_batch waiting (cpu=100%>=90.0%, waited 190s)
2026-06-03 17:50:39,252 [MainThread] INFO mulder.server.app: Resource throttle: wait waiting (cpu=100%>=90.0%, waited 115s)
2026-06-03 17:50:41,782 [MainThread] INFO mulder.server.app: Resource throttle: start_extraction_batch waiting (cpu=100%>=90.0%, waited 195s)
2026-06-03 17:50:44,259 [MainThread] INFO mulder.server.app: Resource throttle: wait waiting (cpu=100%>=90.0%, waited 120s)
2026-06-03 17:50:46,788 [MainThread] INFO mulder.server.app: Resource throttle: start_extraction_batch waiting (cpu=100%>=90.0%, waited 200s)
2026-06-03 17:50:49,268 [MainThread] INFO mulder.server.app: Resource throttle: wait waiting (cpu=100%>=90.0%, waited 125s)
2026-06-03 17:50:51,795 [MainThread] INFO mulder.server.app: Resource throttle: start_extraction_batch waiting (cpu=100%>=90.0%, waited 205s)
2026-06-03 17:50:54,277 [MainThread] INFO mulder.server.app: Resource throttle: wait waiting (cpu=100%>=90.0%, waited 130s)
2026-06-03 17:50:56,802 [MainThread] INFO mulder.server.app: Resource throttle: start_extraction_batch waiting (cpu=100%>=90.0%, waited 210s)
2026-06-03 17:50:59,283 [MainThread] INFO mulder.server.app: Resource throttle: wait waiting (cpu=100%>=90.0%, waited 135s)
2026-06-03 17:51:01,809 [MainThread] INFO mulder.server.app: Resource throttle: start_extraction_batch waiting (cpu=100%>=90.0%, waited 215s)
2026-06-03 17:51:04,289 [MainThread] INFO mulder.server.app: Resource throttle: wait waiting (cpu=100%>=90.0%, waited 140s)
2026-06-03 17:51:06,818 [MainThread] INFO mulder.server.app: Resource throttle: start_extraction_batch waiting (cpu=100%>=90.0%, waited 220s)
2026-06-03 17:51:09,298 [MainThread] INFO mulder.server.app: Resource throttle: wait waiting (cpu=100%>=90.0%, waited 145s)
2026-06-03 17:51:11,824 [MainThread] INFO mulder.server.app: Resource throttle: start_extraction_batch waiting (cpu=100%>=90.0%, waited 225s)
2026-06-03 17:51:14,304 [MainThread] INFO mulder.server.app: Resource throttle: wait waiting (cpu=100%>=90.0%, waited 150s)
2026-06-03 17:51:16,831 [MainThread] INFO mulder.server.app: Resource throttle: start_extraction_batch waiting (cpu=100%>=90.0%, waited 230s)
2026-06-03 17:51:19,313 [MainThread] INFO mulder.server.app: Resource throttle: wait waiting (cpu=100%>=90.0%, waited 155s)
2026-06-03 17:51:21,839 [MainThread] INFO mulder.server.app: Resource throttle: start_extraction_batch waiting (cpu=100%>=90.0%, waited 235s)
2026-06-03 17:51:24,323 [MainThread] INFO mulder.server.app: Resource throttle: wait waiting (cpu=100%>=90.0%, waited 160s)
2026-06-03 17:51:26,847 [MainThread] INFO mulder.server.app: Resource throttle: start_extraction_batch waiting (cpu=100%>=90.0%, waited 240s)
2026-06-03 17:51:29,331 [MainThread] INFO mulder.server.app: Resource throttle: wait waiting (cpu=100%>=90.0%, waited 165s)
2026-06-03 17:51:31,856 [MainThread] INFO mulder.server.app: Resource throttle: start_extraction_batch waiting (cpu=100%>=90.0%, waited 245s)
2026-06-03 17:51:34,337 [MainThread] INFO mulder.server.app: Resource throttle: wait waiting (cpu=100%>=90.0%, waited 170s)
2026-06-03 17:51:36,865 [MainThread] INFO mulder.server.app: Resource throttle: start_extraction_batch waiting (cpu=100%>=90.0%, waited 250s)
2026-06-03 17:51:39,350 [MainThread] INFO mulder.server.app: Resource throttle: wait waiting (cpu=100%>=90.0%, waited 175s)
2026-06-03 17:51:41,874 [MainThread] INFO mulder.server.app: Resource throttle: start_extraction_batch waiting (cpu=100%>=90.0%, waited 255s)
2026-06-03 17:51:44,361 [MainThread] INFO mulder.server.app: Resource throttle: wait waiting (cpu=100%>=90.0%, waited 180s)
2026-06-03 17:51:46,880 [MainThread] INFO mulder.server.app: Resource throttle: start_extraction_batch waiting (cpu=100%>=90.0%, waited 260s)
2026-06-03 17:51:49,367 [MainThread] INFO mulder.server.app: Resource throttle: wait waiting (cpu=100%>=90.0%, waited 185s)
2026-06-03 17:51:51,891 [MainThread] INFO mulder.server.app: Resource throttle: start_extraction_batch waiting (cpu=100%>=90.0%, waited 265s)
2026-06-03 17:51:54,376 [MainThread] INFO mulder.server.app: Resource throttle: wait waiting (cpu=100%>=90.0%, waited 190s)
2026-06-03 17:51:56,897 [MainThread] INFO mulder.server.app: Resource throttle: start_extraction_batch waiting (cpu=100%>=90.0%, waited 270s)
2026-06-03 17:51:59,382 [MainThread] INFO mulder.server.app: Resource throttle: wait waiting (cpu=100%>=90.0%, waited 195s)
2026-06-03 17:52:01,905 [MainThread] INFO mulder.server.app: Resource throttle: start_extraction_batch waiting (cpu=100%>=90.0%, waited 275s)
2026-06-03 17:52:04,389 [MainThread] INFO mulder.server.app: Resource throttle: wait waiting (cpu=100%>=90.0%, waited 200s)
2026-06-03 17:52:06,914 [MainThread] INFO mulder.server.app: Resource throttle: start_extraction_batch waiting (cpu=100%>=90.0%, waited 280s)
2026-06-03 17:52:09,397 [MainThread] INFO mulder.server.app: Resource throttle: wait waiting (cpu=100%>=90.0%, waited 205s)
2026-06-03 17:52:11,920 [MainThread] INFO mulder.server.app: Resource throttle: start_extraction_batch waiting (cpu=100%>=90.0%, waited 285s)
2026-06-03 17:52:14,403 [MainThread] INFO mulder.server.app: Resource throttle: wait waiting (cpu=100%>=90.0%, waited 210s)
2026-06-03 17:52:16,926 [MainThread] INFO mulder.server.app: Resource throttle: start_extraction_batch waiting (cpu=100%>=90.0%, waited 290s)
2026-06-03 17:52:19,410 [MainThread] INFO mulder.server.app: Resource throttle: wait waiting (cpu=100%>=90.0%, waited 215s)
2026-06-03 17:52:21,933 [MainThread] INFO mulder.server.app: Resource throttle: start_extraction_batch waiting (cpu=100%>=90.0%, waited 295s)
2026-06-03 17:52:24,418 [MainThread] INFO mulder.server.app: Resource throttle: wait waiting (cpu=100%>=90.0%, waited 220s)
2026-06-03 17:52:27,048 [mulder-job_0] INFO mulder.server.app: Resource throttle: run_prefetch_parser waiting (cpu=92%>=90.0%, waited 0s)
2026-06-03 17:52:27,053 [AnyIO worker thread] INFO mulder.server.jobs: Submitted batch bg_5b091bc7 with 9 jobs: ['run_evtx_parser', 'run_hayabusa', 'run_chainsaw', 'run_registry_parser', 'run_prefetch_parser', 'run_amcache_parser', 'run_shimcache_parser', 'run_mft_parser', 'yara_scan_files']
2026-06-03 17:52:27,056 [mulder-job_4] INFO mulder.server.app: Resource throttle: run_mft_parser waiting (cpu=92%>=90.0%, waited 0s)
2026-06-03 17:52:27,056 [mulder-job_1] INFO mulder.server.app: Resource throttle: run_registry_parser waiting (cpu=92%>=90.0%, waited 0s)
2026-06-03 17:52:27,056 [mulder-job_2] INFO mulder.server.app: Resource throttle: run_evtx_parser waiting (cpu=92%>=90.0%, waited 0s)
2026-06-03 17:52:27,057 [mulder-job_3] INFO mulder.server.app: Resource throttle: run_chainsaw waiting (cpu=92%>=90.0%, waited 0s)
2026-06-03 17:52:27,057 [mulder-job_7] INFO mulder.server.app: Resource throttle: run_shimcache_parser waiting (cpu=100%>=90.0%, waited 0s)
2026-06-03 17:52:27,184 [mulder-job_5] INFO mulder.server.jobs: Job job_fd274fa9 (run_hayabusa) completed
2026-06-03 17:52:27,189 [mulder-job_5] INFO mulder.server.jobs: [JOB_COMPLETE] run_hayabusa|completed|
2026-06-03 17:52:27,193 [mulder-job_5] INFO mulder.server.app: Resource throttle: yara_scan_files waiting (cpu=100%>=90.0%, waited 0s)
2026-06-03 17:52:27,833 [mulder-job_6] WARNING mulder.extractors.disk: ewfmount failed on /evidence/base-wkstn-01-c-drive.E01: Command '['ewfmount', '/evidence/base-wkstn-01-c-drive.E01', '/tmp/mulder_mount_nn6tz_q_/_ewf']' returned non-zero exit status 1. No sub system to mount EWF format.

2026-06-03 17:52:28,348 [mulder-job_6] WARNING mulder.extractors.disk: guestmount failed on E01 /evidence/base-wkstn-01-c-drive.E01: Command '['guestmount', '-a', '/evidence/base-wkstn-01-c-drive.E01', '-i', '--ro', '/tmp/mulder_mount_nn6tz_q_']' returned non-zero exit status 1.
2026-06-03 17:52:28,354 [mulder-job_6] ERROR mulder.extractors.disk: Could not mount E01 /evidence/base-wkstn-01-c-drive.E01 (tried ewfmount+mount and guestmount)
2026-06-03 17:52:29,426 [MainThread] INFO mulder.server.app: Resource throttle: wait waiting (cpu=100%>=90.0%, waited 225s)
2026-06-03 17:52:32,058 [mulder-job_0] INFO mulder.server.app: Resource throttle: run_prefetch_parser waiting (cpu=100%>=90.0%, waited 5s)
2026-06-03 17:52:32,064 [mulder-job_4] INFO mulder.server.app: Resource throttle: run_mft_parser waiting (cpu=100%>=90.0%, waited 5s)
2026-06-03 17:52:32,064 [mulder-job_1] INFO mulder.server.app: Resource throttle: run_registry_parser waiting (cpu=100%>=90.0%, waited 5s)
2026-06-03 17:52:32,065 [mulder-job_2] INFO mulder.server.app: Resource throttle: run_evtx_parser waiting (cpu=100%>=90.0%, waited 5s)
2026-06-03 17:52:32,071 [mulder-job_3] INFO mulder.server.app: Resource throttle: run_chainsaw waiting (cpu=100%>=90.0%, waited 5s)
2026-06-03 17:52:32,081 [mulder-job_7] INFO mulder.server.app: Resource throttle: run_shimcache_parser waiting (cpu=100%>=90.0%, waited 5s)
2026-06-03 17:52:32,194 [mulder-job_5] INFO mulder.server.app: Resource throttle: yara_scan_files waiting (cpu=100%>=90.0%, waited 5s)
2026-06-03 17:52:32,571 [MainThread] INFO mcp.server.lowlevel.server: Processing request of type CallToolRequest
2026-06-03 17:52:32,574 [MainThread] INFO mulder.server.app: Resource throttle: wait waiting (cpu=100%>=90.0%, waited 0s)
2026-06-03 17:52:34,438 [MainThread] INFO mulder.server.app: Resource throttle: wait waiting (cpu=100%>=90.0%, waited 230s)
2026-06-03 17:52:35,656 [mulder-job_6] WARNING mulder.server.jobs: Job job_e423a508 (run_amcache_parser) returned error: AmcacheParser.dll produced no CSV output
2026-06-03 17:52:35,657 [mulder-job_6] INFO mulder.server.jobs: [JOB_COMPLETE] run_amcache_parser|failed|AmcacheParser.dll produced no CSV output
2026-06-03 17:52:37,059 [mulder-job_0] INFO mulder.server.app: Resource throttle: run_prefetch_parser waiting (cpu=100%>=90.0%, waited 10s)
2026-06-03 17:52:37,066 [mulder-job_4] INFO mulder.server.app: Resource throttle: run_mft_parser waiting (cpu=100%>=90.0%, waited 10s)
2026-06-03 17:52:37,068 [mulder-job_1] INFO mulder.server.app: Resource throttle: run_registry_parser waiting (cpu=100%>=90.0%, waited 10s)
2026-06-03 17:52:37,069 [mulder-job_2] INFO mulder.server.app: Resource throttle: run_evtx_parser waiting (cpu=100%>=90.0%, waited 10s)
2026-06-03 17:52:37,072 [mulder-job_3] INFO mulder.server.app: Resource throttle: run_chainsaw waiting (cpu=100%>=90.0%, waited 10s)
2026-06-03 17:52:37,082 [mulder-job_7] INFO mulder.server.app: Resource throttle: run_shimcache_parser waiting (cpu=100%>=90.0%, waited 10s)
2026-06-03 17:52:37,195 [mulder-job_5] INFO mulder.server.app: Resource throttle: yara_scan_files waiting (cpu=100%>=90.0%, waited 10s)
2026-06-03 17:52:37,580 [MainThread] INFO mulder.server.app: Resource throttle: wait waiting (cpu=100%>=90.0%, waited 5s)
2026-06-03 17:52:39,452 [MainThread] INFO mulder.server.app: Resource throttle: wait waiting (cpu=100%>=90.0%, waited 235s)
2026-06-03 17:52:42,061 [mulder-job_0] INFO mulder.server.app: Resource throttle: run_prefetch_parser waiting (cpu=100%>=90.0%, waited 15s)
2026-06-03 17:52:42,068 [mulder-job_4] INFO mulder.server.app: Resource throttle: run_mft_parser waiting (cpu=100%>=90.0%, waited 15s)
2026-06-03 17:52:42,070 [mulder-job_1] INFO mulder.server.app: Resource throttle: run_registry_parser waiting (cpu=100%>=90.0%, waited 15s)
2026-06-03 17:52:42,070 [mulder-job_2] INFO mulder.server.app: Resource throttle: run_evtx_parser waiting (cpu=100%>=90.0%, waited 15s)
2026-06-03 17:52:42,076 [mulder-job_3] INFO mulder.server.app: Resource throttle: run_chainsaw waiting (cpu=100%>=90.0%, waited 15s)
2026-06-03 17:52:42,082 [mulder-job_7] INFO mulder.server.app: Resource throttle: run_shimcache_parser waiting (cpu=100%>=90.0%, waited 15s)
2026-06-03 17:52:42,199 [mulder-job_5] INFO mulder.server.app: Resource throttle: yara_scan_files waiting (cpu=100%>=90.0%, waited 15s)
2026-06-03 17:52:42,588 [MainThread] INFO mulder.server.app: Resource throttle: wait waiting (cpu=100%>=90.0%, waited 10s)
2026-06-03 17:52:44,461 [MainThread] INFO mulder.server.app: Resource throttle: wait waiting (cpu=100%>=90.0%, waited 240s)
2026-06-03 17:52:47,065 [mulder-job_0] INFO mulder.server.app: Resource throttle: run_prefetch_parser waiting (cpu=100%>=90.0%, waited 20s)
2026-06-03 17:52:47,071 [mulder-job_4] INFO mulder.server.app: Resource throttle: run_mft_parser waiting (cpu=100%>=90.0%, waited 20s)
2026-06-03 17:52:47,072 [mulder-job_2] INFO mulder.server.app: Resource throttle: run_evtx_parser waiting (cpu=100%>=90.0%, waited 20s)
2026-06-03 17:52:47,072 [mulder-job_1] INFO mulder.server.app: Resource throttle: run_registry_parser waiting (cpu=100%>=90.0%, waited 20s)
2026-06-03 17:52:47,077 [mulder-job_3] INFO mulder.server.app: Resource throttle: run_chainsaw waiting (cpu=100%>=90.0%, waited 20s)
2026-06-03 17:52:47,084 [mulder-job_7] INFO mulder.server.app: Resource throttle: run_shimcache_parser waiting (cpu=100%>=90.0%, waited 20s)
2026-06-03 17:52:47,200 [mulder-job_5] INFO mulder.server.app: Resource throttle: yara_scan_files waiting (cpu=100%>=90.0%, waited 20s)
2026-06-03 17:52:47,594 [MainThread] INFO mulder.server.app: Resource throttle: wait waiting (cpu=99%>=90.0%, waited 15s)
2026-06-03 17:52:52,206 [mulder-job_3] INFO mulder.server.jobs: Job job_c0f9d185 (run_chainsaw) completed
2026-06-03 17:52:52,209 [mulder-job_3] INFO mulder.server.jobs: [JOB_COMPLETE] run_chainsaw|completed|
2026-06-03 17:52:52,207 [mulder-job_4] WARNING mulder.extractors.disk: ewfmount failed on /evidence/base-wkstn-01-c-drive.E01: Command '['ewfmount', '/evidence/base-wkstn-01-c-drive.E01', '/tmp/mulder_mount_gi4wewev/_ewf']' returned non-zero exit status 1. No sub system to mount EWF format.

2026-06-03 17:52:52,449 [mulder-job_4] WARNING mulder.extractors.disk: guestmount failed on E01 /evidence/base-wkstn-01-c-drive.E01: Command '['guestmount', '-a', '/evidence/base-wkstn-01-c-drive.E01', '-i', '--ro', '/tmp/mulder_mount_gi4wewev']' returned non-zero exit status 1.
2026-06-03 17:52:52,450 [mulder-job_4] ERROR mulder.extractors.disk: Could not mount E01 /evidence/base-wkstn-01-c-drive.E01 (tried ewfmount+mount and guestmount)
2026-06-03 17:54:12,467 [mulder-job_0] WARNING mulder.server.jobs: Job job_84305be6 (run_prefetch_parser) returned error: PECmd.dll produced no CSV output
2026-06-03 17:54:12,473 [mulder-job_0] INFO mulder.server.jobs: [JOB_COMPLETE] run_prefetch_parser|failed|PECmd.dll produced no CSV output
2026-06-03 17:55:06,608 [mulder-job_7] WARNING mulder.server.jobs: Job job_2ea92cef (run_shimcache_parser) returned error: AppCompatCacheParser.dll produced no CSV output
2026-06-03 17:55:06,613 [mulder-job_7] INFO mulder.server.jobs: [JOB_COMPLETE] run_shimcache_parser|failed|AppCompatCacheParser.dll produced no CSV output
2026-06-03 17:55:10,725 [mulder-job_4] INFO mulder.server.jobs: Job job_577f3ad2 (run_mft_parser) completed
2026-06-03 17:55:10,727 [mulder-job_4] INFO mulder.server.jobs: [JOB_COMPLETE] run_mft_parser|completed|
2026-06-03 17:55:10,779 [mulder-job_2] INFO mulder.server.jobs: Job job_700410ec (run_evtx_parser) completed
2026-06-03 17:55:10,780 [mulder-job_2] INFO mulder.server.jobs: [JOB_COMPLETE] run_evtx_parser|completed|
2026-06-03 17:56:26,349 [mulder-job_5] INFO mulder.server.jobs: Job job_ef9fe99f (yara_scan_files) completed
2026-06-03 17:56:26,362 [mulder-job_5] INFO mulder.server.jobs: [JOB_COMPLETE] yara_scan_files|completed|
2026-06-03 17:57:54,638 [MainThread] INFO mcp.server.lowlevel.server: Processing request of type CallToolRequest
2026-06-03 17:57:58,230 [mulder-job_2] WARNING mulder.server.tools.extract.carving: Feature file url.txt is 292223800 bytes; reading first 268435456 only
2026-06-03 17:59:17,801 [mulder-job_2] INFO mulder.server.jobs: Job job_0908dcce (run_bulk_extractor) completed
2026-06-03 17:59:17,807 [mulder-job_2] INFO mulder.server.jobs: [JOB_COMPLETE] run_bulk_extractor|completed|
2026-06-03 17:59:21,972 [MainThread] INFO mcp.server.lowlevel.server: Processing request of type CallToolRequest
2026-06-03 17:59:31,808 [MainThread] INFO mcp.server.lowlevel.server: Processing request of type CallToolRequest
2026-06-03 17:59:31,858 [AnyIO worker thread] INFO mulder.server.jobs: Submitted batch bg_6834138d with 9 jobs: ['run_evtx_parser', 'run_hayabusa', 'run_chainsaw', 'run_registry_parser', 'run_prefetch_parser', 'run_amcache_parser', 'run_shimcache_parser', 'run_mft_parser', 'yara_scan_files']
2026-06-03 17:59:31,961 [mulder-job_1] INFO mulder.server.tools.hayabusa: Hayabusa: no prior EVTX extraction found; extracting inline from /evidence/base-wkstn-05-cdrive.E01
2026-06-03 17:59:31,985 [mulder-job_4] INFO mulder.server.jobs: Job job_dcc36171 (run_chainsaw) completed
2026-06-03 17:59:31,986 [mulder-job_4] INFO mulder.server.jobs: [JOB_COMPLETE] run_chainsaw|completed|
2026-06-03 17:59:32,315 [mulder-job_5] WARNING mulder.extractors.disk: ewfmount failed on /evidence/base-wkstn-05-cdrive.E01: Command '['ewfmount', '/evidence/base-wkstn-05-cdrive.E01', '/tmp/mulder_mount_eskwewx4/_ewf']' returned non-zero exit status 1. No sub system to mount EWF format.

2026-06-03 17:59:32,519 [mulder-job_5] WARNING mulder.extractors.disk: guestmount failed on E01 /evidence/base-wkstn-05-cdrive.E01: Command '['guestmount', '-a', '/evidence/base-wkstn-05-cdrive.E01', '-i', '--ro', '/tmp/mulder_mount_eskwewx4']' returned non-zero exit status 1.
2026-06-03 17:59:32,520 [mulder-job_5] ERROR mulder.extractors.disk: Could not mount E01 /evidence/base-wkstn-05-cdrive.E01 (tried ewfmount+mount and guestmount)
2026-06-03 17:59:36,297 [MainThread] INFO mcp.server.lowlevel.server: Processing request of type CallToolRequest
2026-06-03 17:59:55,982 [mulder-job_6] WARNING mulder.server.jobs: Job job_585e1a05 (run_amcache_parser) returned error: AmcacheParser.dll produced no CSV output
2026-06-03 17:59:55,985 [mulder-job_6] INFO mulder.server.jobs: [JOB_COMPLETE] run_amcache_parser|failed|AmcacheParser.dll produced no CSV output
2026-06-03 18:00:05,276 [mulder-job_1] INFO mulder.server.jobs: Job job_80784b81 (run_registry_parser) completed
2026-06-03 18:00:05,287 [mulder-job_1] INFO mulder.server.jobs: [JOB_COMPLETE] run_registry_parser|completed|
2026-06-03 18:00:10,418 [MainThread] INFO mcp.server.lowlevel.server: Processing request of type CallToolRequest
2026-06-03 18:00:18,168 [MainThread] INFO mcp.server.lowlevel.server: Processing request of type CallToolRequest
2026-06-03 18:00:18,170 [AnyIO worker thread] INFO mulder.server.jobs: Submitted batch bg_2faa2417 with 3 jobs: ['run_prefetch_parser', 'run_amcache_parser', 'run_shimcache_parser']
2026-06-03 18:00:18,578 [mulder-job_0] WARNING mulder.extractors.disk: ewfmount failed on /evidence/base-wkstn-01-c-drive.E01: Command '['ewfmount', '/evidence/base-wkstn-01-c-drive.E01', '/tmp/mulder_mount_l540whzl/_ewf']' returned non-zero exit status 1. No sub system to mount EWF format.

2026-06-03 18:00:18,885 [mulder-job_0] WARNING mulder.extractors.disk: guestmount failed on E01 /evidence/base-wkstn-01-c-drive.E01: Command '['guestmount', '-a', '/evidence/base-wkstn-01-c-drive.E01', '-i', '--ro', '/tmp/mulder_mount_l540whzl']' returned non-zero exit status 1.
2026-06-03 18:00:18,887 [mulder-job_0] ERROR mulder.extractors.disk: Could not mount E01 /evidence/base-wkstn-01-c-drive.E01 (tried ewfmount+mount and guestmount)
2026-06-03 18:00:24,188 [MainThread] INFO mcp.server.lowlevel.server: Processing request of type CallToolRequest
2026-06-03 18:00:40,009 [mulder-job_3] WARNING mulder.server.jobs: Job job_3220bd37 (run_amcache_parser) returned error: AmcacheParser.dll produced no CSV output
2026-06-03 18:00:40,011 [mulder-job_3] INFO mulder.server.jobs: [JOB_COMPLETE] run_amcache_parser|failed|AmcacheParser.dll produced no CSV output
2026-06-03 18:00:41,915 [mulder-job_0] WARNING mulder.server.jobs: Job job_c02a4197 (run_prefetch_parser) returned error: PECmd.dll produced no CSV output
2026-06-03 18:00:41,921 [mulder-job_0] INFO mulder.server.jobs: [JOB_COMPLETE] run_prefetch_parser|failed|PECmd.dll produced no CSV output
2026-06-03 18:00:59,558 [mulder-job_7] INFO mulder.server.jobs: Job job_95f8508f (run_mft_parser) completed
2026-06-03 18:00:59,560 [mulder-job_7] INFO mulder.server.jobs: [JOB_COMPLETE] run_mft_parser|completed|
2026-06-03 18:01:06,862 [mulder-job_1] INFO mulder.server.tools.hayabusa: Hayabusa: extracted 1086 EVTX files from /evidence/base-wkstn-05-cdrive.E01
2026-06-03 18:01:06,883 [mulder-job_1] INFO mulder.server.jobs: Job job_14bf4b5b (run_hayabusa) completed
2026-06-03 18:01:06,884 [mulder-job_1] INFO mulder.server.jobs: [JOB_COMPLETE] run_hayabusa|completed|
2026-06-03 18:01:06,960 [mulder-job_3] INFO mulder.server.jobs: Job job_9d8d367b (run_evtx_parser) completed
2026-06-03 18:01:06,961 [mulder-job_3] INFO mulder.server.jobs: [JOB_COMPLETE] run_evtx_parser|completed|
2026-06-03 18:01:22,090 [mulder-job_2] WARNING mulder.server.jobs: Job job_34d20371 (run_shimcache_parser) returned error: AppCompatCacheParser.dll produced no CSV output
2026-06-03 18:01:22,092 [mulder-job_2] INFO mulder.server.jobs: [JOB_COMPLETE] run_shimcache_parser|failed|AppCompatCacheParser.dll produced no CSV output
2026-06-03 18:01:27,449 [mulder-job_6] WARNING mulder.server.jobs: Job job_80de3d7e (run_prefetch_parser) returned error: PECmd.dll produced no CSV output
2026-06-03 18:01:27,453 [mulder-job_6] INFO mulder.server.jobs: [JOB_COMPLETE] run_prefetch_parser|failed|PECmd.dll produced no CSV output
2026-06-03 18:02:03,380 [mulder-job_0] WARNING mulder.server.jobs: Job job_e529aed7 (run_shimcache_parser) returned error: AppCompatCacheParser.dll produced no CSV output
2026-06-03 18:02:03,387 [mulder-job_0] INFO mulder.server.jobs: [JOB_COMPLETE] run_shimcache_parser|failed|AppCompatCacheParser.dll produced no CSV output
2026-06-03 18:02:09,289 [MainThread] INFO mcp.server.lowlevel.server: Processing request of type CallToolRequest
2026-06-03 18:02:09,356 [AnyIO worker thread] INFO mulder.server.tools.extract.tsk: mmls failed on /evidence/base-wkstn-01-c-drive.E01: no_partition_table
2026-06-03 18:02:24,803 [mulder-job_4] INFO mulder.server.jobs: Job job_c9163b42 (yara_scan_files) completed
2026-06-03 18:02:24,808 [mulder-job_4] INFO mulder.server.jobs: [JOB_COMPLETE] yara_scan_files|completed|
2026-06-03 18:02:29,514 [MainThread] INFO mulder.server.app: Mulder MCP server ready (db_dir=/home/mulder/.mulder/cases)
2026-06-03 18:02:29,534 [MainThread] INFO mcp.server.lowlevel.server: Processing request of type ListToolsRequest
2026-06-03 18:02:29,536 [MainThread] INFO mcp.server.lowlevel.server: Processing request of type ListPromptsRequest
2026-06-03 18:02:29,537 [MainThread] INFO mcp.server.lowlevel.server: Processing request of type ListResourcesRequest
2026-06-03 18:02:34,492 [MainThread] INFO mcp.server.lowlevel.server: Processing request of type CallToolRequest
2026-06-03 18:02:34,493 [AnyIO worker thread] INFO mulder.server.app: Opening case database for 'SRL-2018' ...
2026-06-03 18:02:34,517 [AnyIO worker thread] INFO mulder.server.app: Server context ready for case 'SRL-2018'
2026-06-03 18:02:39,192 [MainThread] INFO mcp.server.lowlevel.server: Processing request of type CallToolRequest
2026-06-03 18:02:45,359 [MainThread] INFO mulder.server.app: Mulder MCP server ready (db_dir=/home/mulder/.mulder/cases)
2026-06-03 18:02:45,380 [MainThread] INFO mcp.server.lowlevel.server: Processing request of type ListToolsRequest
2026-06-03 18:02:45,382 [MainThread] INFO mcp.server.lowlevel.server: Processing request of type ListPromptsRequest
2026-06-03 18:02:45,383 [MainThread] INFO mcp.server.lowlevel.server: Processing request of type ListResourcesRequest
2026-06-03 18:02:51,422 [MainThread] INFO mcp.server.lowlevel.server: Processing request of type CallToolRequest
2026-06-03 18:02:55,798 [MainThread] INFO mcp.server.lowlevel.server: Processing request of type CallToolRequest
2026-06-03 18:03:00,298 [MainThread] INFO mcp.server.lowlevel.server: Processing request of type CallToolRequest
2026-06-03 18:03:00,299 [AnyIO worker thread] INFO mulder.server.app: Opening case database for 'SRL-2018' ...
2026-06-03 18:03:00,309 [AnyIO worker thread] INFO mulder.server.app: Server context ready for case 'SRL-2018'
2026-06-03 18:03:05,605 [MainThread] INFO mcp.server.lowlevel.server: Processing request of type CallToolRequest
2026-06-03 18:03:05,638 [MainThread] INFO mcp.server.lowlevel.server: Processing request of type CallToolRequest
2026-06-03 18:03:41,855 [MainThread] INFO mcp.server.lowlevel.server: Processing request of type CallToolRequest
2026-06-03 18:03:53,940 [MainThread] INFO mcp.server.lowlevel.server: Processing request of type CallToolRequest
2026-06-03 18:03:53,960 [MainThread] INFO mcp.server.lowlevel.server: Processing request of type CallToolRequest
2026-06-03 18:03:56,635 [MainThread] INFO mcp.server.lowlevel.server: Processing request of type CallToolRequest
2026-06-03 18:04:07,839 [MainThread] INFO mcp.server.lowlevel.server: Processing request of type CallToolRequest
2026-06-03 18:04:09,084 [MainThread] INFO mcp.server.lowlevel.server: Processing request of type CallToolRequest
2026-06-03 18:04:09,433 [MainThread] INFO mcp.server.lowlevel.server: Processing request of type CallToolRequest
2026-06-03 18:04:21,031 [MainThread] INFO mcp.server.lowlevel.server: Processing request of type CallToolRequest
2026-06-03 18:04:22,104 [MainThread] INFO mcp.server.lowlevel.server: Processing request of type CallToolRequest
2026-06-03 18:04:36,759 [MainThread] INFO mcp.server.lowlevel.server: Processing request of type CallToolRequest
2026-06-03 18:04:37,270 [MainThread] INFO mcp.server.lowlevel.server: Processing request of type CallToolRequest
2026-06-03 18:04:38,044 [MainThread] INFO mcp.server.lowlevel.server: Processing request of type CallToolRequest
2026-06-03 18:04:41,485 [MainThread] INFO mcp.server.lowlevel.server: Processing request of type CallToolRequest
2026-06-03 18:04:54,703 [MainThread] INFO mcp.server.lowlevel.server: Processing request of type CallToolRequest
2026-06-03 18:05:03,045 [mulder-job_5] INFO mulder.server.jobs: Job job_acb46d53 (run_registry_parser) completed
2026-06-03 18:05:03,047 [mulder-job_5] INFO mulder.server.jobs: [JOB_COMPLETE] run_registry_parser|completed|
2026-06-03 18:05:03,967 [MainThread] INFO mcp.server.lowlevel.server: Processing request of type CallToolRequest
2026-06-03 18:05:07,761 [MainThread] INFO mcp.server.lowlevel.server: Processing request of type CallToolRequest
2026-06-03 18:05:13,111 [MainThread] INFO mcp.server.lowlevel.server: Processing request of type CallToolRequest
2026-06-03 18:05:14,205 [MainThread] INFO mcp.server.lowlevel.server: Processing request of type CallToolRequest
2026-06-03 18:05:14,207 [AnyIO worker thread] INFO mulder.server.jobs: Submitted batch bg_c29a34f9 with 3 jobs: ['run_prefetch_parser', 'run_amcache_parser', 'run_shimcache_parser']
2026-06-03 18:05:14,669 [mulder-job_0] WARNING mulder.extractors.disk: ewfmount failed on /evidence/base-wkstn-05-cdrive.E01: Command '['ewfmount', '/evidence/base-wkstn-05-cdrive.E01', '/tmp/mulder_mount_i8no9wmk/_ewf']' returned non-zero exit status 1. No sub system to mount EWF format.

2026-06-03 18:05:14,857 [mulder-job_0] WARNING mulder.extractors.disk: guestmount failed on E01 /evidence/base-wkstn-05-cdrive.E01: Command '['guestmount', '-a', '/evidence/base-wkstn-05-cdrive.E01', '-i', '--ro', '/tmp/mulder_mount_i8no9wmk']' returned non-zero exit status 1.
2026-06-03 18:05:14,859 [mulder-job_0] ERROR mulder.extractors.disk: Could not mount E01 /evidence/base-wkstn-05-cdrive.E01 (tried ewfmount+mount and guestmount)
2026-06-03 18:05:19,384 [MainThread] INFO mcp.server.lowlevel.server: Processing request of type CallToolRequest
2026-06-03 18:05:25,306 [mulder-job_0] WARNING mulder.server.jobs: Job job_936339f7 (run_amcache_parser) returned error: AmcacheParser.dll produced no CSV output
2026-06-03 18:05:25,307 [mulder-job_0] INFO mulder.server.jobs: [JOB_COMPLETE] run_amcache_parser|failed|AmcacheParser.dll produced no CSV output
2026-06-03 18:05:54,741 [mulder-job_6] WARNING mulder.server.jobs: Job job_2afb5fd0 (run_prefetch_parser) returned error: PECmd.dll produced no CSV output
2026-06-03 18:05:54,743 [mulder-job_6] INFO mulder.server.jobs: [JOB_COMPLETE] run_prefetch_parser|failed|PECmd.dll produced no CSV output
2026-06-03 18:05:58,204 [MainThread] INFO mcp.server.lowlevel.server: Processing request of type CallToolRequest
2026-06-03 18:05:59,470 [MainThread] INFO mcp.server.lowlevel.server: Processing request of type CallToolRequest
2026-06-03 18:06:00,209 [MainThread] INFO mcp.server.lowlevel.server: Processing request of type CallToolRequest
2026-06-03 18:06:21,104 [mulder-job_7] WARNING mulder.server.jobs: Job job_8fa41f11 (run_shimcache_parser) returned error: AppCompatCacheParser.dll produced no CSV output
2026-06-03 18:06:21,105 [mulder-job_7] INFO mulder.server.jobs: [JOB_COMPLETE] run_shimcache_parser|failed|AppCompatCacheParser.dll produced no CSV output
2026-06-03 18:06:40,144 [MainThread] INFO mulder.server.app: Mulder MCP server ready (db_dir=/home/mulder/.mulder/cases)
2026-06-03 18:06:40,166 [MainThread] INFO mcp.server.lowlevel.server: Processing request of type ListToolsRequest
2026-06-03 18:06:40,168 [MainThread] INFO mcp.server.lowlevel.server: Processing request of type ListPromptsRequest
2026-06-03 18:06:40,169 [MainThread] INFO mcp.server.lowlevel.server: Processing request of type ListResourcesRequest
2026-06-03 18:06:45,812 [MainThread] INFO mcp.server.lowlevel.server: Processing request of type CallToolRequest
2026-06-03 18:06:50,579 [MainThread] INFO mcp.server.lowlevel.server: Processing request of type CallToolRequest
2026-06-03 18:06:54,571 [MainThread] INFO mcp.server.lowlevel.server: Processing request of type CallToolRequest
2026-06-03 18:06:54,576 [AnyIO worker thread] INFO mulder.server.app: Opening case database for 'SRL-2018' ...
2026-06-03 18:06:54,593 [AnyIO worker thread] INFO mulder.server.app: Server context ready for case 'SRL-2018'
2026-06-03 18:06:59,499 [MainThread] INFO mcp.server.lowlevel.server: Processing request of type CallToolRequest
2026-06-03 18:06:59,550 [MainThread] INFO mcp.server.lowlevel.server: Processing request of type CallToolRequest
2026-06-03 18:07:26,815 [MainThread] INFO mcp.server.lowlevel.server: Processing request of type CallToolRequest
2026-06-03 18:07:27,258 [MainThread] INFO mcp.server.lowlevel.server: Processing request of type CallToolRequest
2026-06-03 18:07:30,961 [MainThread] INFO mcp.server.lowlevel.server: Processing request of type CallToolRequest
2026-06-03 18:07:35,211 [MainThread] INFO mcp.server.lowlevel.server: Processing request of type CallToolRequest
2026-06-03 18:07:45,224 [MainThread] INFO mcp.server.lowlevel.server: Processing request of type CallToolRequest
2026-06-03 18:07:46,133 [MainThread] INFO mcp.server.lowlevel.server: Processing request of type CallToolRequest
2026-06-03 18:07:46,517 [MainThread] INFO mcp.server.lowlevel.server: Processing request of type CallToolRequest
2026-06-03 18:07:56,824 [MainThread] INFO mcp.server.lowlevel.server: Processing request of type CallToolRequest
2026-06-03 18:07:57,798 [MainThread] INFO mcp.server.lowlevel.server: Processing request of type CallToolRequest
2026-06-03 18:07:57,893 [MainThread] INFO mcp.server.lowlevel.server: Processing request of type CallToolRequest
2026-06-03 18:08:04,398 [MainThread] INFO mcp.server.lowlevel.server: Processing request of type CallToolRequest
2026-06-03 18:08:04,943 [MainThread] INFO mcp.server.lowlevel.server: Processing request of type CallToolRequest
2026-06-03 18:08:05,138 [MainThread] INFO mcp.server.lowlevel.server: Processing request of type CallToolRequest
2026-06-03 18:08:17,942 [MainThread] INFO mcp.server.lowlevel.server: Processing request of type CallToolRequest
2026-06-03 18:08:18,312 [MainThread] INFO mcp.server.lowlevel.server: Processing request of type CallToolRequest
2026-06-03 18:08:26,089 [MainThread] INFO mcp.server.lowlevel.server: Processing request of type CallToolRequest
2026-06-03 18:08:37,559 [MainThread] INFO mcp.server.lowlevel.server: Processing request of type CallToolRequest
2026-06-03 18:08:38,040 [MainThread] INFO mcp.server.lowlevel.server: Processing request of type CallToolRequest
2026-06-03 18:08:38,526 [MainThread] INFO mcp.server.lowlevel.server: Processing request of type CallToolRequest
2026-06-03 18:08:54,867 [MainThread] INFO mcp.server.lowlevel.server: Processing request of type CallToolRequest
2026-06-03 18:09:02,558 [MainThread] INFO mcp.server.lowlevel.server: Processing request of type CallToolRequest
2026-06-03 18:09:03,033 [MainThread] INFO mcp.server.lowlevel.server: Processing request of type CallToolRequest
2026-06-03 18:09:03,953 [MainThread] INFO mcp.server.lowlevel.server: Processing request of type CallToolRequest
2026-06-03 18:09:04,275 [MainThread] INFO mcp.server.lowlevel.server: Processing request of type CallToolRequest
2026-06-03 18:09:17,111 [MainThread] INFO mcp.server.lowlevel.server: Processing request of type CallToolRequest
2026-06-03 18:09:17,231 [MainThread] INFO mcp.server.lowlevel.server: Processing request of type CallToolRequest
2026-06-03 18:09:19,764 [MainThread] INFO mcp.server.lowlevel.server: Processing request of type CallToolRequest
2026-06-03 18:09:20,363 [MainThread] INFO mcp.server.lowlevel.server: Processing request of type CallToolRequest
2026-06-03 18:09:33,183 [MainThread] INFO mcp.server.lowlevel.server: Processing request of type CallToolRequest
2026-06-03 18:09:33,820 [MainThread] INFO mcp.server.lowlevel.server: Processing request of type CallToolRequest
2026-06-03 18:09:34,223 [MainThread] INFO mcp.server.lowlevel.server: Processing request of type CallToolRequest
2026-06-03 18:09:41,034 [MainThread] INFO mcp.server.lowlevel.server: Processing request of type CallToolRequest
2026-06-03 18:09:56,656 [MainThread] INFO mcp.server.lowlevel.server: Processing request of type CallToolRequest
2026-06-03 18:10:00,942 [MainThread] INFO mcp.server.lowlevel.server: Processing request of type CallToolRequest
2026-06-03 18:10:02,568 [MainThread] INFO mcp.server.lowlevel.server: Processing request of type CallToolRequest
2026-06-03 18:10:03,445 [MainThread] INFO mcp.server.lowlevel.server: Processing request of type CallToolRequest
2026-06-03 18:10:03,494 [MainThread] INFO mcp.server.lowlevel.server: Processing request of type CallToolRequest
2026-06-03 18:10:03,812 [MainThread] INFO mcp.server.lowlevel.server: Processing request of type CallToolRequest
2026-06-03 18:10:04,462 [MainThread] INFO mcp.server.lowlevel.server: Processing request of type CallToolRequest
2026-06-03 18:10:16,429 [MainThread] INFO mcp.server.lowlevel.server: Processing request of type CallToolRequest
2026-06-03 18:10:16,928 [MainThread] INFO mcp.server.lowlevel.server: Processing request of type CallToolRequest
2026-06-03 18:10:17,351 [MainThread] INFO mcp.server.lowlevel.server: Processing request of type CallToolRequest
2026-06-03 18:10:20,825 [MainThread] INFO mcp.server.lowlevel.server: Processing request of type CallToolRequest
2026-06-03 18:10:34,594 [MainThread] INFO mcp.server.lowlevel.server: Processing request of type CallToolRequest
2026-06-03 18:10:55,304 [MainThread] INFO mcp.server.lowlevel.server: Processing request of type CallToolRequest
2026-06-03 18:11:04,273 [MainThread] INFO mcp.server.lowlevel.server: Processing request of type CallToolRequest
2026-06-03 18:11:11,819 [MainThread] INFO mcp.server.lowlevel.server: Processing request of type CallToolRequest
2026-06-03 18:11:25,130 [MainThread] INFO mcp.server.lowlevel.server: Processing request of type CallToolRequest
2026-06-03 18:11:28,315 [MainThread] INFO mcp.server.lowlevel.server: Processing request of type CallToolRequest
2026-06-03 18:11:41,014 [MainThread] INFO mcp.server.lowlevel.server: Processing request of type CallToolRequest
2026-06-03 18:11:59,261 [MainThread] INFO mcp.server.lowlevel.server: Processing request of type CallToolRequest
2026-06-03 18:12:11,644 [MainThread] INFO mcp.server.lowlevel.server: Processing request of type CallToolRequest
2026-06-03 18:12:12,546 [MainThread] INFO mcp.server.lowlevel.server: Processing request of type CallToolRequest
2026-06-03 18:12:13,482 [MainThread] INFO mcp.server.lowlevel.server: Processing request of type CallToolRequest
2026-06-03 18:12:18,550 [MainThread] INFO mcp.server.lowlevel.server: Processing request of type CallToolRequest
2026-06-03 18:12:37,786 [MainThread] INFO mcp.server.lowlevel.server: Processing request of type CallToolRequest
2026-06-03 18:12:38,683 [MainThread] INFO mcp.server.lowlevel.server: Processing request of type CallToolRequest
2026-06-03 18:12:39,387 [MainThread] INFO mcp.server.lowlevel.server: Processing request of type CallToolRequest
2026-06-03 18:12:53,315 [MainThread] INFO mulder.server.app: Mulder MCP server ready (db_dir=/home/mulder/.mulder/cases)
2026-06-03 18:12:53,334 [MainThread] INFO mcp.server.lowlevel.server: Processing request of type ListToolsRequest
2026-06-03 18:12:53,336 [MainThread] INFO mcp.server.lowlevel.server: Processing request of type ListPromptsRequest
2026-06-03 18:12:53,337 [MainThread] INFO mcp.server.lowlevel.server: Processing request of type ListResourcesRequest
2026-06-03 18:13:01,082 [MainThread] INFO mcp.server.lowlevel.server: Processing request of type CallToolRequest
2026-06-03 18:13:05,038 [MainThread] INFO mcp.server.lowlevel.server: Processing request of type CallToolRequest
2026-06-03 18:13:05,041 [AnyIO worker thread] WARNING mulder.server.tools.case: Overriding requested case_id 'dmz-ftp' with MULDER_CASE_ID='SRL-2018'
2026-06-03 18:13:05,091 [AnyIO worker thread] INFO mulder.server.app: Server context ready for case 'SRL-2018'
2026-06-03 18:13:08,560 [MainThread] INFO mcp.server.lowlevel.server: Processing request of type CallToolRequest
2026-06-03 18:13:09,015 [MainThread] INFO mcp.server.lowlevel.server: Processing request of type CallToolRequest
2026-06-03 18:13:09,371 [MainThread] INFO mcp.server.lowlevel.server: Processing request of type CallToolRequest
2026-06-03 18:13:14,721 [MainThread] INFO mcp.server.lowlevel.server: Processing request of type CallToolRequest
2026-06-03 18:13:14,724 [AnyIO worker thread] INFO mulder.server.app: Opening case database for 'SRL-2018' ...
2026-06-03 18:13:14,740 [AnyIO worker thread] INFO mulder.server.app: Server context ready for case 'SRL-2018'
2026-06-03 18:13:38,296 [MainThread] INFO mulder.server.app: Mulder MCP server ready (db_dir=/home/mulder/.mulder/cases)
2026-06-03 18:13:38,314 [MainThread] INFO mcp.server.lowlevel.server: Processing request of type ListToolsRequest
2026-06-03 18:13:38,316 [MainThread] INFO mcp.server.lowlevel.server: Processing request of type ListPromptsRequest
2026-06-03 18:13:38,317 [MainThread] INFO mcp.server.lowlevel.server: Processing request of type ListResourcesRequest
2026-06-03 18:13:42,155 [MainThread] INFO mcp.server.lowlevel.server: Processing request of type CallToolRequest
2026-06-03 18:13:43,041 [MainThread] INFO mcp.server.lowlevel.server: Processing request of type CallToolRequest
2026-06-03 18:13:43,488 [MainThread] INFO mcp.server.lowlevel.server: Processing request of type CallToolRequest
2026-06-03 18:13:46,474 [MainThread] INFO mcp.server.lowlevel.server: Processing request of type CallToolRequest
2026-06-03 18:13:50,546 [MainThread] INFO mcp.server.lowlevel.server: Processing request of type CallToolRequest
2026-06-03 18:13:50,548 [AnyIO worker thread] INFO mulder.server.app: Opening case database for 'SRL-2018' ...
2026-06-03 18:13:50,567 [AnyIO worker thread] INFO mulder.server.app: Server context ready for case 'SRL-2018'
2026-06-03 18:13:57,374 [MainThread] INFO mcp.server.lowlevel.server: Processing request of type CallToolRequest
2026-06-03 18:13:57,417 [AnyIO worker thread] INFO mulder.server.jobs: Submitted batch bg_1b99100e with 3 jobs: ['run_mmls', 'run_fls', 'run_bulk_extractor']
2026-06-03 18:13:57,679 [mulder-job_0] INFO mulder.server.tools.extract.tsk: mmls failed on /evidence/dmz-ftp-cdrive.E01: no_partition_table
2026-06-03 18:13:57,700 [mulder-job_0] WARNING mulder.server.jobs: Job job_6e0e271a (run_mmls) returned error: mmls found no partition table (exit 1). This image is likely a partition dump or single-filesystem image rather than a full disk.
2026-06-03 18:13:57,704 [mulder-job_0] INFO mulder.server.jobs: [JOB_COMPLETE] run_mmls|failed|mmls found no partition table (exit 1). This image is likely a partition dump or single-filesystem image rather than a full disk.
2026-06-03 18:14:01,835 [MainThread] INFO mcp.server.lowlevel.server: Processing request of type CallToolRequest
2026-06-03 18:15:18,340 [MainThread] INFO mcp.server.lowlevel.server: Processing request of type CallToolRequest
2026-06-03 18:15:37,121 [mulder-job_1] INFO mulder.server.jobs: Job job_978f9f52 (run_fls) completed
2026-06-03 18:15:37,125 [mulder-job_1] INFO mulder.server.jobs: [JOB_COMPLETE] run_fls|completed|
2026-06-03 18:15:43,965 [MainThread] INFO mcp.server.lowlevel.server: Processing request of type CallToolRequest
2026-06-03 18:15:43,971 [MainThread] INFO mulder.server.app: Resource throttle: submit_finding waiting (cpu=100%>=90.0%, waited 0s)
2026-06-03 18:15:48,981 [MainThread] INFO mulder.server.app: Resource throttle: submit_finding waiting (cpu=100%>=90.0%, waited 5s)
2026-06-03 18:15:53,987 [MainThread] INFO mulder.server.app: Resource throttle: submit_finding waiting (cpu=100%>=90.0%, waited 10s)
2026-06-03 18:15:58,993 [MainThread] INFO mulder.server.app: Resource throttle: submit_finding waiting (cpu=100%>=90.0%, waited 15s)
2026-06-03 18:16:04,000 [MainThread] INFO mulder.server.app: Resource throttle: submit_finding waiting (cpu=100%>=90.0%, waited 20s)
2026-06-03 18:16:09,008 [MainThread] INFO mulder.server.app: Resource throttle: submit_finding waiting (cpu=100%>=90.0%, waited 25s)
2026-06-03 18:16:14,019 [MainThread] INFO mulder.server.app: Resource throttle: submit_finding waiting (cpu=100%>=90.0%, waited 30s)
2026-06-03 18:16:19,025 [MainThread] INFO mulder.server.app: Resource throttle: submit_finding waiting (cpu=100%>=90.0%, waited 35s)
2026-06-03 18:16:24,034 [MainThread] INFO mulder.server.app: Resource throttle: submit_finding waiting (cpu=100%>=90.0%, waited 40s)
2026-06-03 18:16:29,041 [MainThread] INFO mulder.server.app: Resource throttle: submit_finding waiting (cpu=100%>=90.0%, waited 45s)
2026-06-03 18:16:34,050 [MainThread] INFO mulder.server.app: Resource throttle: submit_finding waiting (cpu=100%>=90.0%, waited 50s)
2026-06-03 18:16:39,060 [MainThread] INFO mulder.server.app: Resource throttle: submit_finding waiting (cpu=100%>=90.0%, waited 55s)
2026-06-03 18:16:44,068 [MainThread] INFO mulder.server.app: Resource throttle: submit_finding waiting (cpu=100%>=90.0%, waited 60s)
2026-06-03 18:16:49,080 [MainThread] INFO mulder.server.app: Resource throttle: submit_finding waiting (cpu=100%>=90.0%, waited 65s)
2026-06-03 18:16:54,087 [MainThread] INFO mulder.server.app: Resource throttle: submit_finding waiting (cpu=100%>=90.0%, waited 70s)
2026-06-03 18:16:59,098 [MainThread] INFO mulder.server.app: Resource throttle: submit_finding waiting (cpu=100%>=90.0%, waited 75s)
2026-06-03 18:17:04,104 [MainThread] INFO mulder.server.app: Resource throttle: submit_finding waiting (cpu=100%>=90.0%, waited 80s)
2026-06-03 18:17:09,115 [MainThread] INFO mulder.server.app: Resource throttle: submit_finding waiting (cpu=100%>=90.0%, waited 85s)
2026-06-03 18:17:14,121 [MainThread] INFO mulder.server.app: Resource throttle: submit_finding waiting (cpu=100%>=90.0%, waited 90s)
2026-06-03 18:17:19,132 [MainThread] INFO mulder.server.app: Resource throttle: submit_finding waiting (cpu=100%>=90.0%, waited 95s)
2026-06-03 18:17:24,138 [MainThread] INFO mulder.server.app: Resource throttle: submit_finding waiting (cpu=100%>=90.0%, waited 100s)
2026-06-03 18:17:29,144 [MainThread] INFO mulder.server.app: Resource throttle: submit_finding waiting (cpu=100%>=90.0%, waited 105s)
2026-06-03 18:17:34,152 [MainThread] INFO mulder.server.app: Resource throttle: submit_finding waiting (cpu=100%>=90.0%, waited 110s)
2026-06-03 18:17:39,158 [MainThread] INFO mulder.server.app: Resource throttle: submit_finding waiting (cpu=100%>=90.0%, waited 115s)
2026-06-03 18:17:44,169 [MainThread] INFO mulder.server.app: Resource throttle: submit_finding waiting (cpu=100%>=90.0%, waited 120s)
2026-06-03 18:17:49,178 [MainThread] INFO mulder.server.app: Resource throttle: submit_finding waiting (cpu=100%>=90.0%, waited 125s)
2026-06-03 18:17:54,187 [MainThread] INFO mulder.server.app: Resource throttle: submit_finding waiting (cpu=100%>=90.0%, waited 130s)
2026-06-03 18:17:59,195 [MainThread] INFO mulder.server.app: Resource throttle: submit_finding waiting (cpu=100%>=90.0%, waited 135s)
2026-06-03 18:18:04,202 [MainThread] INFO mulder.server.app: Resource throttle: submit_finding waiting (cpu=100%>=90.0%, waited 140s)
2026-06-03 18:18:09,214 [MainThread] INFO mulder.server.app: Resource throttle: submit_finding waiting (cpu=100%>=90.0%, waited 145s)
2026-06-03 18:18:14,220 [MainThread] INFO mulder.server.app: Resource throttle: submit_finding waiting (cpu=100%>=90.0%, waited 150s)
2026-06-03 18:18:19,226 [MainThread] INFO mulder.server.app: Resource throttle: submit_finding waiting (cpu=100%>=90.0%, waited 155s)
2026-06-03 18:18:24,236 [MainThread] INFO mulder.server.app: Resource throttle: submit_finding waiting (cpu=100%>=90.0%, waited 160s)
2026-06-03 18:18:29,242 [MainThread] INFO mulder.server.app: Resource throttle: submit_finding waiting (cpu=100%>=90.0%, waited 165s)
2026-06-03 18:18:34,251 [MainThread] INFO mulder.server.app: Resource throttle: submit_finding waiting (cpu=100%>=90.0%, waited 170s)
2026-06-03 18:18:39,260 [MainThread] INFO mulder.server.app: Resource throttle: submit_finding waiting (cpu=100%>=90.0%, waited 175s)
2026-06-03 18:18:44,272 [MainThread] INFO mulder.server.app: Resource throttle: submit_finding waiting (cpu=100%>=90.0%, waited 180s)
2026-06-03 18:18:49,278 [MainThread] INFO mulder.server.app: Resource throttle: submit_finding waiting (cpu=100%>=90.0%, waited 185s)
2026-06-03 18:18:54,286 [MainThread] INFO mulder.server.app: Resource throttle: submit_finding waiting (cpu=100%>=90.0%, waited 190s)
2026-06-03 18:18:59,292 [MainThread] INFO mulder.server.app: Resource throttle: submit_finding waiting (cpu=100%>=90.0%, waited 195s)
2026-06-03 18:19:04,301 [MainThread] INFO mulder.server.app: Resource throttle: submit_finding waiting (cpu=100%>=90.0%, waited 200s)
2026-06-03 18:19:09,308 [MainThread] INFO mulder.server.app: Resource throttle: submit_finding waiting (cpu=100%>=90.0%, waited 205s)
2026-06-03 18:19:10,811 [MainThread] INFO mcp.server.lowlevel.server: Processing request of type CallToolRequest
2026-06-03 18:19:10,820 [MainThread] INFO mulder.server.app: Resource throttle: wait waiting (cpu=99%>=90.0%, waited 0s)
2026-06-03 18:19:14,320 [MainThread] INFO mulder.server.app: Resource throttle: submit_finding waiting (cpu=100%>=90.0%, waited 210s)
2026-06-03 18:19:15,828 [MainThread] INFO mulder.server.app: Resource throttle: wait waiting (cpu=100%>=90.0%, waited 5s)
2026-06-03 18:19:19,326 [MainThread] INFO mulder.server.app: Resource throttle: submit_finding waiting (cpu=100%>=90.0%, waited 215s)
2026-06-03 18:19:20,837 [MainThread] INFO mulder.server.app: Resource throttle: wait waiting (cpu=100%>=90.0%, waited 10s)
2026-06-03 18:19:24,332 [MainThread] INFO mulder.server.app: Resource throttle: submit_finding waiting (cpu=100%>=90.0%, waited 220s)
2026-06-03 18:19:25,844 [MainThread] INFO mulder.server.app: Resource throttle: wait waiting (cpu=100%>=90.0%, waited 15s)
2026-06-03 18:19:29,339 [MainThread] INFO mulder.server.app: Resource throttle: submit_finding waiting (cpu=100%>=90.0%, waited 225s)
2026-06-03 18:19:30,853 [MainThread] INFO mulder.server.app: Resource throttle: wait waiting (cpu=100%>=90.0%, waited 20s)
2026-06-03 18:19:34,346 [MainThread] INFO mulder.server.app: Resource throttle: submit_finding waiting (cpu=100%>=90.0%, waited 230s)
2026-06-03 18:19:35,859 [MainThread] INFO mulder.server.app: Resource throttle: wait waiting (cpu=100%>=90.0%, waited 25s)
2026-06-03 18:19:39,357 [MainThread] INFO mulder.server.app: Resource throttle: submit_finding waiting (cpu=100%>=90.0%, waited 235s)
2026-06-03 18:19:40,864 [MainThread] INFO mulder.server.app: Resource throttle: wait waiting (cpu=100%>=90.0%, waited 30s)
2026-06-03 18:19:44,366 [MainThread] INFO mulder.server.app: Resource throttle: submit_finding waiting (cpu=100%>=90.0%, waited 240s)
2026-06-03 18:19:45,874 [MainThread] INFO mulder.server.app: Resource throttle: wait waiting (cpu=100%>=90.0%, waited 35s)
2026-06-03 18:19:49,374 [MainThread] INFO mulder.server.app: Resource throttle: submit_finding waiting (cpu=100%>=90.0%, waited 245s)
2026-06-03 18:19:50,880 [MainThread] INFO mulder.server.app: Resource throttle: wait waiting (cpu=100%>=90.0%, waited 40s)
2026-06-03 18:19:54,382 [MainThread] INFO mulder.server.app: Resource throttle: submit_finding waiting (cpu=100%>=90.0%, waited 250s)
2026-06-03 18:19:55,886 [MainThread] INFO mulder.server.app: Resource throttle: wait waiting (cpu=100%>=90.0%, waited 45s)
2026-06-03 18:19:59,388 [MainThread] INFO mulder.server.app: Resource throttle: submit_finding waiting (cpu=100%>=90.0%, waited 255s)
2026-06-03 18:20:00,892 [MainThread] INFO mulder.server.app: Resource throttle: wait waiting (cpu=100%>=90.0%, waited 50s)
2026-06-03 18:20:04,395 [MainThread] INFO mulder.server.app: Resource throttle: submit_finding waiting (cpu=100%>=90.0%, waited 260s)
2026-06-03 18:20:05,900 [MainThread] INFO mulder.server.app: Resource throttle: wait waiting (cpu=100%>=90.0%, waited 55s)
2026-06-03 18:20:09,402 [MainThread] INFO mulder.server.app: Resource throttle: submit_finding waiting (cpu=100%>=90.0%, waited 265s)
2026-06-03 18:20:10,906 [MainThread] INFO mulder.server.app: Resource throttle: wait waiting (cpu=100%>=90.0%, waited 60s)
2026-06-03 18:20:14,409 [MainThread] INFO mulder.server.app: Resource throttle: submit_finding waiting (cpu=100%>=90.0%, waited 270s)
2026-06-03 18:20:15,912 [MainThread] INFO mulder.server.app: Resource throttle: wait waiting (cpu=100%>=90.0%, waited 65s)
2026-06-03 18:20:19,415 [MainThread] INFO mulder.server.app: Resource throttle: submit_finding waiting (cpu=100%>=90.0%, waited 275s)
2026-06-03 18:20:20,922 [MainThread] INFO mulder.server.app: Resource throttle: wait waiting (cpu=100%>=90.0%, waited 70s)
2026-06-03 18:20:24,423 [MainThread] INFO mulder.server.app: Resource throttle: submit_finding waiting (cpu=100%>=90.0%, waited 280s)
2026-06-03 18:20:25,928 [MainThread] INFO mulder.server.app: Resource throttle: wait waiting (cpu=100%>=90.0%, waited 75s)
2026-06-03 18:20:29,429 [MainThread] INFO mulder.server.app: Resource throttle: submit_finding waiting (cpu=100%>=90.0%, waited 285s)
2026-06-03 18:20:30,938 [MainThread] INFO mulder.server.app: Resource throttle: wait waiting (cpu=100%>=90.0%, waited 80s)
2026-06-03 18:20:34,437 [MainThread] INFO mulder.server.app: Resource throttle: submit_finding waiting (cpu=100%>=90.0%, waited 290s)
2026-06-03 18:20:35,944 [MainThread] INFO mulder.server.app: Resource throttle: wait waiting (cpu=100%>=90.0%, waited 85s)
2026-06-03 18:20:39,443 [MainThread] INFO mulder.server.app: Resource throttle: submit_finding waiting (cpu=100%>=90.0%, waited 295s)
2026-06-03 18:20:40,950 [MainThread] INFO mulder.server.app: Resource throttle: wait waiting (cpu=100%>=90.0%, waited 90s)
2026-06-03 18:20:45,960 [MainThread] INFO mulder.server.app: Resource throttle: wait waiting (cpu=100%>=90.0%, waited 95s)
2026-06-03 18:20:50,971 [MainThread] INFO mulder.server.app: Resource throttle: wait waiting (cpu=100%>=90.0%, waited 100s)
2026-06-03 18:20:55,981 [MainThread] INFO mulder.server.app: Resource throttle: wait waiting (cpu=100%>=90.0%, waited 105s)
2026-06-03 18:21:00,989 [MainThread] INFO mulder.server.app: Resource throttle: wait waiting (cpu=100%>=90.0%, waited 110s)
2026-06-03 18:21:05,996 [MainThread] INFO mulder.server.app: Resource throttle: wait waiting (cpu=100%>=90.0%, waited 115s)
2026-06-03 18:21:08,297 [MainThread] INFO mcp.server.lowlevel.server: Processing request of type CallToolRequest
2026-06-03 18:21:08,299 [MainThread] INFO mulder.server.app: Resource throttle: submit_finding waiting (cpu=100%>=90.0%, waited 0s)
2026-06-03 18:21:11,006 [MainThread] INFO mulder.server.app: Resource throttle: wait waiting (cpu=100%>=90.0%, waited 120s)
2026-06-03 18:21:13,307 [MainThread] INFO mulder.server.app: Resource throttle: submit_finding waiting (cpu=100%>=90.0%, waited 5s)
2026-06-03 18:21:16,013 [MainThread] INFO mulder.server.app: Resource throttle: wait waiting (cpu=100%>=90.0%, waited 125s)
2026-06-03 18:21:18,316 [MainThread] INFO mulder.server.app: Resource throttle: submit_finding waiting (cpu=100%>=90.0%, waited 10s)
2026-06-03 18:21:21,021 [MainThread] INFO mulder.server.app: Resource throttle: wait waiting (cpu=100%>=90.0%, waited 130s)
2026-06-03 18:21:23,322 [MainThread] INFO mulder.server.app: Resource throttle: submit_finding waiting (cpu=100%>=90.0%, waited 15s)
2026-06-03 18:21:26,027 [MainThread] INFO mulder.server.app: Resource throttle: wait waiting (cpu=100%>=90.0%, waited 135s)
2026-06-03 18:21:28,331 [MainThread] INFO mulder.server.app: Resource throttle: submit_finding waiting (cpu=100%>=90.0%, waited 20s)
2026-06-03 18:21:31,036 [MainThread] INFO mulder.server.app: Resource throttle: wait waiting (cpu=100%>=90.0%, waited 140s)
2026-06-03 18:21:33,341 [MainThread] INFO mulder.server.app: Resource throttle: submit_finding waiting (cpu=100%>=90.0%, waited 25s)
2026-06-03 18:21:36,046 [MainThread] INFO mulder.server.app: Resource throttle: wait waiting (cpu=100%>=90.0%, waited 145s)
2026-06-03 18:21:38,349 [MainThread] INFO mulder.server.app: Resource throttle: submit_finding waiting (cpu=100%>=90.0%, waited 30s)
2026-06-03 18:21:41,053 [MainThread] INFO mulder.server.app: Resource throttle: wait waiting (cpu=100%>=90.0%, waited 150s)
2026-06-03 18:21:43,359 [MainThread] INFO mulder.server.app: Resource throttle: submit_finding waiting (cpu=100%>=90.0%, waited 35s)
2026-06-03 18:21:46,061 [MainThread] INFO mulder.server.app: Resource throttle: wait waiting (cpu=100%>=90.0%, waited 155s)
2026-06-03 18:21:48,365 [MainThread] INFO mulder.server.app: Resource throttle: submit_finding waiting (cpu=100%>=90.0%, waited 40s)
2026-06-03 18:21:51,070 [MainThread] INFO mulder.server.app: Resource throttle: wait waiting (cpu=100%>=90.0%, waited 160s)
2026-06-03 18:21:53,373 [MainThread] INFO mulder.server.app: Resource throttle: submit_finding waiting (cpu=100%>=90.0%, waited 45s)
2026-06-03 18:21:56,076 [MainThread] INFO mulder.server.app: Resource throttle: wait waiting (cpu=100%>=90.0%, waited 165s)
2026-06-03 18:21:58,381 [MainThread] INFO mulder.server.app: Resource throttle: submit_finding waiting (cpu=100%>=90.0%, waited 50s)
2026-06-03 18:22:01,085 [MainThread] INFO mulder.server.app: Resource throttle: wait waiting (cpu=100%>=90.0%, waited 170s)
2026-06-03 18:22:03,387 [MainThread] INFO mulder.server.app: Resource throttle: submit_finding waiting (cpu=100%>=90.0%, waited 55s)
2026-06-03 18:22:06,091 [MainThread] INFO mulder.server.app: Resource throttle: wait waiting (cpu=100%>=90.0%, waited 175s)
2026-06-03 18:22:08,393 [MainThread] INFO mulder.server.app: Resource throttle: submit_finding waiting (cpu=100%>=90.0%, waited 60s)
2026-06-03 18:22:11,101 [MainThread] INFO mulder.server.app: Resource throttle: wait waiting (cpu=100%>=90.0%, waited 180s)
2026-06-03 18:22:13,401 [MainThread] INFO mulder.server.app: Resource throttle: submit_finding waiting (cpu=100%>=90.0%, waited 65s)
2026-06-03 18:22:16,108 [MainThread] INFO mulder.server.app: Resource throttle: wait waiting (cpu=100%>=90.0%, waited 185s)
2026-06-03 18:22:18,410 [MainThread] INFO mulder.server.app: Resource throttle: submit_finding waiting (cpu=100%>=90.0%, waited 70s)
2026-06-03 18:22:21,116 [MainThread] INFO mulder.server.app: Resource throttle: wait waiting (cpu=100%>=90.0%, waited 190s)
2026-06-03 18:22:23,416 [MainThread] INFO mulder.server.app: Resource throttle: submit_finding waiting (cpu=100%>=90.0%, waited 75s)
2026-06-03 18:22:26,122 [MainThread] INFO mulder.server.app: Resource throttle: wait waiting (cpu=100%>=90.0%, waited 195s)
2026-06-03 18:22:28,425 [MainThread] INFO mulder.server.app: Resource throttle: submit_finding waiting (cpu=100%>=90.0%, waited 80s)
2026-06-03 18:22:31,130 [MainThread] INFO mulder.server.app: Resource throttle: wait waiting (cpu=100%>=90.0%, waited 200s)
2026-06-03 18:22:33,433 [MainThread] INFO mulder.server.app: Resource throttle: submit_finding waiting (cpu=100%>=90.0%, waited 85s)
2026-06-03 18:22:36,136 [MainThread] INFO mulder.server.app: Resource throttle: wait waiting (cpu=100%>=90.0%, waited 205s)
2026-06-03 18:22:38,439 [MainThread] INFO mulder.server.app: Resource throttle: submit_finding waiting (cpu=100%>=90.0%, waited 90s)
2026-06-03 18:22:41,146 [MainThread] INFO mulder.server.app: Resource throttle: wait waiting (cpu=100%>=90.0%, waited 210s)
2026-06-03 18:22:43,447 [MainThread] INFO mulder.server.app: Resource throttle: submit_finding waiting (cpu=100%>=90.0%, waited 95s)
2026-06-03 18:22:46,165 [MainThread] INFO mulder.server.app: Resource throttle: wait waiting (cpu=100%>=90.0%, waited 215s)
2026-06-03 18:22:48,454 [MainThread] INFO mulder.server.app: Resource throttle: submit_finding waiting (cpu=100%>=90.0%, waited 100s)
2026-06-03 18:22:51,181 [MainThread] INFO mulder.server.app: Resource throttle: wait waiting (cpu=100%>=90.0%, waited 220s)
2026-06-03 18:22:53,465 [MainThread] INFO mulder.server.app: Resource throttle: submit_finding waiting (cpu=100%>=90.0%, waited 105s)
2026-06-03 18:22:56,187 [MainThread] INFO mulder.server.app: Resource throttle: wait waiting (cpu=100%>=90.0%, waited 225s)
2026-06-03 18:22:58,471 [MainThread] INFO mulder.server.app: Resource throttle: submit_finding waiting (cpu=100%>=90.0%, waited 110s)
2026-06-03 18:23:01,193 [MainThread] INFO mulder.server.app: Resource throttle: wait waiting (cpu=100%>=90.0%, waited 230s)
2026-06-03 18:23:03,487 [MainThread] INFO mulder.server.app: Resource throttle: submit_finding waiting (cpu=100%>=90.0%, waited 115s)
2026-06-03 18:23:06,202 [MainThread] INFO mulder.server.app: Resource throttle: wait waiting (cpu=100%>=90.0%, waited 235s)
2026-06-03 18:23:08,493 [MainThread] INFO mulder.server.app: Resource throttle: submit_finding waiting (cpu=100%>=90.0%, waited 120s)
2026-06-03 18:23:11,210 [MainThread] INFO mulder.server.app: Resource throttle: wait waiting (cpu=100%>=90.0%, waited 240s)
2026-06-03 18:23:13,499 [MainThread] INFO mulder.server.app: Resource throttle: submit_finding waiting (cpu=100%>=90.0%, waited 125s)
2026-06-03 18:23:16,216 [MainThread] INFO mulder.server.app: Resource throttle: wait waiting (cpu=100%>=90.0%, waited 245s)
2026-06-03 18:23:18,507 [MainThread] INFO mulder.server.app: Resource throttle: submit_finding waiting (cpu=100%>=90.0%, waited 130s)
2026-06-03 18:23:21,222 [MainThread] INFO mulder.server.app: Resource throttle: wait waiting (cpu=100%>=90.0%, waited 250s)
2026-06-03 18:23:23,518 [MainThread] INFO mulder.server.app: Resource throttle: submit_finding waiting (cpu=100%>=90.0%, waited 135s)
2026-06-03 18:23:26,230 [MainThread] INFO mulder.server.app: Resource throttle: wait waiting (cpu=100%>=90.0%, waited 255s)
2026-06-03 18:23:28,524 [MainThread] INFO mulder.server.app: Resource throttle: submit_finding waiting (cpu=100%>=90.0%, waited 140s)
2026-06-03 18:23:31,241 [MainThread] INFO mulder.server.app: Resource throttle: wait waiting (cpu=100%>=90.0%, waited 260s)
2026-06-03 18:23:33,533 [MainThread] INFO mulder.server.app: Resource throttle: submit_finding waiting (cpu=100%>=90.0%, waited 145s)
2026-06-03 18:23:36,247 [MainThread] INFO mulder.server.app: Resource throttle: wait waiting (cpu=100%>=90.0%, waited 265s)
2026-06-03 18:23:38,539 [MainThread] INFO mulder.server.app: Resource throttle: submit_finding waiting (cpu=100%>=90.0%, waited 150s)
2026-06-03 18:23:41,253 [MainThread] INFO mulder.server.app: Resource throttle: wait waiting (cpu=100%>=90.0%, waited 270s)
2026-06-03 18:23:43,545 [MainThread] INFO mulder.server.app: Resource throttle: submit_finding waiting (cpu=100%>=90.0%, waited 155s)
2026-06-03 18:23:46,263 [MainThread] INFO mulder.server.app: Resource throttle: wait waiting (cpu=100%>=90.0%, waited 275s)
2026-06-03 18:23:48,559 [MainThread] INFO mulder.server.app: Resource throttle: submit_finding waiting (cpu=100%>=90.0%, waited 160s)
2026-06-03 18:23:51,272 [MainThread] INFO mulder.server.app: Resource throttle: wait waiting (cpu=100%>=90.0%, waited 280s)
2026-06-03 18:23:53,565 [MainThread] INFO mulder.server.app: Resource throttle: submit_finding waiting (cpu=100%>=90.0%, waited 165s)
2026-06-03 18:23:56,279 [MainThread] INFO mulder.server.app: Resource throttle: wait waiting (cpu=100%>=90.0%, waited 285s)
2026-06-03 18:23:58,571 [MainThread] INFO mulder.server.app: Resource throttle: submit_finding waiting (cpu=100%>=90.0%, waited 170s)
2026-06-03 18:24:01,290 [MainThread] INFO mulder.server.app: Resource throttle: wait waiting (cpu=100%>=90.0%, waited 290s)
2026-06-03 18:24:03,577 [MainThread] INFO mulder.server.app: Resource throttle: submit_finding waiting (cpu=95%>=90.0%, waited 175s)
2026-06-03 18:24:26,991 [MainThread] INFO mcp.server.lowlevel.server: Processing request of type CallToolRequest
2026-06-03 18:24:43,867 [MainThread] INFO mcp.server.lowlevel.server: Processing request of type CallToolRequest
2026-06-03 18:25:09,746 [MainThread] INFO mcp.server.lowlevel.server: Processing request of type CallToolRequest
2026-06-03 18:25:38,039 [MainThread] INFO mulder.server.app: Mulder MCP server ready (db_dir=/home/mulder/.mulder/cases)
2026-06-03 18:25:38,060 [MainThread] INFO mcp.server.lowlevel.server: Processing request of type ListToolsRequest
2026-06-03 18:25:38,062 [MainThread] INFO mcp.server.lowlevel.server: Processing request of type ListPromptsRequest
2026-06-03 18:25:38,063 [MainThread] INFO mcp.server.lowlevel.server: Processing request of type ListResourcesRequest
2026-06-03 18:25:59,342 [MainThread] INFO mcp.server.lowlevel.server: Processing request of type CallToolRequest
2026-06-03 18:25:59,351 [MainThread] INFO mcp.server.lowlevel.server: Processing request of type CallToolRequest
2026-06-03 18:26:04,303 [MainThread] INFO mcp.server.lowlevel.server: Processing request of type CallToolRequest
2026-06-03 18:26:04,305 [AnyIO worker thread] WARNING mulder.server.tools.case: Overriding requested case_id 'base-admin' with MULDER_CASE_ID='SRL-2018'
2026-06-03 18:26:04,344 [AnyIO worker thread] INFO mulder.server.app: Server context ready for case 'SRL-2018'
2026-06-03 18:27:52,760 [MainThread] INFO mulder.server.app: Mulder MCP server ready (db_dir=/home/mulder/.mulder/cases)
2026-06-03 18:27:52,780 [MainThread] INFO mcp.server.lowlevel.server: Processing request of type ListToolsRequest
2026-06-03 18:27:52,783 [MainThread] INFO mcp.server.lowlevel.server: Processing request of type ListPromptsRequest
2026-06-03 18:27:52,784 [MainThread] INFO mcp.server.lowlevel.server: Processing request of type ListResourcesRequest
2026-06-03 18:28:01,290 [MainThread] INFO mcp.server.lowlevel.server: Processing request of type CallToolRequest
2026-06-03 18:28:01,292 [AnyIO worker thread] INFO mulder.server.app: Opening case database for 'SRL-2018' ...
2026-06-03 18:28:01,321 [AnyIO worker thread] INFO mulder.server.app: Server context ready for case 'SRL-2018'
2026-06-03 18:28:06,816 [MainThread] INFO mcp.server.lowlevel.server: Processing request of type CallToolRequest
2026-06-03 18:28:18,108 [MainThread] INFO mcp.server.lowlevel.server: Processing request of type CallToolRequest
2026-06-03 18:28:18,145 [AnyIO worker thread] INFO mulder.server.jobs: Submitted batch bg_e1ca769a with 4 jobs: ['run_volatility_batch', 'run_volatility_batch', 'run_volatility_batch', 'run_volatility_batch']
2026-06-03 18:28:18,683 [mulder-job_3] INFO mulder.server.tools.extract.volatility: Volatility batch: context built for '/home/mulder/.mulder/cases/extracted/base-hunt-memory/base-hunt-memory.img', running 14 plugins (timeout=720s)
2026-06-03 18:28:18,684 [mulder-job_1] INFO mulder.server.tools.extract.volatility: Volatility batch: context built for '/home/mulder/.mulder/cases/extracted/base-av-memory/base-av-memory.img', running 14 plugins (timeout=1200s)
2026-06-03 18:28:18,686 [ThreadPoolExecutor-0_0] INFO volatility3.framework.automagic: Running automagic: SymbolCacheMagic
2026-06-03 18:28:18,687 [mulder-job_2] INFO mulder.server.tools.extract.volatility: Volatility batch: context built for '/home/mulder/.mulder/cases/extracted/base-elf-memory/base-elf-memory.img', running 14 plugins (timeout=720s)
2026-06-03 18:28:18,688 [mulder-job_0] INFO mulder.server.tools.extract.volatility: Volatility batch: context built for '/home/mulder/.mulder/cases/extracted/base-admin-memory/base-admin-memory.img', running 14 plugins (timeout=720s)
2026-06-03 18:28:18,689 [ThreadPoolExecutor-1_0] INFO volatility3.framework.automagic: Running automagic: SymbolCacheMagic
2026-06-03 18:28:18,690 [ThreadPoolExecutor-2_0] INFO volatility3.framework.automagic: Running automagic: SymbolCacheMagic
2026-06-03 18:28:18,691 [ThreadPoolExecutor-3_0] INFO volatility3.framework.automagic: Running automagic: SymbolCacheMagic
2026-06-03 18:28:18,791 [ThreadPoolExecutor-3_0] INFO volatility3.framework.automagic: Running automagic: ConstructionMagic
2026-06-03 18:28:18,792 [ThreadPoolExecutor-2_0] INFO volatility3.framework.automagic: Running automagic: ConstructionMagic
2026-06-03 18:28:18,792 [ThreadPoolExecutor-0_0] INFO volatility3.framework.automagic: Running automagic: ConstructionMagic
2026-06-03 18:28:18,818 [ThreadPoolExecutor-1_0] INFO volatility3.framework.automagic: Running automagic: ConstructionMagic
2026-06-03 18:28:18,905 [ThreadPoolExecutor-0_0] INFO volatility3.framework.automagic: Running automagic: LayerStacker
2026-06-03 18:28:18,909 [ThreadPoolExecutor-3_0] INFO volatility3.framework.automagic: Running automagic: LayerStacker
2026-06-03 18:28:18,912 [ThreadPoolExecutor-2_0] INFO volatility3.framework.automagic: Running automagic: LayerStacker
2026-06-03 18:28:18,923 [ThreadPoolExecutor-1_0] INFO volatility3.framework.automagic: Running automagic: LayerStacker
2026-06-03 18:28:18,947 [ThreadPoolExecutor-2_0] INFO volatility3.framework.automagic.linux: No Linux banners found - if this is a linux plugin, please check your symbol files location
2026-06-03 18:28:18,948 [ThreadPoolExecutor-0_0] INFO volatility3.framework.automagic.linux: No Linux banners found - if this is a linux plugin, please check your symbol files location
2026-06-03 18:28:18,950 [ThreadPoolExecutor-3_0] INFO volatility3.framework.automagic.linux: No Linux banners found - if this is a linux plugin, please check your symbol files location
2026-06-03 18:28:18,951 [ThreadPoolExecutor-2_0] INFO volatility3.framework.automagic.linux: No Linux banners found - if this is a linux plugin, please check your symbol files location
2026-06-03 18:28:18,952 [ThreadPoolExecutor-0_0] INFO volatility3.framework.automagic.linux: No Linux banners found - if this is a linux plugin, please check your symbol files location
2026-06-03 18:28:18,952 [ThreadPoolExecutor-3_0] INFO volatility3.framework.automagic.linux: No Linux banners found - if this is a linux plugin, please check your symbol files location
2026-06-03 18:28:18,954 [ThreadPoolExecutor-2_0] INFO volatility3.framework.automagic.mac: No Mac banners found - if this is a mac plugin, please check your symbol files location
2026-06-03 18:28:18,954 [ThreadPoolExecutor-0_0] INFO volatility3.framework.automagic.mac: No Mac banners found - if this is a mac plugin, please check your symbol files location
2026-06-03 18:28:18,955 [ThreadPoolExecutor-3_0] INFO volatility3.framework.automagic.mac: No Mac banners found - if this is a mac plugin, please check your symbol files location
2026-06-03 18:28:19,054 [ThreadPoolExecutor-1_0] INFO volatility3.framework.automagic.linux: No Linux banners found - if this is a linux plugin, please check your symbol files location
2026-06-03 18:28:19,057 [ThreadPoolExecutor-1_0] INFO volatility3.framework.automagic.linux: No Linux banners found - if this is a linux plugin, please check your symbol files location
2026-06-03 18:28:19,059 [ThreadPoolExecutor-1_0] INFO volatility3.framework.automagic.mac: No Mac banners found - if this is a mac plugin, please check your symbol files location
2026-06-03 18:28:19,174 [ThreadPoolExecutor-0_0] INFO volatility3.framework.automagic: Running automagic: KernelPDBScanner
2026-06-03 18:28:19,205 [ThreadPoolExecutor-3_0] INFO volatility3.framework.automagic: Running automagic: WinSwapLayers
2026-06-03 18:28:19,207 [ThreadPoolExecutor-3_0] INFO volatility3.framework.automagic: Running automagic: KernelPDBScanner
2026-06-03 18:28:19,225 [ThreadPoolExecutor-2_0] INFO volatility3.framework.automagic: Running automagic: KernelPDBScanner
2026-06-03 18:28:19,236 [ThreadPoolExecutor-1_0] INFO volatility3.framework.automagic: Running automagic: KernelPDBScanner
2026-06-03 18:28:19,262 [ThreadPoolExecutor-0_0] INFO volatility3.framework.symbols.windows.pdbconv: Download PDB file...
2026-06-03 18:28:19,369 [ThreadPoolExecutor-2_0] INFO volatility3.framework.symbols.windows.pdbconv: Download PDB file...
2026-06-03 18:28:19,426 [ThreadPoolExecutor-1_0] INFO volatility3.framework.symbols.windows.pdbconv: Download PDB file...
2026-06-03 18:28:19,467 [ThreadPoolExecutor-3_0] INFO volatility3.framework.symbols.windows.pdbconv: Download PDB file...
2026-06-03 18:28:22,949 [MainThread] INFO mcp.server.lowlevel.server: Processing request of type CallToolRequest
2026-06-03 18:28:58,219 [ThreadPoolExecutor-2_0] INFO volatility3.framework.automagic: Running automagic: SymbolFinder
2026-06-03 18:28:58,239 [ThreadPoolExecutor-2_0] INFO volatility3.framework.automagic: Running automagic: LinuxSymbolFinder
2026-06-03 18:28:58,253 [ThreadPoolExecutor-2_0] INFO volatility3.framework.automagic: Running automagic: MacSymbolFinder
2026-06-03 18:28:58,261 [ThreadPoolExecutor-2_0] INFO volatility3.framework.automagic: Running automagic: KernelModule
2026-06-03 18:29:03,913 [mulder-job_2] INFO mulder.server.tools.extract.volatility: Volatility batch: pslist -> header_only
2026-06-03 18:29:03,948 [ThreadPoolExecutor-4_0] INFO volatility3.framework.automagic: Running automagic: SymbolCacheMagic
2026-06-03 18:29:04,796 [ThreadPoolExecutor-1_0] INFO volatility3.framework.automagic: Running automagic: SymbolFinder
2026-06-03 18:29:04,852 [ThreadPoolExecutor-1_0] INFO volatility3.framework.automagic: Running automagic: LinuxSymbolFinder
2026-06-03 18:29:04,872 [ThreadPoolExecutor-1_0] INFO volatility3.framework.automagic: Running automagic: MacSymbolFinder
2026-06-03 18:29:04,887 [ThreadPoolExecutor-1_0] INFO volatility3.framework.automagic: Running automagic: KernelModule
2026-06-03 18:29:06,166 [ThreadPoolExecutor-3_0] INFO volatility3.framework.automagic: Running automagic: SymbolFinder
2026-06-03 18:29:06,167 [ThreadPoolExecutor-3_0] INFO volatility3.framework.automagic: Running automagic: LinuxSymbolFinder
2026-06-03 18:29:06,168 [ThreadPoolExecutor-3_0] INFO volatility3.framework.automagic: Running automagic: MacSymbolFinder
2026-06-03 18:29:06,169 [ThreadPoolExecutor-3_0] INFO volatility3.framework.automagic: Running automagic: KernelModule
2026-06-03 18:29:06,230 [ThreadPoolExecutor-4_0] INFO volatility3.framework.automagic: Running automagic: ConstructionMagic
2026-06-03 18:29:06,286 [ThreadPoolExecutor-4_0] INFO volatility3.framework.automagic: Running automagic: LayerStacker
2026-06-03 18:29:06,291 [ThreadPoolExecutor-4_0] INFO volatility3.framework.automagic: Running automagic: KernelPDBScanner
2026-06-03 18:29:06,386 [ThreadPoolExecutor-4_0] INFO volatility3.framework.symbols.windows.pdbconv: Download PDB file...
2026-06-03 18:29:06,930 [mulder-job_1] INFO mulder.server.tools.extract.volatility: Volatility batch: pslist -> indexed
2026-06-03 18:29:06,937 [ThreadPoolExecutor-5_0] INFO volatility3.framework.automagic: Running automagic: SymbolCacheMagic
2026-06-03 18:29:06,961 [ThreadPoolExecutor-5_0] INFO volatility3.framework.automagic: Running automagic: ConstructionMagic
2026-06-03 18:29:06,968 [ThreadPoolExecutor-5_0] INFO volatility3.framework.automagic: Running automagic: LayerStacker
2026-06-03 18:29:06,971 [ThreadPoolExecutor-5_0] INFO volatility3.framework.automagic: Running automagic: KernelPDBScanner
2026-06-03 18:29:07,019 [ThreadPoolExecutor-5_0] INFO volatility3.framework.symbols.windows.pdbconv: Download PDB file...
2026-06-03 18:29:07,294 [mulder-job_0] INFO mulder.server.tools.extract.volatility: Volatility batch: pslist -> indexed
2026-06-03 18:29:07,320 [ThreadPoolExecutor-6_0] INFO volatility3.framework.automagic: Running automagic: SymbolCacheMagic
2026-06-03 18:29:10,806 [ThreadPoolExecutor-0_0] INFO volatility3.framework.automagic: Running automagic: SymbolFinder
2026-06-03 18:29:10,815 [ThreadPoolExecutor-0_0] INFO volatility3.framework.automagic: Running automagic: LinuxSymbolFinder
2026-06-03 18:29:11,033 [ThreadPoolExecutor-0_0] INFO volatility3.framework.automagic: Running automagic: MacSymbolFinder
2026-06-03 18:29:11,063 [ThreadPoolExecutor-0_0] INFO volatility3.framework.automagic: Running automagic: KernelModule
2026-06-03 18:29:11,150 [ThreadPoolExecutor-6_0] INFO volatility3.framework.automagic: Running automagic: ConstructionMagic
2026-06-03 18:29:11,893 [MainThread] INFO mcp.server.lowlevel.server: Processing request of type CallToolRequest
2026-06-03 18:29:15,220 [mulder-job_3] INFO mulder.server.tools.extract.volatility: Volatility batch: pslist -> header_only
2026-06-03 18:29:15,250 [ThreadPoolExecutor-7_0] INFO volatility3.framework.automagic: Running automagic: SymbolCacheMagic
2026-06-03 18:29:20,919 [ThreadPoolExecutor-6_0] INFO volatility3.framework.automagic: Running automagic: LayerStacker
2026-06-03 18:29:21,402 [ThreadPoolExecutor-7_0] INFO volatility3.framework.automagic: Running automagic: ConstructionMagic
2026-06-03 18:29:21,564 [ThreadPoolExecutor-6_0] INFO volatility3.framework.automagic: Running automagic: WinSwapLayers
2026-06-03 18:29:21,619 [ThreadPoolExecutor-6_0] INFO volatility3.framework.automagic: Running automagic: KernelPDBScanner
2026-06-03 18:29:26,809 [ThreadPoolExecutor-6_0] INFO volatility3.framework.symbols.windows.pdbconv: Download PDB file...
2026-06-03 18:29:27,220 [ThreadPoolExecutor-7_0] INFO volatility3.framework.automagic: Running automagic: LayerStacker
2026-06-03 18:29:28,403 [ThreadPoolExecutor-7_0] INFO volatility3.framework.automagic: Running automagic: KernelPDBScanner
2026-06-03 18:29:29,374 [ThreadPoolExecutor-7_0] INFO volatility3.framework.symbols.windows.pdbconv: Download PDB file...
2026-06-03 18:29:35,185 [ThreadPoolExecutor-5_0] INFO volatility3.framework.automagic: Running automagic: SymbolFinder
2026-06-03 18:29:35,200 [ThreadPoolExecutor-5_0] INFO volatility3.framework.automagic: Running automagic: LinuxSymbolFinder
2026-06-03 18:29:35,231 [ThreadPoolExecutor-5_0] INFO volatility3.framework.automagic: Running automagic: MacSymbolFinder
2026-06-03 18:29:35,237 [ThreadPoolExecutor-5_0] INFO volatility3.framework.automagic: Running automagic: KernelModule
2026-06-03 18:29:43,159 [ThreadPoolExecutor-4_0] INFO volatility3.framework.automagic: Running automagic: SymbolFinder
2026-06-03 18:29:43,223 [ThreadPoolExecutor-4_0] INFO volatility3.framework.automagic: Running automagic: LinuxSymbolFinder
2026-06-03 18:29:43,242 [ThreadPoolExecutor-4_0] INFO volatility3.framework.automagic: Running automagic: MacSymbolFinder
2026-06-03 18:29:43,271 [ThreadPoolExecutor-4_0] INFO volatility3.framework.automagic: Running automagic: KernelModule
2026-06-03 18:29:43,957 [mulder-job_2] INFO mulder.server.tools.extract.volatility: Volatility batch: pstree -> header_only
2026-06-03 18:29:44,012 [ThreadPoolExecutor-8_0] INFO volatility3.framework.automagic: Running automagic: SymbolCacheMagic
2026-06-03 18:29:50,178 [ThreadPoolExecutor-8_0] INFO volatility3.framework.automagic: Running automagic: ConstructionMagic
2026-06-03 18:29:54,232 [ThreadPoolExecutor-8_0] INFO volatility3.framework.automagic: Running automagic: LayerStacker
2026-06-03 18:29:54,697 [ThreadPoolExecutor-8_0] INFO volatility3.framework.automagic: Running automagic: KernelPDBScanner
2026-06-03 18:29:55,776 [ThreadPoolExecutor-8_0] INFO volatility3.framework.symbols.windows.pdbconv: Download PDB file...
2026-06-03 18:29:58,405 [mulder-job_1] INFO mulder.server.tools.extract.volatility: Volatility batch: pstree -> indexed
2026-06-03 18:29:58,411 [ThreadPoolExecutor-9_0] INFO volatility3.framework.automagic: Running automagic: SymbolCacheMagic
2026-06-03 18:29:58,464 [ThreadPoolExecutor-6_0] INFO volatility3.framework.automagic: Running automagic: SymbolFinder
2026-06-03 18:29:58,465 [ThreadPoolExecutor-6_0] INFO volatility3.framework.automagic: Running automagic: LinuxSymbolFinder
2026-06-03 18:29:58,466 [ThreadPoolExecutor-6_0] INFO volatility3.framework.automagic: Running automagic: MacSymbolFinder
2026-06-03 18:29:58,466 [ThreadPoolExecutor-6_0] INFO volatility3.framework.automagic: Running automagic: KernelModule
2026-06-03 18:30:01,776 [ThreadPoolExecutor-9_0] INFO volatility3.framework.automagic: Running automagic: ConstructionMagic
2026-06-03 18:30:04,928 [ThreadPoolExecutor-7_0] INFO volatility3.framework.automagic: Running automagic: SymbolFinder
2026-06-03 18:30:04,947 [ThreadPoolExecutor-7_0] INFO volatility3.framework.automagic: Running automagic: LinuxSymbolFinder
2026-06-03 18:30:04,972 [ThreadPoolExecutor-7_0] INFO volatility3.framework.automagic: Running automagic: MacSymbolFinder
2026-06-03 18:30:04,988 [ThreadPoolExecutor-7_0] INFO volatility3.framework.automagic: Running automagic: KernelModule
2026-06-03 18:30:05,194 [mulder-job_3] INFO mulder.server.tools.extract.volatility: Volatility batch: pstree -> header_only
2026-06-03 18:30:05,225 [ThreadPoolExecutor-10_0] INFO volatility3.framework.automagic: Running automagic: SymbolCacheMagic
2026-06-03 18:30:07,563 [ThreadPoolExecutor-9_0] INFO volatility3.framework.automagic: Running automagic: LayerStacker
2026-06-03 18:30:07,866 [ThreadPoolExecutor-9_0] INFO volatility3.framework.automagic: Running automagic: KernelPDBScanner
2026-06-03 18:30:07,950 [ThreadPoolExecutor-10_0] INFO volatility3.framework.automagic: Running automagic: ConstructionMagic
2026-06-03 18:30:09,338 [ThreadPoolExecutor-9_0] INFO volatility3.framework.symbols.windows.pdbconv: Download PDB file...
2026-06-03 18:30:11,978 [ThreadPoolExecutor-10_0] INFO volatility3.framework.automagic: Running automagic: LayerStacker
2026-06-03 18:30:12,431 [ThreadPoolExecutor-10_0] INFO volatility3.framework.automagic: Running automagic: KernelPDBScanner
2026-06-03 18:30:13,727 [ThreadPoolExecutor-10_0] INFO volatility3.framework.symbols.windows.pdbconv: Download PDB file...
2026-06-03 18:30:29,602 [ThreadPoolExecutor-8_0] INFO volatility3.framework.automagic: Running automagic: SymbolFinder
2026-06-03 18:30:29,628 [ThreadPoolExecutor-8_0] INFO volatility3.framework.automagic: Running automagic: LinuxSymbolFinder
2026-06-03 18:30:29,695 [ThreadPoolExecutor-8_0] INFO volatility3.framework.automagic: Running automagic: MacSymbolFinder
2026-06-03 18:30:29,701 [ThreadPoolExecutor-8_0] INFO volatility3.framework.automagic: Running automagic: KernelModule
2026-06-03 18:30:30,963 [mulder-job_2] INFO mulder.server.tools.extract.volatility: Volatility batch: cmdline -> header_only
2026-06-03 18:30:31,075 [ThreadPoolExecutor-11_0] INFO volatility3.framework.automagic: Running automagic: SymbolCacheMagic
2026-06-03 18:30:34,926 [ThreadPoolExecutor-11_0] INFO volatility3.framework.automagic: Running automagic: ConstructionMagic
2026-06-03 18:30:40,545 [ThreadPoolExecutor-9_0] INFO volatility3.framework.automagic: Running automagic: SymbolFinder
2026-06-03 18:30:40,547 [ThreadPoolExecutor-9_0] INFO volatility3.framework.automagic: Running automagic: LinuxSymbolFinder
2026-06-03 18:30:40,549 [ThreadPoolExecutor-9_0] INFO volatility3.framework.automagic: Running automagic: MacSymbolFinder
2026-06-03 18:30:40,551 [ThreadPoolExecutor-9_0] INFO volatility3.framework.automagic: Running automagic: KernelModule
2026-06-03 18:30:40,592 [ThreadPoolExecutor-11_0] INFO volatility3.framework.automagic: Running automagic: LayerStacker
2026-06-03 18:30:40,596 [ThreadPoolExecutor-11_0] INFO volatility3.framework.automagic: Running automagic: KernelPDBScanner
2026-06-03 18:30:40,639 [ThreadPoolExecutor-11_0] INFO volatility3.framework.symbols.windows.pdbconv: Download PDB file...
2026-06-03 18:30:40,786 [mulder-job_0] INFO mulder.server.tools.extract.volatility: Volatility batch: pstree -> indexed
2026-06-03 18:30:40,788 [ThreadPoolExecutor-12_0] INFO volatility3.framework.automagic: Running automagic: SymbolCacheMagic
2026-06-03 18:30:40,808 [ThreadPoolExecutor-12_0] INFO volatility3.framework.automagic: Running automagic: ConstructionMagic
2026-06-03 18:30:40,813 [ThreadPoolExecutor-12_0] INFO volatility3.framework.automagic: Running automagic: LayerStacker
2026-06-03 18:30:40,815 [ThreadPoolExecutor-12_0] INFO volatility3.framework.automagic: Running automagic: WinSwapLayers
2026-06-03 18:30:40,815 [ThreadPoolExecutor-12_0] INFO volatility3.framework.automagic: Running automagic: KernelPDBScanner
2026-06-03 18:30:40,874 [ThreadPoolExecutor-12_0] INFO volatility3.framework.symbols.windows.pdbconv: Download PDB file...
2026-06-03 18:30:47,964 [mulder-job_1] INFO mulder.server.tools.extract.volatility: Volatility batch: cmdline -> indexed
2026-06-03 18:30:48,079 [ThreadPoolExecutor-13_0] INFO volatility3.framework.automagic: Running automagic: SymbolCacheMagic
2026-06-03 18:30:48,265 [ThreadPoolExecutor-10_0] INFO volatility3.framework.automagic: Running automagic: SymbolFinder
2026-06-03 18:30:48,306 [ThreadPoolExecutor-10_0] INFO volatility3.framework.automagic: Running automagic: LinuxSymbolFinder
2026-06-03 18:30:48,315 [ThreadPoolExecutor-10_0] INFO volatility3.framework.automagic: Running automagic: MacSymbolFinder
2026-06-03 18:30:48,997 [ThreadPoolExecutor-10_0] INFO volatility3.framework.automagic: Running automagic: KernelModule
2026-06-03 18:30:49,415 [mulder-job_3] INFO mulder.server.tools.extract.volatility: Volatility batch: cmdline -> header_only
2026-06-03 18:30:49,442 [ThreadPoolExecutor-14_0] INFO volatility3.framework.automagic: Running automagic: SymbolCacheMagic
2026-06-03 18:30:55,619 [ThreadPoolExecutor-13_0] INFO volatility3.framework.automagic: Running automagic: ConstructionMagic
2026-06-03 18:30:56,023 [ThreadPoolExecutor-14_0] INFO volatility3.framework.automagic: Running automagic: ConstructionMagic
2026-06-03 18:31:07,188 [ThreadPoolExecutor-14_0] INFO volatility3.framework.automagic: Running automagic: LayerStacker
2026-06-03 18:31:07,273 [ThreadPoolExecutor-13_0] INFO volatility3.framework.automagic: Running automagic: LayerStacker
2026-06-03 18:31:07,881 [ThreadPoolExecutor-14_0] INFO volatility3.framework.automagic: Running automagic: KernelPDBScanner
2026-06-03 18:31:08,005 [ThreadPoolExecutor-13_0] INFO volatility3.framework.automagic: Running automagic: KernelPDBScanner
2026-06-03 18:31:09,523 [ThreadPoolExecutor-14_0] INFO volatility3.framework.symbols.windows.pdbconv: Download PDB file...
2026-06-03 18:31:10,148 [ThreadPoolExecutor-13_0] INFO volatility3.framework.symbols.windows.pdbconv: Download PDB file...
2026-06-03 18:31:21,846 [ThreadPoolExecutor-11_0] INFO volatility3.framework.automagic: Running automagic: SymbolFinder
2026-06-03 18:31:21,877 [ThreadPoolExecutor-11_0] INFO volatility3.framework.automagic: Running automagic: LinuxSymbolFinder
2026-06-03 18:31:21,889 [ThreadPoolExecutor-11_0] INFO volatility3.framework.automagic: Running automagic: MacSymbolFinder
2026-06-03 18:31:21,903 [ThreadPoolExecutor-11_0] INFO volatility3.framework.automagic: Running automagic: KernelModule
2026-06-03 18:31:22,096 [ThreadPoolExecutor-12_0] INFO volatility3.framework.automagic: Running automagic: SymbolFinder
2026-06-03 18:31:22,107 [ThreadPoolExecutor-12_0] INFO volatility3.framework.automagic: Running automagic: LinuxSymbolFinder
2026-06-03 18:31:22,139 [ThreadPoolExecutor-12_0] INFO volatility3.framework.automagic: Running automagic: MacSymbolFinder
2026-06-03 18:31:22,161 [ThreadPoolExecutor-12_0] INFO volatility3.framework.automagic: Running automagic: KernelModule
2026-06-03 18:31:43,082 [ThreadPoolExecutor-13_0] INFO volatility3.framework.automagic: Running automagic: SymbolFinder
2026-06-03 18:31:43,086 [ThreadPoolExecutor-13_0] INFO volatility3.framework.automagic: Running automagic: LinuxSymbolFinder
2026-06-03 18:31:43,087 [ThreadPoolExecutor-13_0] INFO volatility3.framework.automagic: Running automagic: MacSymbolFinder
2026-06-03 18:31:43,088 [ThreadPoolExecutor-13_0] INFO volatility3.framework.automagic: Running automagic: KernelModule
2026-06-03 18:31:46,575 [ThreadPoolExecutor-14_0] INFO volatility3.framework.automagic: Running automagic: SymbolFinder
2026-06-03 18:31:46,577 [ThreadPoolExecutor-14_0] INFO volatility3.framework.automagic: Running automagic: LinuxSymbolFinder
2026-06-03 18:31:46,579 [ThreadPoolExecutor-14_0] INFO volatility3.framework.automagic: Running automagic: MacSymbolFinder
2026-06-03 18:31:46,584 [ThreadPoolExecutor-14_0] INFO volatility3.framework.automagic: Running automagic: KernelModule
2026-06-03 18:31:57,634 [mulder-job_0] INFO mulder.server.tools.extract.volatility: Volatility batch: cmdline -> indexed
2026-06-03 18:31:57,644 [ThreadPoolExecutor-15_0] INFO volatility3.framework.automagic: Running automagic: SymbolCacheMagic
2026-06-03 18:31:57,703 [ThreadPoolExecutor-15_0] INFO volatility3.framework.automagic: Running automagic: ConstructionMagic
2026-06-03 18:31:57,712 [ThreadPoolExecutor-15_0] INFO volatility3.framework.automagic: Running automagic: LayerStacker
2026-06-03 18:31:57,715 [ThreadPoolExecutor-15_0] INFO volatility3.framework.automagic: Running automagic: WinSwapLayers
2026-06-03 18:31:57,720 [ThreadPoolExecutor-15_0] INFO volatility3.framework.automagic: Running automagic: KernelPDBScanner
2026-06-03 18:31:57,888 [ThreadPoolExecutor-15_0] INFO volatility3.framework.symbols.windows.pdbconv: Download PDB file...
2026-06-03 18:32:23,645 [ThreadPoolExecutor-15_0] INFO volatility3.framework.automagic: Running automagic: SymbolFinder
2026-06-03 18:32:23,649 [ThreadPoolExecutor-15_0] INFO volatility3.framework.automagic: Running automagic: LinuxSymbolFinder
2026-06-03 18:32:23,651 [ThreadPoolExecutor-15_0] INFO volatility3.framework.automagic: Running automagic: MacSymbolFinder
2026-06-03 18:32:23,653 [ThreadPoolExecutor-15_0] INFO volatility3.framework.automagic: Running automagic: KernelModule
2026-06-03 18:34:04,435 [mulder-job_2] INFO mulder.server.tools.extract.volatility: Volatility batch: netscan -> indexed
2026-06-03 18:34:04,441 [ThreadPoolExecutor-16_0] INFO volatility3.framework.automagic: Running automagic: SymbolCacheMagic
2026-06-03 18:34:04,556 [ThreadPoolExecutor-16_0] INFO volatility3.framework.automagic: Running automagic: ConstructionMagic
2026-06-03 18:34:04,566 [ThreadPoolExecutor-16_0] INFO volatility3.framework.automagic: Running automagic: LayerStacker
2026-06-03 18:34:04,569 [ThreadPoolExecutor-16_0] INFO volatility3.framework.automagic: Running automagic: KernelPDBScanner
2026-06-03 18:34:04,677 [ThreadPoolExecutor-16_0] INFO volatility3.framework.symbols.windows.pdbconv: Download PDB file...
2026-06-03 18:34:06,738 [mulder-job_2] INFO mulder.server.jobs: Job job_6ab7de0b (run_bulk_extractor) completed
2026-06-03 18:34:06,740 [mulder-job_2] INFO mulder.server.jobs: [JOB_COMPLETE] run_bulk_extractor|completed|
2026-06-03 18:34:12,193 [MainThread] INFO mcp.server.lowlevel.server: Processing request of type CallToolRequest
2026-06-03 18:34:14,566 [mulder-job_1] INFO mulder.server.tools.extract.volatility: Volatility batch: netscan -> indexed
2026-06-03 18:34:14,588 [ThreadPoolExecutor-17_0] INFO volatility3.framework.automagic: Running automagic: SymbolCacheMagic
2026-06-03 18:34:18,779 [ThreadPoolExecutor-17_0] INFO volatility3.framework.automagic: Running automagic: ConstructionMagic
2026-06-03 18:34:22,851 [MainThread] INFO mcp.server.lowlevel.server: Processing request of type CallToolRequest
2026-06-03 18:34:22,871 [ThreadPoolExecutor-17_0] INFO volatility3.framework.automagic: Running automagic: LayerStacker
2026-06-03 18:34:22,905 [AnyIO worker thread] INFO mulder.server.jobs: Submitted batch bg_2aaf9be5 with 9 jobs: ['run_evtx_parser', 'run_hayabusa', 'run_chainsaw', 'run_registry_parser', 'run_prefetch_parser', 'run_amcache_parser', 'run_shimcache_parser', 'run_mft_parser', 'yara_scan_files']
2026-06-03 18:34:23,011 [mulder-job_3] INFO mulder.server.tools.hayabusa: Hayabusa: no prior EVTX extraction found; extracting inline from /evidence/dmz-ftp-cdrive.E01
2026-06-03 18:34:23,034 [mulder-job_1] INFO mulder.server.jobs: Job job_d53390c3 (run_chainsaw) completed
2026-06-03 18:34:23,035 [mulder-job_1] INFO mulder.server.jobs: [JOB_COMPLETE] run_chainsaw|completed|
2026-06-03 18:34:23,041 [mulder-job_1] INFO mulder.server.tools.yara: Updated YARA rules: signature-base
2026-06-03 18:34:23,190 [ThreadPoolExecutor-17_0] INFO volatility3.framework.automagic: Running automagic: KernelPDBScanner
2026-06-03 18:34:23,388 [mulder-job_6] WARNING mulder.extractors.disk: ewfmount failed on /evidence/dmz-ftp-cdrive.E01: Command '['ewfmount', '/evidence/dmz-ftp-cdrive.E01', '/tmp/mulder_mount_wjqgdc_v/_ewf']' returned non-zero exit status 1. No sub system to mount EWF format.

2026-06-03 18:34:23,610 [mulder-job_6] WARNING mulder.extractors.disk: guestmount failed on E01 /evidence/dmz-ftp-cdrive.E01: Command '['guestmount', '-a', '/evidence/dmz-ftp-cdrive.E01', '-i', '--ro', '/tmp/mulder_mount_wjqgdc_v']' returned non-zero exit status 1.
2026-06-03 18:34:23,612 [mulder-job_6] ERROR mulder.extractors.disk: Could not mount E01 /evidence/dmz-ftp-cdrive.E01 (tried ewfmount+mount and guestmount)
2026-06-03 18:34:23,712 [ThreadPoolExecutor-17_0] INFO volatility3.framework.symbols.windows.pdbconv: Download PDB file...
2026-06-03 18:34:27,655 [MainThread] INFO mcp.server.lowlevel.server: Processing request of type CallToolRequest
2026-06-03 18:34:29,669 [mulder-job_1] INFO mulder.server.tools.yara: YARA rule validation: 731/744 files valid (individual)
2026-06-03 18:34:31,438 [ThreadPoolExecutor-16_0] INFO volatility3.framework.automagic: Running automagic: SymbolFinder
2026-06-03 18:34:31,466 [ThreadPoolExecutor-16_0] INFO volatility3.framework.automagic: Running automagic: LinuxSymbolFinder
2026-06-03 18:34:31,488 [ThreadPoolExecutor-16_0] INFO volatility3.framework.automagic: Running automagic: MacSymbolFinder
2026-06-03 18:34:31,505 [ThreadPoolExecutor-16_0] INFO volatility3.framework.automagic: Running automagic: KernelModule
2026-06-03 18:34:31,699 [mulder-job_2] INFO mulder.server.tools.extract.volatility: Volatility batch: malfind -> header_only
2026-06-03 18:34:31,706 [ThreadPoolExecutor-18_0] INFO volatility3.framework.automagic: Running automagic: SymbolCacheMagic
2026-06-03 18:34:34,467 [ThreadPoolExecutor-18_0] INFO volatility3.framework.automagic: Running automagic: ConstructionMagic
2026-06-03 18:34:38,574 [ThreadPoolExecutor-18_0] INFO volatility3.framework.automagic: Running automagic: LayerStacker
2026-06-03 18:34:38,689 [ThreadPoolExecutor-18_0] INFO volatility3.framework.automagic: Running automagic: KernelPDBScanner
2026-06-03 18:34:39,282 [ThreadPoolExecutor-18_0] INFO volatility3.framework.symbols.windows.pdbconv: Download PDB file...
2026-06-03 18:34:53,589 [ThreadPoolExecutor-17_0] INFO volatility3.framework.automagic: Running automagic: SymbolFinder
2026-06-03 18:34:53,612 [ThreadPoolExecutor-17_0] INFO volatility3.framework.automagic: Running automagic: LinuxSymbolFinder
2026-06-03 18:34:53,624 [ThreadPoolExecutor-17_0] INFO volatility3.framework.automagic: Running automagic: MacSymbolFinder
2026-06-03 18:34:53,633 [ThreadPoolExecutor-17_0] INFO volatility3.framework.automagic: Running automagic: KernelModule
2026-06-03 18:34:56,851 [mulder-job_5] WARNING mulder.server.jobs: Job job_013e4f61 (run_amcache_parser) returned error: AmcacheParser.dll produced no CSV output
2026-06-03 18:34:56,853 [mulder-job_5] INFO mulder.server.jobs: [JOB_COMPLETE] run_amcache_parser|failed|AmcacheParser.dll produced no CSV output
2026-06-03 18:35:06,119 [ThreadPoolExecutor-18_0] INFO volatility3.framework.automagic: Running automagic: SymbolFinder
2026-06-03 18:35:06,128 [ThreadPoolExecutor-18_0] INFO volatility3.framework.automagic: Running automagic: LinuxSymbolFinder
2026-06-03 18:35:06,132 [ThreadPoolExecutor-18_0] INFO volatility3.framework.automagic: Running automagic: MacSymbolFinder
2026-06-03 18:35:06,135 [ThreadPoolExecutor-18_0] INFO volatility3.framework.automagic: Running automagic: KernelModule
2026-06-03 18:36:39,722 [mulder-job_4] WARNING mulder.server.jobs: Job job_fbdbf019 (run_prefetch_parser) returned error: PECmd.dll produced no CSV output
2026-06-03 18:36:39,727 [mulder-job_4] INFO mulder.server.jobs: [JOB_COMPLETE] run_prefetch_parser|failed|PECmd.dll produced no CSV output
2026-06-03 18:36:41,545 [mulder-job_1] INFO mulder.server.tools.extract.volatility: Volatility batch: malfind -> indexed
2026-06-03 18:36:41,565 [ThreadPoolExecutor-19_0] INFO volatility3.framework.automagic: Running automagic: SymbolCacheMagic
2026-06-03 18:36:41,610 [ThreadPoolExecutor-19_0] INFO volatility3.framework.automagic: Running automagic: ConstructionMagic
2026-06-03 18:36:41,620 [ThreadPoolExecutor-19_0] INFO volatility3.framework.automagic: Running automagic: LayerStacker
2026-06-03 18:36:41,626 [ThreadPoolExecutor-19_0] INFO volatility3.framework.automagic: Running automagic: KernelPDBScanner
2026-06-03 18:36:41,705 [ThreadPoolExecutor-19_0] INFO volatility3.framework.symbols.windows.pdbconv: Download PDB file...
2026-06-03 18:36:41,713 [mulder-job_3] INFO mulder.server.tools.extract.volatility: Volatility batch: netscan -> indexed
2026-06-03 18:36:41,732 [ThreadPoolExecutor-20_0] INFO volatility3.framework.automagic: Running automagic: SymbolCacheMagic
2026-06-03 18:36:41,761 [ThreadPoolExecutor-20_0] INFO volatility3.framework.automagic: Running automagic: ConstructionMagic
2026-06-03 18:36:41,771 [ThreadPoolExecutor-20_0] INFO volatility3.framework.automagic: Running automagic: LayerStacker
2026-06-03 18:36:41,774 [ThreadPoolExecutor-20_0] INFO volatility3.framework.automagic: Running automagic: KernelPDBScanner
2026-06-03 18:36:41,812 [ThreadPoolExecutor-20_0] INFO volatility3.framework.symbols.windows.pdbconv: Download PDB file...
2026-06-03 18:37:12,206 [ThreadPoolExecutor-19_0] INFO volatility3.framework.automagic: Running automagic: SymbolFinder
2026-06-03 18:37:12,211 [ThreadPoolExecutor-19_0] INFO volatility3.framework.automagic: Running automagic: LinuxSymbolFinder
2026-06-03 18:37:12,213 [ThreadPoolExecutor-19_0] INFO volatility3.framework.automagic: Running automagic: MacSymbolFinder
2026-06-03 18:37:12,218 [ThreadPoolExecutor-19_0] INFO volatility3.framework.automagic: Running automagic: KernelModule
2026-06-03 18:37:15,261 [ThreadPoolExecutor-20_0] INFO volatility3.framework.automagic: Running automagic: SymbolFinder
2026-06-03 18:37:15,263 [ThreadPoolExecutor-20_0] INFO volatility3.framework.automagic: Running automagic: LinuxSymbolFinder
2026-06-03 18:37:15,267 [ThreadPoolExecutor-20_0] INFO volatility3.framework.automagic: Running automagic: MacSymbolFinder
2026-06-03 18:37:15,271 [ThreadPoolExecutor-20_0] INFO volatility3.framework.automagic: Running automagic: KernelModule
2026-06-03 18:37:15,442 [mulder-job_3] INFO mulder.server.tools.extract.volatility: Volatility batch: malfind -> header_only
2026-06-03 18:37:15,453 [ThreadPoolExecutor-21_0] INFO volatility3.framework.automagic: Running automagic: SymbolCacheMagic
2026-06-03 18:37:15,484 [ThreadPoolExecutor-21_0] INFO volatility3.framework.automagic: Running automagic: ConstructionMagic
2026-06-03 18:37:15,495 [ThreadPoolExecutor-21_0] INFO volatility3.framework.automagic: Running automagic: LayerStacker
2026-06-03 18:37:15,498 [ThreadPoolExecutor-21_0] INFO volatility3.framework.automagic: Running automagic: KernelPDBScanner
2026-06-03 18:37:15,591 [ThreadPoolExecutor-21_0] INFO volatility3.framework.symbols.windows.pdbconv: Download PDB file...
2026-06-03 18:37:41,860 [ThreadPoolExecutor-21_0] INFO volatility3.framework.automagic: Running automagic: SymbolFinder
2026-06-03 18:37:41,868 [ThreadPoolExecutor-21_0] INFO volatility3.framework.automagic: Running automagic: LinuxSymbolFinder
2026-06-03 18:37:41,872 [ThreadPoolExecutor-21_0] INFO volatility3.framework.automagic: Running automagic: MacSymbolFinder
2026-06-03 18:37:41,875 [ThreadPoolExecutor-21_0] INFO volatility3.framework.automagic: Running automagic: KernelModule
2026-06-03 18:37:46,205 [mulder-job_1] INFO mulder.server.jobs: Job job_28ec5e30 (yara_scan_files) completed
2026-06-03 18:37:46,213 [mulder-job_1] INFO mulder.server.jobs: [JOB_COMPLETE] yara_scan_files|completed|
2026-06-03 18:37:49,765 [mulder-job_3] INFO mulder.server.tools.hayabusa: Hayabusa: extracted 1281 EVTX files from /evidence/dmz-ftp-cdrive.E01
2026-06-03 18:37:49,800 [mulder-job_3] INFO mulder.server.jobs: Job job_5186db58 (run_hayabusa) completed
2026-06-03 18:37:49,802 [mulder-job_3] INFO mulder.server.jobs: [JOB_COMPLETE] run_hayabusa|completed|
2026-06-03 18:37:52,469 [mulder-job_7] INFO mulder.server.jobs: Job job_0b340755 (run_mft_parser) completed
2026-06-03 18:37:52,472 [mulder-job_7] INFO mulder.server.jobs: [JOB_COMPLETE] run_mft_parser|completed|
2026-06-03 18:37:52,644 [mulder-job_0] INFO mulder.server.jobs: Job job_54df387e (run_evtx_parser) completed
2026-06-03 18:37:52,644 [mulder-job_0] INFO mulder.server.jobs: [JOB_COMPLETE] run_evtx_parser|completed|
2026-06-03 18:38:01,308 [mulder-job_2] INFO mulder.server.tools.extract.volatility: Volatility batch: psscan -> indexed
2026-06-03 18:38:01,314 [ThreadPoolExecutor-22_0] INFO volatility3.framework.automagic: Running automagic: SymbolCacheMagic
2026-06-03 18:38:01,364 [ThreadPoolExecutor-22_0] INFO volatility3.framework.automagic: Running automagic: ConstructionMagic
2026-06-03 18:38:01,373 [ThreadPoolExecutor-22_0] INFO volatility3.framework.automagic: Running automagic: LayerStacker
2026-06-03 18:38:01,397 [ThreadPoolExecutor-22_0] INFO volatility3.framework.automagic: Running automagic: KernelPDBScanner
2026-06-03 18:38:01,437 [ThreadPoolExecutor-22_0] INFO volatility3.framework.symbols.windows.pdbconv: Download PDB file...
2026-06-03 18:38:15,113 [mulder-job_1] INFO mulder.server.tools.extract.volatility: Volatility batch: psscan -> indexed
2026-06-03 18:38:15,138 [ThreadPoolExecutor-23_0] INFO volatility3.framework.automagic: Running automagic: SymbolCacheMagic
2026-06-03 18:38:17,225 [mulder-job_6] WARNING mulder.server.jobs: Job job_722fb8bc (run_shimcache_parser) returned error: AppCompatCacheParser.dll produced no CSV output
2026-06-03 18:38:17,229 [mulder-job_6] INFO mulder.server.jobs: [JOB_COMPLETE] run_shimcache_parser|failed|AppCompatCacheParser.dll produced no CSV output
2026-06-03 18:38:17,442 [ThreadPoolExecutor-23_0] INFO volatility3.framework.automagic: Running automagic: ConstructionMagic
2026-06-03 18:38:19,525 [ThreadPoolExecutor-23_0] INFO volatility3.framework.automagic: Running automagic: LayerStacker
2026-06-03 18:38:19,528 [ThreadPoolExecutor-23_0] INFO volatility3.framework.automagic: Running automagic: KernelPDBScanner
2026-06-03 18:38:19,562 [ThreadPoolExecutor-23_0] INFO volatility3.framework.symbols.windows.pdbconv: Download PDB file...
2026-06-03 18:38:27,006 [ThreadPoolExecutor-22_0] INFO volatility3.framework.automagic: Running automagic: SymbolFinder
2026-06-03 18:38:27,028 [ThreadPoolExecutor-22_0] INFO volatility3.framework.automagic: Running automagic: LinuxSymbolFinder
2026-06-03 18:38:27,034 [ThreadPoolExecutor-22_0] INFO volatility3.framework.automagic: Running automagic: MacSymbolFinder
2026-06-03 18:38:27,051 [ThreadPoolExecutor-22_0] INFO volatility3.framework.automagic: Running automagic: KernelModule
2026-06-03 18:38:29,656 [mulder-job_2] INFO mulder.server.tools.extract.volatility: Volatility batch: dlllist -> header_only
2026-06-03 18:38:29,668 [ThreadPoolExecutor-24_0] INFO volatility3.framework.automagic: Running automagic: SymbolCacheMagic
2026-06-03 18:38:31,725 [ThreadPoolExecutor-24_0] INFO volatility3.framework.automagic: Running automagic: ConstructionMagic
2026-06-03 18:38:33,894 [ThreadPoolExecutor-24_0] INFO volatility3.framework.automagic: Running automagic: LayerStacker
2026-06-03 18:38:34,226 [ThreadPoolExecutor-24_0] INFO volatility3.framework.automagic: Running automagic: KernelPDBScanner
2026-06-03 18:38:34,638 [ThreadPoolExecutor-24_0] INFO volatility3.framework.symbols.windows.pdbconv: Download PDB file...
2026-06-03 18:38:40,499 [ThreadPoolExecutor-23_0] INFO volatility3.framework.automagic: Running automagic: SymbolFinder
2026-06-03 18:38:40,512 [ThreadPoolExecutor-23_0] INFO volatility3.framework.automagic: Running automagic: LinuxSymbolFinder
2026-06-03 18:38:40,535 [ThreadPoolExecutor-23_0] INFO volatility3.framework.automagic: Running automagic: MacSymbolFinder
2026-06-03 18:38:40,544 [ThreadPoolExecutor-23_0] INFO volatility3.framework.automagic: Running automagic: KernelModule
2026-06-03 18:38:57,206 [ThreadPoolExecutor-24_0] INFO volatility3.framework.automagic: Running automagic: SymbolFinder
2026-06-03 18:38:57,208 [ThreadPoolExecutor-24_0] INFO volatility3.framework.automagic: Running automagic: LinuxSymbolFinder
2026-06-03 18:38:57,212 [ThreadPoolExecutor-24_0] INFO volatility3.framework.automagic: Running automagic: MacSymbolFinder
2026-06-03 18:38:57,217 [ThreadPoolExecutor-24_0] INFO volatility3.framework.automagic: Running automagic: KernelModule
2026-06-03 18:38:57,287 [mulder-job_2] INFO mulder.server.tools.extract.volatility: Volatility batch: svcscan -> header_only
2026-06-03 18:38:57,290 [ThreadPoolExecutor-25_0] INFO volatility3.framework.automagic: Running automagic: SymbolCacheMagic
2026-06-03 18:38:57,349 [ThreadPoolExecutor-25_0] INFO volatility3.framework.automagic: Running automagic: ConstructionMagic
2026-06-03 18:38:57,399 [ThreadPoolExecutor-25_0] INFO volatility3.framework.automagic: Running automagic: LayerStacker
2026-06-03 18:38:57,405 [ThreadPoolExecutor-25_0] INFO volatility3.framework.automagic: Running automagic: KernelPDBScanner
2026-06-03 18:38:57,454 [ThreadPoolExecutor-25_0] INFO volatility3.framework.symbols.windows.pdbconv: Download PDB file...
2026-06-03 18:39:17,109 [ThreadPoolExecutor-25_0] INFO volatility3.framework.automagic: Running automagic: SymbolFinder
2026-06-03 18:39:17,112 [ThreadPoolExecutor-25_0] INFO volatility3.framework.automagic: Running automagic: LinuxSymbolFinder
2026-06-03 18:39:17,114 [ThreadPoolExecutor-25_0] INFO volatility3.framework.automagic: Running automagic: MacSymbolFinder
2026-06-03 18:39:17,117 [ThreadPoolExecutor-25_0] INFO volatility3.framework.automagic: Running automagic: KernelModule
2026-06-03 18:39:17,184 [mulder-job_2] INFO mulder.server.tools.extract.volatility: Volatility batch: envars -> header_only
2026-06-03 18:39:17,186 [ThreadPoolExecutor-26_0] INFO volatility3.framework.automagic: Running automagic: SymbolCacheMagic
2026-06-03 18:39:17,225 [ThreadPoolExecutor-26_0] INFO volatility3.framework.automagic: Running automagic: ConstructionMagic
2026-06-03 18:39:17,235 [ThreadPoolExecutor-26_0] INFO volatility3.framework.automagic: Running automagic: LayerStacker
2026-06-03 18:39:17,238 [ThreadPoolExecutor-26_0] INFO volatility3.framework.automagic: Running automagic: KernelPDBScanner
2026-06-03 18:39:17,299 [ThreadPoolExecutor-26_0] INFO volatility3.framework.symbols.windows.pdbconv: Download PDB file...
2026-06-03 18:39:22,926 [mulder-job_1] INFO mulder.server.tools.extract.volatility: Volatility batch: dlllist -> indexed
2026-06-03 18:39:22,951 [ThreadPoolExecutor-27_0] INFO volatility3.framework.automagic: Running automagic: SymbolCacheMagic
2026-06-03 18:39:27,165 [ThreadPoolExecutor-27_0] INFO volatility3.framework.automagic: Running automagic: ConstructionMagic
2026-06-03 18:39:30,789 [ThreadPoolExecutor-27_0] INFO volatility3.framework.automagic: Running automagic: LayerStacker
2026-06-03 18:39:31,179 [ThreadPoolExecutor-27_0] INFO volatility3.framework.automagic: Running automagic: KernelPDBScanner
2026-06-03 18:39:31,975 [ThreadPoolExecutor-27_0] INFO volatility3.framework.symbols.windows.pdbconv: Download PDB file...
2026-06-03 18:39:33,544 [MainThread] INFO mcp.server.lowlevel.server: Processing request of type CallToolRequest
2026-06-03 18:39:48,236 [ThreadPoolExecutor-26_0] INFO volatility3.framework.automagic: Running automagic: SymbolFinder
2026-06-03 18:39:48,261 [ThreadPoolExecutor-26_0] INFO volatility3.framework.automagic: Running automagic: LinuxSymbolFinder
2026-06-03 18:39:48,268 [ThreadPoolExecutor-26_0] INFO volatility3.framework.automagic: Running automagic: MacSymbolFinder
2026-06-03 18:39:48,300 [ThreadPoolExecutor-26_0] INFO volatility3.framework.automagic: Running automagic: KernelModule
2026-06-03 18:39:53,157 [ThreadPoolExecutor-27_0] INFO volatility3.framework.automagic: Running automagic: SymbolFinder
2026-06-03 18:39:53,159 [ThreadPoolExecutor-27_0] INFO volatility3.framework.automagic: Running automagic: LinuxSymbolFinder
2026-06-03 18:39:53,161 [ThreadPoolExecutor-27_0] INFO volatility3.framework.automagic: Running automagic: MacSymbolFinder
2026-06-03 18:39:53,163 [ThreadPoolExecutor-27_0] INFO volatility3.framework.automagic: Running automagic: KernelModule
2026-06-03 18:40:02,950 [mulder-job_1] INFO mulder.server.tools.extract.volatility: Volatility batch: svcscan -> indexed
2026-06-03 18:40:02,955 [ThreadPoolExecutor-28_0] INFO volatility3.framework.automagic: Running automagic: SymbolCacheMagic
2026-06-03 18:40:02,978 [ThreadPoolExecutor-28_0] INFO volatility3.framework.automagic: Running automagic: ConstructionMagic
2026-06-03 18:40:02,985 [ThreadPoolExecutor-28_0] INFO volatility3.framework.automagic: Running automagic: LayerStacker
2026-06-03 18:40:02,987 [ThreadPoolExecutor-28_0] INFO volatility3.framework.automagic: Running automagic: KernelPDBScanner
2026-06-03 18:40:03,037 [ThreadPoolExecutor-28_0] INFO volatility3.framework.symbols.windows.pdbconv: Download PDB file...
2026-06-03 18:40:06,825 [ThreadPoolExecutor-28_0] INFO volatility3.framework.automagic: Running automagic: SymbolFinder
2026-06-03 18:40:06,829 [ThreadPoolExecutor-28_0] INFO volatility3.framework.automagic: Running automagic: LinuxSymbolFinder
2026-06-03 18:40:06,830 [ThreadPoolExecutor-28_0] INFO volatility3.framework.automagic: Running automagic: MacSymbolFinder
2026-06-03 18:40:06,833 [ThreadPoolExecutor-28_0] INFO volatility3.framework.automagic: Running automagic: KernelModule
2026-06-03 18:40:06,835 [ThreadPoolExecutor-28_0] WARNING volatility3.framework.plugins: Automagic exception occurred: sqlite3.ProgrammingError: SQLite objects created in a thread can only be used in that same thread. The object was created in thread id 281472560787712 and this is thread id 281471956807936.
2026-06-03 18:40:06,838 [ThreadPoolExecutor-28_0] WARNING volatility3.framework.plugins: Automagic exception occurred: AttributeError: Unable to find _PrimitiveObject__new_value for type <class 'volatility3.framework.objects.String'>
2026-06-03 18:40:06,840 [mulder-job_1] INFO mulder.server.tools.extract.volatility: Volatility batch: envars -> error
2026-06-03 18:40:06,842 [ThreadPoolExecutor-29_0] INFO volatility3.framework.automagic: Running automagic: SymbolCacheMagic
2026-06-03 18:40:06,861 [ThreadPoolExecutor-29_0] INFO volatility3.framework.automagic: Running automagic: ConstructionMagic
2026-06-03 18:40:06,867 [ThreadPoolExecutor-29_0] INFO volatility3.framework.automagic: Running automagic: LayerStacker
2026-06-03 18:40:06,869 [ThreadPoolExecutor-29_0] INFO volatility3.framework.automagic: Running automagic: KernelPDBScanner
2026-06-03 18:40:06,927 [ThreadPoolExecutor-29_0] INFO volatility3.framework.symbols.windows.pdbconv: Download PDB file...
2026-06-03 18:40:10,466 [ThreadPoolExecutor-29_0] INFO volatility3.framework.automagic: Running automagic: SymbolFinder
2026-06-03 18:40:10,468 [ThreadPoolExecutor-29_0] INFO volatility3.framework.automagic: Running automagic: LinuxSymbolFinder
2026-06-03 18:40:10,471 [ThreadPoolExecutor-29_0] INFO volatility3.framework.automagic: Running automagic: MacSymbolFinder
2026-06-03 18:40:10,473 [ThreadPoolExecutor-29_0] INFO volatility3.framework.automagic: Running automagic: KernelModule
2026-06-03 18:40:10,475 [ThreadPoolExecutor-29_0] WARNING volatility3.framework.plugins: Automagic exception occurred: sqlite3.ProgrammingError: SQLite objects created in a thread can only be used in that same thread. The object was created in thread id 281472560787712 and this is thread id 281471956807936.
2026-06-03 18:40:10,478 [ThreadPoolExecutor-29_0] WARNING volatility3.framework.plugins: Automagic exception occurred: AttributeError: Unable to find _PrimitiveObject__new_value for type <class 'volatility3.framework.objects.String'>
2026-06-03 18:40:10,480 [mulder-job_1] INFO mulder.server.tools.extract.volatility: Volatility batch: filescan -> error
2026-06-03 18:40:10,482 [ThreadPoolExecutor-30_0] INFO volatility3.framework.automagic: Running automagic: SymbolCacheMagic
2026-06-03 18:40:10,501 [ThreadPoolExecutor-30_0] INFO volatility3.framework.automagic: Running automagic: ConstructionMagic
2026-06-03 18:40:10,507 [ThreadPoolExecutor-30_0] INFO volatility3.framework.automagic: Running automagic: LayerStacker
2026-06-03 18:40:10,510 [ThreadPoolExecutor-30_0] INFO volatility3.framework.automagic: Running automagic: KernelPDBScanner
2026-06-03 18:40:10,565 [ThreadPoolExecutor-30_0] INFO volatility3.framework.symbols.windows.pdbconv: Download PDB file...
2026-06-03 18:40:14,192 [ThreadPoolExecutor-30_0] INFO volatility3.framework.automagic: Running automagic: SymbolFinder
2026-06-03 18:40:14,195 [ThreadPoolExecutor-30_0] INFO volatility3.framework.automagic: Running automagic: LinuxSymbolFinder
2026-06-03 18:40:14,197 [ThreadPoolExecutor-30_0] INFO volatility3.framework.automagic: Running automagic: MacSymbolFinder
2026-06-03 18:40:14,199 [ThreadPoolExecutor-30_0] INFO volatility3.framework.automagic: Running automagic: KernelModule
2026-06-03 18:40:14,202 [ThreadPoolExecutor-30_0] WARNING volatility3.framework.plugins: Automagic exception occurred: sqlite3.ProgrammingError: SQLite objects created in a thread can only be used in that same thread. The object was created in thread id 281472560787712 and this is thread id 281471956807936.
2026-06-03 18:40:14,203 [ThreadPoolExecutor-30_0] WARNING volatility3.framework.plugins: Automagic exception occurred: AttributeError: Unable to find _PrimitiveObject__new_value for type <class 'volatility3.framework.objects.String'>
2026-06-03 18:40:14,206 [mulder-job_1] INFO mulder.server.tools.extract.volatility: Volatility batch: modules -> error
2026-06-03 18:40:14,207 [ThreadPoolExecutor-31_0] INFO volatility3.framework.automagic: Running automagic: SymbolCacheMagic
2026-06-03 18:40:14,227 [ThreadPoolExecutor-31_0] INFO volatility3.framework.automagic: Running automagic: ConstructionMagic
2026-06-03 18:40:14,235 [ThreadPoolExecutor-31_0] INFO volatility3.framework.automagic: Running automagic: LayerStacker
2026-06-03 18:40:14,238 [ThreadPoolExecutor-31_0] INFO volatility3.framework.automagic: Running automagic: KernelPDBScanner
2026-06-03 18:40:14,315 [ThreadPoolExecutor-31_0] INFO volatility3.framework.symbols.windows.pdbconv: Download PDB file...
2026-06-03 18:40:17,954 [ThreadPoolExecutor-31_0] INFO volatility3.framework.automagic: Running automagic: SymbolFinder
2026-06-03 18:40:17,956 [ThreadPoolExecutor-31_0] INFO volatility3.framework.automagic: Running automagic: LinuxSymbolFinder
2026-06-03 18:40:17,959 [ThreadPoolExecutor-31_0] INFO volatility3.framework.automagic: Running automagic: MacSymbolFinder
2026-06-03 18:40:17,960 [ThreadPoolExecutor-31_0] INFO volatility3.framework.automagic: Running automagic: KernelModule
2026-06-03 18:40:17,963 [ThreadPoolExecutor-31_0] WARNING volatility3.framework.plugins: Automagic exception occurred: sqlite3.ProgrammingError: SQLite objects created in a thread can only be used in that same thread. The object was created in thread id 281472560787712 and this is thread id 281471956807936.
2026-06-03 18:40:17,964 [ThreadPoolExecutor-31_0] WARNING volatility3.framework.plugins: Automagic exception occurred: AttributeError: Unable to find _PrimitiveObject__new_value for type <class 'volatility3.framework.objects.String'>
2026-06-03 18:40:17,966 [mulder-job_1] INFO mulder.server.tools.extract.volatility: Volatility batch: modscan -> error
2026-06-03 18:40:17,968 [ThreadPoolExecutor-32_0] INFO volatility3.framework.automagic: Running automagic: SymbolCacheMagic
2026-06-03 18:40:17,987 [ThreadPoolExecutor-32_0] INFO volatility3.framework.automagic: Running automagic: ConstructionMagic
2026-06-03 18:40:17,993 [ThreadPoolExecutor-32_0] INFO volatility3.framework.automagic: Running automagic: LayerStacker
2026-06-03 18:40:17,994 [ThreadPoolExecutor-32_0] INFO volatility3.framework.automagic: Running automagic: KernelPDBScanner
2026-06-03 18:40:18,047 [ThreadPoolExecutor-32_0] INFO volatility3.framework.symbols.windows.pdbconv: Download PDB file...
2026-06-03 18:40:21,428 [ThreadPoolExecutor-32_0] INFO volatility3.framework.automagic: Running automagic: SymbolFinder
2026-06-03 18:40:21,430 [ThreadPoolExecutor-32_0] INFO volatility3.framework.automagic: Running automagic: LinuxSymbolFinder
2026-06-03 18:40:21,433 [ThreadPoolExecutor-32_0] INFO volatility3.framework.automagic: Running automagic: MacSymbolFinder
2026-06-03 18:40:21,435 [ThreadPoolExecutor-32_0] INFO volatility3.framework.automagic: Running automagic: KernelModule
2026-06-03 18:40:21,438 [ThreadPoolExecutor-32_0] WARNING volatility3.framework.plugins: Automagic exception occurred: sqlite3.ProgrammingError: SQLite objects created in a thread can only be used in that same thread. The object was created in thread id 281472560787712 and this is thread id 281471956807936.
2026-06-03 18:40:21,439 [ThreadPoolExecutor-32_0] WARNING volatility3.framework.plugins: Automagic exception occurred: AttributeError: Unable to find _PrimitiveObject__new_value for type <class 'volatility3.framework.objects.String'>
2026-06-03 18:40:21,441 [mulder-job_1] INFO mulder.server.tools.extract.volatility: Volatility batch: handles -> error
2026-06-03 18:40:21,452 [mulder-job_1] INFO mulder.server.jobs: Job job_f46a3240 (run_volatility_batch) completed
2026-06-03 18:40:21,454 [mulder-job_1] INFO mulder.server.jobs: [JOB_COMPLETE] run_volatility_batch|completed|
2026-06-03 18:40:39,484 [mulder-job_0] INFO mulder.server.tools.extract.volatility: Volatility batch: netscan -> indexed
2026-06-03 18:40:39,490 [ThreadPoolExecutor-33_0] INFO volatility3.framework.automagic: Running automagic: SymbolCacheMagic
2026-06-03 18:40:39,531 [ThreadPoolExecutor-33_0] INFO volatility3.framework.automagic: Running automagic: ConstructionMagic
2026-06-03 18:40:39,562 [ThreadPoolExecutor-33_0] INFO volatility3.framework.automagic: Running automagic: LayerStacker
2026-06-03 18:40:39,563 [ThreadPoolExecutor-33_0] INFO volatility3.framework.automagic: Running automagic: WinSwapLayers
2026-06-03 18:40:39,564 [ThreadPoolExecutor-33_0] INFO volatility3.framework.automagic: Running automagic: KernelPDBScanner
2026-06-03 18:40:39,615 [ThreadPoolExecutor-33_0] INFO volatility3.framework.symbols.windows.pdbconv: Download PDB file...
2026-06-03 18:40:57,704 [ThreadPoolExecutor-33_0] INFO volatility3.framework.automagic: Running automagic: SymbolFinder
2026-06-03 18:40:57,705 [ThreadPoolExecutor-33_0] INFO volatility3.framework.automagic: Running automagic: LinuxSymbolFinder
2026-06-03 18:40:57,707 [ThreadPoolExecutor-33_0] INFO volatility3.framework.automagic: Running automagic: MacSymbolFinder
2026-06-03 18:40:57,708 [ThreadPoolExecutor-33_0] INFO volatility3.framework.automagic: Running automagic: KernelModule
2026-06-03 18:42:26,641 [mulder-job_2] INFO mulder.server.jobs: Job job_12b1b302 (run_registry_parser) completed
2026-06-03 18:42:26,645 [mulder-job_2] INFO mulder.server.jobs: [JOB_COMPLETE] run_registry_parser|completed|
2026-06-03 18:42:32,958 [MainThread] INFO mcp.server.lowlevel.server: Processing request of type CallToolRequest
2026-06-03 18:42:40,524 [MainThread] INFO mcp.server.lowlevel.server: Processing request of type CallToolRequest
2026-06-03 18:42:40,528 [AnyIO worker thread] INFO mulder.server.jobs: Submitted batch bg_e26577a6 with 3 jobs: ['run_prefetch_parser', 'run_amcache_parser', 'run_shimcache_parser']
2026-06-03 18:42:40,621 [mulder-job_1] WARNING mulder.extractors.disk: ewfmount failed on /evidence/dmz-ftp-cdrive.E01: Command '['ewfmount', '/evidence/dmz-ftp-cdrive.E01', '/tmp/mulder_mount_cpsscuvn/_ewf']' returned non-zero exit status 1. No sub system to mount EWF format.

2026-06-03 18:42:40,824 [mulder-job_1] WARNING mulder.extractors.disk: guestmount failed on E01 /evidence/dmz-ftp-cdrive.E01: Command '['guestmount', '-a', '/evidence/dmz-ftp-cdrive.E01', '-i', '--ro', '/tmp/mulder_mount_cpsscuvn']' returned non-zero exit status 1.
2026-06-03 18:42:40,826 [mulder-job_1] ERROR mulder.extractors.disk: Could not mount E01 /evidence/dmz-ftp-cdrive.E01 (tried ewfmount+mount and guestmount)
2026-06-03 18:42:44,936 [MainThread] INFO mcp.server.lowlevel.server: Processing request of type CallToolRequest
2026-06-03 18:42:45,552 [mulder-job_2] INFO mulder.server.tools.extract.volatility: Volatility batch: filescan -> header_only
2026-06-03 18:42:45,562 [ThreadPoolExecutor-34_0] INFO volatility3.framework.automagic: Running automagic: SymbolCacheMagic
2026-06-03 18:42:45,918 [ThreadPoolExecutor-34_0] INFO volatility3.framework.automagic: Running automagic: ConstructionMagic
2026-06-03 18:42:46,354 [ThreadPoolExecutor-34_0] INFO volatility3.framework.automagic: Running automagic: LayerStacker
2026-06-03 18:42:46,518 [ThreadPoolExecutor-34_0] INFO volatility3.framework.automagic: Running automagic: KernelPDBScanner
2026-06-03 18:42:46,823 [ThreadPoolExecutor-34_0] INFO volatility3.framework.symbols.windows.pdbconv: Download PDB file...
2026-06-03 18:42:49,535 [mulder-job_4] WARNING mulder.server.jobs: Job job_6b649ef8 (run_amcache_parser) returned error: AmcacheParser.dll produced no CSV output
2026-06-03 18:42:49,536 [mulder-job_4] INFO mulder.server.jobs: [JOB_COMPLETE] run_amcache_parser|failed|AmcacheParser.dll produced no CSV output
2026-06-03 18:43:19,543 [ThreadPoolExecutor-34_0] INFO volatility3.framework.automagic: Running automagic: SymbolFinder
2026-06-03 18:43:19,557 [ThreadPoolExecutor-34_0] INFO volatility3.framework.automagic: Running automagic: LinuxSymbolFinder
2026-06-03 18:43:19,575 [ThreadPoolExecutor-34_0] INFO volatility3.framework.automagic: Running automagic: MacSymbolFinder
2026-06-03 18:43:19,594 [ThreadPoolExecutor-34_0] INFO volatility3.framework.automagic: Running automagic: KernelModule
2026-06-03 18:43:19,721 [mulder-job_2] INFO mulder.server.tools.extract.volatility: Volatility batch: modules -> header_only
2026-06-03 18:43:19,735 [ThreadPoolExecutor-35_0] INFO volatility3.framework.automagic: Running automagic: SymbolCacheMagic
2026-06-03 18:43:20,075 [ThreadPoolExecutor-35_0] INFO volatility3.framework.automagic: Running automagic: ConstructionMagic
2026-06-03 18:43:20,779 [ThreadPoolExecutor-35_0] INFO volatility3.framework.automagic: Running automagic: LayerStacker
2026-06-03 18:43:20,871 [ThreadPoolExecutor-35_0] INFO volatility3.framework.automagic: Running automagic: KernelPDBScanner
2026-06-03 18:43:21,215 [ThreadPoolExecutor-35_0] INFO volatility3.framework.symbols.windows.pdbconv: Download PDB file...
2026-06-03 18:43:42,703 [mulder-job_5] WARNING mulder.server.jobs: Job job_cc71dbe5 (run_prefetch_parser) returned error: PECmd.dll produced no CSV output
2026-06-03 18:43:42,705 [mulder-job_5] INFO mulder.server.jobs: [JOB_COMPLETE] run_prefetch_parser|failed|PECmd.dll produced no CSV output
2026-06-03 18:43:53,785 [ThreadPoolExecutor-35_0] INFO volatility3.framework.automagic: Running automagic: SymbolFinder
2026-06-03 18:43:53,796 [ThreadPoolExecutor-35_0] INFO volatility3.framework.automagic: Running automagic: LinuxSymbolFinder
2026-06-03 18:43:53,806 [ThreadPoolExecutor-35_0] INFO volatility3.framework.automagic: Running automagic: MacSymbolFinder
2026-06-03 18:43:53,813 [ThreadPoolExecutor-35_0] INFO volatility3.framework.automagic: Running automagic: KernelModule
2026-06-03 18:44:36,780 [mulder-job_1] WARNING mulder.server.jobs: Job job_c0032541 (run_shimcache_parser) returned error: AppCompatCacheParser.dll produced no CSV output
2026-06-03 18:44:36,782 [mulder-job_1] INFO mulder.server.jobs: [JOB_COMPLETE] run_shimcache_parser|failed|AppCompatCacheParser.dll produced no CSV output
2026-06-03 18:44:52,593 [MainThread] INFO mulder.server.app: Mulder MCP server ready (db_dir=/home/mulder/.mulder/cases)
2026-06-03 18:44:52,613 [MainThread] INFO mcp.server.lowlevel.server: Processing request of type ListToolsRequest
2026-06-03 18:44:52,615 [MainThread] INFO mcp.server.lowlevel.server: Processing request of type ListPromptsRequest
2026-06-03 18:44:52,616 [MainThread] INFO mcp.server.lowlevel.server: Processing request of type ListResourcesRequest
2026-06-03 18:44:57,593 [MainThread] INFO mcp.server.lowlevel.server: Processing request of type CallToolRequest
2026-06-03 18:44:57,595 [AnyIO worker thread] INFO mulder.server.app: Opening case database for 'SRL-2018' ...
2026-06-03 18:44:57,627 [AnyIO worker thread] INFO mulder.server.app: Server context ready for case 'SRL-2018'
2026-06-03 18:45:03,556 [MainThread] INFO mcp.server.lowlevel.server: Processing request of type CallToolRequest
2026-06-03 18:45:09,431 [mulder-job_3] INFO mulder.server.tools.extract.volatility: Volatility batch: psscan -> indexed
2026-06-03 18:45:09,437 [ThreadPoolExecutor-36_0] INFO volatility3.framework.automagic: Running automagic: SymbolCacheMagic
2026-06-03 18:45:10,213 [ThreadPoolExecutor-36_0] INFO volatility3.framework.automagic: Running automagic: ConstructionMagic
2026-06-03 18:45:10,670 [MainThread] INFO mulder.server.app: Mulder MCP server ready (db_dir=/home/mulder/.mulder/cases)
2026-06-03 18:45:10,690 [MainThread] INFO mcp.server.lowlevel.server: Processing request of type ListToolsRequest
2026-06-03 18:45:10,693 [MainThread] INFO mcp.server.lowlevel.server: Processing request of type ListPromptsRequest
2026-06-03 18:45:10,693 [MainThread] INFO mcp.server.lowlevel.server: Processing request of type ListResourcesRequest
2026-06-03 18:45:11,850 [ThreadPoolExecutor-36_0] INFO volatility3.framework.automagic: Running automagic: LayerStacker
2026-06-03 18:45:11,872 [ThreadPoolExecutor-36_0] INFO volatility3.framework.automagic: Running automagic: KernelPDBScanner
2026-06-03 18:45:12,274 [ThreadPoolExecutor-36_0] INFO volatility3.framework.symbols.windows.pdbconv: Download PDB file...
2026-06-03 18:45:16,936 [MainThread] INFO mcp.server.lowlevel.server: Processing request of type CallToolRequest
2026-06-03 18:45:22,095 [MainThread] INFO mcp.server.lowlevel.server: Processing request of type CallToolRequest
2026-06-03 18:45:29,694 [MainThread] INFO mcp.server.lowlevel.server: Processing request of type CallToolRequest
2026-06-03 18:45:29,696 [AnyIO worker thread] INFO mulder.server.app: Opening case database for 'SRL-2018' ...
2026-06-03 18:45:29,703 [AnyIO worker thread] INFO mulder.server.app: Server context ready for case 'SRL-2018'
2026-06-03 18:45:35,140 [MainThread] INFO mcp.server.lowlevel.server: Processing request of type CallToolRequest
2026-06-03 18:45:35,177 [MainThread] INFO mcp.server.lowlevel.server: Processing request of type CallToolRequest
2026-06-03 18:45:37,590 [MainThread] INFO mcp.server.lowlevel.server: Processing request of type CallToolRequest
2026-06-03 18:45:41,714 [ThreadPoolExecutor-36_0] INFO volatility3.framework.automagic: Running automagic: SymbolFinder
2026-06-03 18:45:41,720 [ThreadPoolExecutor-36_0] INFO volatility3.framework.automagic: Running automagic: LinuxSymbolFinder
2026-06-03 18:45:41,734 [ThreadPoolExecutor-36_0] INFO volatility3.framework.automagic: Running automagic: MacSymbolFinder
2026-06-03 18:45:41,747 [ThreadPoolExecutor-36_0] INFO volatility3.framework.automagic: Running automagic: KernelModule
2026-06-03 18:45:42,136 [mulder-job_3] INFO mulder.server.tools.extract.volatility: Volatility batch: dlllist -> header_only
2026-06-03 18:45:42,156 [ThreadPoolExecutor-37_0] INFO volatility3.framework.automagic: Running automagic: SymbolCacheMagic
2026-06-03 18:45:42,351 [ThreadPoolExecutor-37_0] INFO volatility3.framework.automagic: Running automagic: ConstructionMagic
2026-06-03 18:45:42,699 [ThreadPoolExecutor-37_0] INFO volatility3.framework.automagic: Running automagic: LayerStacker
2026-06-03 18:45:42,820 [ThreadPoolExecutor-37_0] INFO volatility3.framework.automagic: Running automagic: KernelPDBScanner
2026-06-03 18:45:43,293 [ThreadPoolExecutor-37_0] INFO volatility3.framework.symbols.windows.pdbconv: Download PDB file...
2026-06-03 18:46:14,688 [ThreadPoolExecutor-37_0] INFO volatility3.framework.automagic: Running automagic: SymbolFinder
2026-06-03 18:46:14,709 [ThreadPoolExecutor-37_0] INFO volatility3.framework.automagic: Running automagic: LinuxSymbolFinder
2026-06-03 18:46:14,727 [ThreadPoolExecutor-37_0] INFO volatility3.framework.automagic: Running automagic: MacSymbolFinder
2026-06-03 18:46:14,754 [ThreadPoolExecutor-37_0] INFO volatility3.framework.automagic: Running automagic: KernelModule
2026-06-03 18:46:15,123 [mulder-job_3] INFO mulder.server.tools.extract.volatility: Volatility batch: svcscan -> header_only
2026-06-03 18:46:15,138 [ThreadPoolExecutor-38_0] INFO volatility3.framework.automagic: Running automagic: SymbolCacheMagic
2026-06-03 18:46:16,114 [ThreadPoolExecutor-38_0] INFO volatility3.framework.automagic: Running automagic: ConstructionMagic
2026-06-03 18:46:17,621 [ThreadPoolExecutor-38_0] INFO volatility3.framework.automagic: Running automagic: LayerStacker
2026-06-03 18:46:17,792 [ThreadPoolExecutor-38_0] INFO volatility3.framework.automagic: Running automagic: KernelPDBScanner
2026-06-03 18:46:18,041 [ThreadPoolExecutor-38_0] INFO volatility3.framework.symbols.windows.pdbconv: Download PDB file...
2026-06-03 18:46:25,000 [MainThread] INFO mcp.server.lowlevel.server: Processing request of type CallToolRequest
2026-06-03 18:46:25,426 [MainThread] INFO mcp.server.lowlevel.server: Processing request of type CallToolRequest
2026-06-03 18:46:36,693 [MainThread] INFO mcp.server.lowlevel.server: Processing request of type CallToolRequest
2026-06-03 18:46:37,588 [MainThread] INFO mcp.server.lowlevel.server: Processing request of type CallToolRequest
2026-06-03 18:46:37,977 [MainThread] INFO mcp.server.lowlevel.server: Processing request of type CallToolRequest
2026-06-03 18:46:40,936 [mulder-job_0] INFO mulder.server.tools.extract.volatility: Volatility batch: malfind -> indexed
2026-06-03 18:46:40,938 [ThreadPoolExecutor-39_0] INFO volatility3.framework.automagic: Running automagic: SymbolCacheMagic
2026-06-03 18:46:40,955 [ThreadPoolExecutor-39_0] INFO volatility3.framework.automagic: Running automagic: ConstructionMagic
2026-06-03 18:46:40,962 [ThreadPoolExecutor-39_0] INFO volatility3.framework.automagic: Running automagic: LayerStacker
2026-06-03 18:46:40,964 [ThreadPoolExecutor-39_0] INFO volatility3.framework.automagic: Running automagic: WinSwapLayers
2026-06-03 18:46:40,964 [ThreadPoolExecutor-39_0] INFO volatility3.framework.automagic: Running automagic: KernelPDBScanner
2026-06-03 18:46:41,027 [ThreadPoolExecutor-39_0] INFO volatility3.framework.symbols.windows.pdbconv: Download PDB file...
2026-06-03 18:46:48,181 [ThreadPoolExecutor-38_0] INFO volatility3.framework.automagic: Running automagic: SymbolFinder
2026-06-03 18:46:48,182 [ThreadPoolExecutor-38_0] INFO volatility3.framework.automagic: Running automagic: LinuxSymbolFinder
2026-06-03 18:46:48,200 [ThreadPoolExecutor-38_0] INFO volatility3.framework.automagic: Running automagic: MacSymbolFinder
2026-06-03 18:46:48,248 [ThreadPoolExecutor-38_0] INFO volatility3.framework.automagic: Running automagic: KernelModule
2026-06-03 18:46:48,464 [mulder-job_3] INFO mulder.server.tools.extract.volatility: Volatility batch: envars -> header_only
2026-06-03 18:46:48,470 [ThreadPoolExecutor-40_0] INFO volatility3.framework.automagic: Running automagic: SymbolCacheMagic
2026-06-03 18:46:49,813 [MainThread] INFO mcp.server.lowlevel.server: Processing request of type CallToolRequest
2026-06-03 18:46:52,435 [ThreadPoolExecutor-40_0] INFO volatility3.framework.automagic: Running automagic: ConstructionMagic
2026-06-03 18:46:56,518 [ThreadPoolExecutor-40_0] INFO volatility3.framework.automagic: Running automagic: LayerStacker
2026-06-03 18:46:57,073 [ThreadPoolExecutor-40_0] INFO volatility3.framework.automagic: Running automagic: KernelPDBScanner
2026-06-03 18:46:57,676 [ThreadPoolExecutor-40_0] INFO volatility3.framework.symbols.windows.pdbconv: Download PDB file...
2026-06-03 18:47:04,784 [ThreadPoolExecutor-39_0] INFO volatility3.framework.automagic: Running automagic: SymbolFinder
2026-06-03 18:47:04,786 [ThreadPoolExecutor-39_0] INFO volatility3.framework.automagic: Running automagic: LinuxSymbolFinder
2026-06-03 18:47:04,791 [ThreadPoolExecutor-39_0] INFO volatility3.framework.automagic: Running automagic: MacSymbolFinder
2026-06-03 18:47:04,793 [ThreadPoolExecutor-39_0] INFO volatility3.framework.automagic: Running automagic: KernelModule
2026-06-03 18:47:20,972 [ThreadPoolExecutor-40_0] INFO volatility3.framework.automagic: Running automagic: SymbolFinder
2026-06-03 18:47:20,974 [ThreadPoolExecutor-40_0] INFO volatility3.framework.automagic: Running automagic: LinuxSymbolFinder
2026-06-03 18:47:20,976 [ThreadPoolExecutor-40_0] INFO volatility3.framework.automagic: Running automagic: MacSymbolFinder
2026-06-03 18:47:20,979 [ThreadPoolExecutor-40_0] INFO volatility3.framework.automagic: Running automagic: KernelModule
2026-06-03 18:47:49,289 [mulder-job_2] INFO mulder.server.tools.extract.volatility: Volatility batch: modscan -> indexed
2026-06-03 18:47:49,293 [ThreadPoolExecutor-41_0] INFO volatility3.framework.automagic: Running automagic: SymbolCacheMagic
2026-06-03 18:47:49,313 [ThreadPoolExecutor-41_0] INFO volatility3.framework.automagic: Running automagic: ConstructionMagic
2026-06-03 18:47:49,320 [ThreadPoolExecutor-41_0] INFO volatility3.framework.automagic: Running automagic: LayerStacker
2026-06-03 18:47:49,324 [ThreadPoolExecutor-41_0] INFO volatility3.framework.automagic: Running automagic: KernelPDBScanner
2026-06-03 18:47:49,340 [ThreadPoolExecutor-41_0] INFO volatility3.framework.symbols.windows.pdbconv: Download PDB file...
2026-06-03 18:47:50,396 [MainThread] INFO mcp.server.lowlevel.server: Processing request of type CallToolRequest
2026-06-03 18:47:50,443 [MainThread] INFO mcp.server.lowlevel.server: Processing request of type CallToolRequest
2026-06-03 18:47:58,257 [MainThread] INFO mcp.server.lowlevel.server: Processing request of type CallToolRequest
2026-06-03 18:47:59,083 [MainThread] INFO mcp.server.lowlevel.server: Processing request of type CallToolRequest
2026-06-03 18:48:00,489 [MainThread] INFO mcp.server.lowlevel.server: Processing request of type CallToolRequest
2026-06-03 18:48:08,727 [ThreadPoolExecutor-41_0] INFO volatility3.framework.automagic: Running automagic: SymbolFinder
2026-06-03 18:48:08,729 [ThreadPoolExecutor-41_0] INFO volatility3.framework.automagic: Running automagic: LinuxSymbolFinder
2026-06-03 18:48:08,731 [ThreadPoolExecutor-41_0] INFO volatility3.framework.automagic: Running automagic: MacSymbolFinder
2026-06-03 18:48:08,732 [ThreadPoolExecutor-41_0] INFO volatility3.framework.automagic: Running automagic: KernelModule
2026-06-03 18:48:08,832 [mulder-job_2] INFO mulder.server.tools.extract.volatility: Volatility batch: handles -> header_only
2026-06-03 18:48:08,839 [mulder-job_2] INFO mulder.server.jobs: Job job_bfab1417 (run_volatility_batch) completed
2026-06-03 18:48:08,840 [mulder-job_2] INFO mulder.server.jobs: [JOB_COMPLETE] run_volatility_batch|completed|
2026-06-03 18:48:10,670 [MainThread] INFO mcp.server.lowlevel.server: Processing request of type CallToolRequest
2026-06-03 18:48:22,676 [MainThread] INFO mcp.server.lowlevel.server: Processing request of type CallToolRequest
2026-06-03 18:48:22,893 [MainThread] INFO mcp.server.lowlevel.server: Processing request of type CallToolRequest
2026-06-03 18:48:39,038 [MainThread] INFO mcp.server.lowlevel.server: Processing request of type CallToolRequest
2026-06-03 18:48:43,264 [MainThread] INFO mcp.server.lowlevel.server: Processing request of type CallToolRequest
2026-06-03 18:48:43,520 [MainThread] INFO mcp.server.lowlevel.server: Processing request of type CallToolRequest
2026-06-03 18:48:59,156 [MainThread] INFO mcp.server.lowlevel.server: Processing request of type CallToolRequest
2026-06-03 18:48:59,840 [MainThread] INFO mcp.server.lowlevel.server: Processing request of type CallToolRequest
2026-06-03 18:49:02,484 [MainThread] INFO mcp.server.lowlevel.server: Processing request of type CallToolRequest
2026-06-03 18:49:08,596 [mulder-job_3] INFO mulder.server.tools.extract.volatility: Volatility batch: filescan -> header_only
2026-06-03 18:49:08,598 [ThreadPoolExecutor-42_0] INFO volatility3.framework.automagic: Running automagic: SymbolCacheMagic
2026-06-03 18:49:08,622 [ThreadPoolExecutor-42_0] INFO volatility3.framework.automagic: Running automagic: ConstructionMagic
2026-06-03 18:49:08,630 [ThreadPoolExecutor-42_0] INFO volatility3.framework.automagic: Running automagic: LayerStacker
2026-06-03 18:49:08,631 [ThreadPoolExecutor-42_0] INFO volatility3.framework.automagic: Running automagic: KernelPDBScanner
2026-06-03 18:49:08,646 [ThreadPoolExecutor-42_0] INFO volatility3.framework.symbols.windows.pdbconv: Download PDB file...
2026-06-03 18:49:26,076 [MainThread] INFO mcp.server.lowlevel.server: Processing request of type CallToolRequest
2026-06-03 18:49:29,089 [MainThread] INFO mcp.server.lowlevel.server: Processing request of type CallToolRequest
2026-06-03 18:49:29,139 [MainThread] INFO mcp.server.lowlevel.server: Processing request of type CallToolRequest
2026-06-03 18:49:30,807 [ThreadPoolExecutor-42_0] INFO volatility3.framework.automagic: Running automagic: SymbolFinder
2026-06-03 18:49:30,809 [ThreadPoolExecutor-42_0] INFO volatility3.framework.automagic: Running automagic: LinuxSymbolFinder
2026-06-03 18:49:30,810 [ThreadPoolExecutor-42_0] INFO volatility3.framework.automagic: Running automagic: MacSymbolFinder
2026-06-03 18:49:30,811 [ThreadPoolExecutor-42_0] INFO volatility3.framework.automagic: Running automagic: KernelModule
2026-06-03 18:49:30,879 [mulder-job_3] INFO mulder.server.tools.extract.volatility: Volatility batch: modules -> header_only
2026-06-03 18:49:30,889 [ThreadPoolExecutor-43_0] INFO volatility3.framework.automagic: Running automagic: SymbolCacheMagic
2026-06-03 18:49:30,907 [ThreadPoolExecutor-43_0] INFO volatility3.framework.automagic: Running automagic: ConstructionMagic
2026-06-03 18:49:30,914 [ThreadPoolExecutor-43_0] INFO volatility3.framework.automagic: Running automagic: LayerStacker
2026-06-03 18:49:30,916 [ThreadPoolExecutor-43_0] INFO volatility3.framework.automagic: Running automagic: KernelPDBScanner
2026-06-03 18:49:30,941 [ThreadPoolExecutor-43_0] INFO volatility3.framework.symbols.windows.pdbconv: Download PDB file...
2026-06-03 18:49:46,041 [MainThread] INFO mcp.server.lowlevel.server: Processing request of type CallToolRequest
2026-06-03 18:49:47,932 [MainThread] INFO mcp.server.lowlevel.server: Processing request of type CallToolRequest
2026-06-03 18:49:49,440 [ThreadPoolExecutor-43_0] INFO volatility3.framework.automagic: Running automagic: SymbolFinder
2026-06-03 18:49:49,442 [ThreadPoolExecutor-43_0] INFO volatility3.framework.automagic: Running automagic: LinuxSymbolFinder
2026-06-03 18:49:49,446 [ThreadPoolExecutor-43_0] INFO volatility3.framework.automagic: Running automagic: MacSymbolFinder
2026-06-03 18:49:49,447 [ThreadPoolExecutor-43_0] INFO volatility3.framework.automagic: Running automagic: KernelModule
2026-06-03 18:50:03,825 [MainThread] INFO mcp.server.lowlevel.server: Processing request of type CallToolRequest
2026-06-03 18:50:08,714 [mulder-job_0] INFO mulder.server.tools.extract.volatility: Volatility batch: psscan -> indexed
2026-06-03 18:50:08,717 [ThreadPoolExecutor-44_0] INFO volatility3.framework.automagic: Running automagic: SymbolCacheMagic
2026-06-03 18:50:08,739 [ThreadPoolExecutor-44_0] INFO volatility3.framework.automagic: Running automagic: ConstructionMagic
2026-06-03 18:50:08,746 [ThreadPoolExecutor-44_0] INFO volatility3.framework.automagic: Running automagic: LayerStacker
2026-06-03 18:50:08,748 [ThreadPoolExecutor-44_0] INFO volatility3.framework.automagic: Running automagic: WinSwapLayers
2026-06-03 18:50:08,749 [ThreadPoolExecutor-44_0] INFO volatility3.framework.automagic: Running automagic: KernelPDBScanner
2026-06-03 18:50:08,790 [ThreadPoolExecutor-44_0] INFO volatility3.framework.symbols.windows.pdbconv: Download PDB file...
2026-06-03 18:50:22,535 [MainThread] INFO mcp.server.lowlevel.server: Processing request of type CallToolRequest
2026-06-03 18:50:23,516 [MainThread] INFO mcp.server.lowlevel.server: Processing request of type CallToolRequest
2026-06-03 18:50:23,634 [MainThread] INFO mcp.server.lowlevel.server: Processing request of type CallToolRequest
2026-06-03 18:50:27,589 [ThreadPoolExecutor-44_0] INFO volatility3.framework.automagic: Running automagic: SymbolFinder
2026-06-03 18:50:27,591 [ThreadPoolExecutor-44_0] INFO volatility3.framework.automagic: Running automagic: LinuxSymbolFinder
2026-06-03 18:50:27,591 [ThreadPoolExecutor-44_0] INFO volatility3.framework.automagic: Running automagic: MacSymbolFinder
2026-06-03 18:50:27,592 [ThreadPoolExecutor-44_0] INFO volatility3.framework.automagic: Running automagic: KernelModule
2026-06-03 18:50:41,036 [mulder-job_0] INFO mulder.server.tools.extract.volatility: Volatility batch: dlllist -> indexed
2026-06-03 18:50:41,037 [ThreadPoolExecutor-45_0] INFO volatility3.framework.automagic: Running automagic: SymbolCacheMagic
2026-06-03 18:50:41,055 [ThreadPoolExecutor-45_0] INFO volatility3.framework.automagic: Running automagic: ConstructionMagic
2026-06-03 18:50:41,060 [ThreadPoolExecutor-45_0] INFO volatility3.framework.automagic: Running automagic: LayerStacker
2026-06-03 18:50:41,061 [ThreadPoolExecutor-45_0] INFO volatility3.framework.automagic: Running automagic: WinSwapLayers
2026-06-03 18:50:41,062 [ThreadPoolExecutor-45_0] INFO volatility3.framework.automagic: Running automagic: KernelPDBScanner
2026-06-03 18:50:41,115 [ThreadPoolExecutor-45_0] INFO volatility3.framework.symbols.windows.pdbconv: Download PDB file...
2026-06-03 18:51:02,807 [ThreadPoolExecutor-45_0] INFO volatility3.framework.automagic: Running automagic: SymbolFinder
2026-06-03 18:51:02,809 [ThreadPoolExecutor-45_0] INFO volatility3.framework.automagic: Running automagic: LinuxSymbolFinder
2026-06-03 18:51:02,810 [ThreadPoolExecutor-45_0] INFO volatility3.framework.automagic: Running automagic: MacSymbolFinder
2026-06-03 18:51:02,810 [ThreadPoolExecutor-45_0] INFO volatility3.framework.automagic: Running automagic: KernelModule
2026-06-03 18:51:10,436 [mulder-job_0] INFO mulder.server.tools.extract.volatility: Volatility batch: svcscan -> indexed
2026-06-03 18:51:10,438 [ThreadPoolExecutor-46_0] INFO volatility3.framework.automagic: Running automagic: SymbolCacheMagic
2026-06-03 18:51:10,462 [ThreadPoolExecutor-46_0] INFO volatility3.framework.automagic: Running automagic: ConstructionMagic
2026-06-03 18:51:10,467 [ThreadPoolExecutor-46_0] INFO volatility3.framework.automagic: Running automagic: LayerStacker
2026-06-03 18:51:10,469 [ThreadPoolExecutor-46_0] INFO volatility3.framework.automagic: Running automagic: WinSwapLayers
2026-06-03 18:51:10,470 [ThreadPoolExecutor-46_0] INFO volatility3.framework.automagic: Running automagic: KernelPDBScanner
2026-06-03 18:51:10,529 [ThreadPoolExecutor-46_0] INFO volatility3.framework.symbols.windows.pdbconv: Download PDB file...
2026-06-03 18:51:16,776 [ThreadPoolExecutor-46_0] INFO volatility3.framework.automagic: Running automagic: SymbolFinder
2026-06-03 18:51:16,778 [ThreadPoolExecutor-46_0] INFO volatility3.framework.automagic: Running automagic: LinuxSymbolFinder
2026-06-03 18:51:16,779 [ThreadPoolExecutor-46_0] INFO volatility3.framework.automagic: Running automagic: MacSymbolFinder
2026-06-03 18:51:16,780 [ThreadPoolExecutor-46_0] INFO volatility3.framework.automagic: Running automagic: KernelModule
2026-06-03 18:51:16,781 [ThreadPoolExecutor-46_0] WARNING volatility3.framework.plugins: Automagic exception occurred: sqlite3.ProgrammingError: SQLite objects created in a thread can only be used in that same thread. The object was created in thread id 281472547922176 and this is thread id 281472252772608.
2026-06-03 18:51:16,783 [ThreadPoolExecutor-46_0] WARNING volatility3.framework.plugins: Automagic exception occurred: AttributeError: Unable to find _PrimitiveObject__new_value for type <class 'volatility3.framework.objects.String'>
2026-06-03 18:51:16,784 [mulder-job_0] INFO mulder.server.tools.extract.volatility: Volatility batch: envars -> error
2026-06-03 18:51:16,785 [ThreadPoolExecutor-47_0] INFO volatility3.framework.automagic: Running automagic: SymbolCacheMagic
2026-06-03 18:51:16,804 [ThreadPoolExecutor-47_0] INFO volatility3.framework.automagic: Running automagic: ConstructionMagic
2026-06-03 18:51:16,808 [ThreadPoolExecutor-47_0] INFO volatility3.framework.automagic: Running automagic: LayerStacker
2026-06-03 18:51:16,809 [ThreadPoolExecutor-47_0] INFO volatility3.framework.automagic: Running automagic: WinSwapLayers
2026-06-03 18:51:16,810 [ThreadPoolExecutor-47_0] INFO volatility3.framework.automagic: Running automagic: KernelPDBScanner
2026-06-03 18:51:16,879 [ThreadPoolExecutor-47_0] INFO volatility3.framework.symbols.windows.pdbconv: Download PDB file...
2026-06-03 18:51:21,750 [ThreadPoolExecutor-47_0] INFO volatility3.framework.automagic: Running automagic: SymbolFinder
2026-06-03 18:51:21,751 [ThreadPoolExecutor-47_0] INFO volatility3.framework.automagic: Running automagic: LinuxSymbolFinder
2026-06-03 18:51:21,752 [ThreadPoolExecutor-47_0] INFO volatility3.framework.automagic: Running automagic: MacSymbolFinder
2026-06-03 18:51:21,753 [ThreadPoolExecutor-47_0] INFO volatility3.framework.automagic: Running automagic: KernelModule
2026-06-03 18:51:21,754 [ThreadPoolExecutor-47_0] WARNING volatility3.framework.plugins: Automagic exception occurred: sqlite3.ProgrammingError: SQLite objects created in a thread can only be used in that same thread. The object was created in thread id 281472547922176 and this is thread id 281472252772608.
2026-06-03 18:51:21,755 [ThreadPoolExecutor-47_0] WARNING volatility3.framework.plugins: Automagic exception occurred: AttributeError: Unable to find _PrimitiveObject__new_value for type <class 'volatility3.framework.objects.String'>
2026-06-03 18:51:21,756 [mulder-job_0] INFO mulder.server.tools.extract.volatility: Volatility batch: filescan -> error
2026-06-03 18:51:21,757 [ThreadPoolExecutor-48_0] INFO volatility3.framework.automagic: Running automagic: SymbolCacheMagic
2026-06-03 18:51:21,783 [ThreadPoolExecutor-48_0] INFO volatility3.framework.automagic: Running automagic: ConstructionMagic
2026-06-03 18:51:21,788 [ThreadPoolExecutor-48_0] INFO volatility3.framework.automagic: Running automagic: LayerStacker
2026-06-03 18:51:21,790 [ThreadPoolExecutor-48_0] INFO volatility3.framework.automagic: Running automagic: WinSwapLayers
2026-06-03 18:51:21,795 [ThreadPoolExecutor-48_0] INFO volatility3.framework.automagic: Running automagic: KernelPDBScanner
2026-06-03 18:51:21,851 [ThreadPoolExecutor-48_0] INFO volatility3.framework.symbols.windows.pdbconv: Download PDB file...
2026-06-03 18:51:26,894 [ThreadPoolExecutor-48_0] INFO volatility3.framework.automagic: Running automagic: SymbolFinder
2026-06-03 18:51:26,895 [ThreadPoolExecutor-48_0] INFO volatility3.framework.automagic: Running automagic: LinuxSymbolFinder
2026-06-03 18:51:26,897 [ThreadPoolExecutor-48_0] INFO volatility3.framework.automagic: Running automagic: MacSymbolFinder
2026-06-03 18:51:26,898 [ThreadPoolExecutor-48_0] INFO volatility3.framework.automagic: Running automagic: KernelModule
2026-06-03 18:51:26,899 [ThreadPoolExecutor-48_0] WARNING volatility3.framework.plugins: Automagic exception occurred: sqlite3.ProgrammingError: SQLite objects created in a thread can only be used in that same thread. The object was created in thread id 281472547922176 and this is thread id 281472252772608.
2026-06-03 18:51:26,901 [ThreadPoolExecutor-48_0] WARNING volatility3.framework.plugins: Automagic exception occurred: AttributeError: Unable to find _PrimitiveObject__new_value for type <class 'volatility3.framework.objects.String'>
2026-06-03 18:51:26,902 [mulder-job_0] INFO mulder.server.tools.extract.volatility: Volatility batch: modules -> error
2026-06-03 18:51:26,903 [ThreadPoolExecutor-49_0] INFO volatility3.framework.automagic: Running automagic: SymbolCacheMagic
2026-06-03 18:51:26,921 [ThreadPoolExecutor-49_0] INFO volatility3.framework.automagic: Running automagic: ConstructionMagic
2026-06-03 18:51:26,933 [ThreadPoolExecutor-49_0] INFO volatility3.framework.automagic: Running automagic: LayerStacker
2026-06-03 18:51:26,935 [ThreadPoolExecutor-49_0] INFO volatility3.framework.automagic: Running automagic: WinSwapLayers
2026-06-03 18:51:26,936 [ThreadPoolExecutor-49_0] INFO volatility3.framework.automagic: Running automagic: KernelPDBScanner
2026-06-03 18:51:26,985 [ThreadPoolExecutor-49_0] INFO volatility3.framework.symbols.windows.pdbconv: Download PDB file...
2026-06-03 18:51:29,403 [ThreadPoolExecutor-49_0] INFO volatility3.framework.automagic: Running automagic: SymbolFinder
2026-06-03 18:51:29,405 [ThreadPoolExecutor-49_0] INFO volatility3.framework.automagic: Running automagic: LinuxSymbolFinder
2026-06-03 18:51:29,406 [ThreadPoolExecutor-49_0] INFO volatility3.framework.automagic: Running automagic: MacSymbolFinder
2026-06-03 18:51:29,407 [ThreadPoolExecutor-49_0] INFO volatility3.framework.automagic: Running automagic: KernelModule
2026-06-03 18:51:29,408 [ThreadPoolExecutor-49_0] WARNING volatility3.framework.plugins: Automagic exception occurred: sqlite3.ProgrammingError: SQLite objects created in a thread can only be used in that same thread. The object was created in thread id 281472547922176 and this is thread id 281472252772608.
2026-06-03 18:51:29,410 [ThreadPoolExecutor-49_0] WARNING volatility3.framework.plugins: Automagic exception occurred: AttributeError: Unable to find _PrimitiveObject__new_value for type <class 'volatility3.framework.objects.String'>
2026-06-03 18:51:29,412 [mulder-job_0] INFO mulder.server.tools.extract.volatility: Volatility batch: modscan -> error
2026-06-03 18:51:29,412 [ThreadPoolExecutor-50_0] INFO volatility3.framework.automagic: Running automagic: SymbolCacheMagic
2026-06-03 18:51:29,429 [ThreadPoolExecutor-50_0] INFO volatility3.framework.automagic: Running automagic: ConstructionMagic
2026-06-03 18:51:29,434 [ThreadPoolExecutor-50_0] INFO volatility3.framework.automagic: Running automagic: LayerStacker
2026-06-03 18:51:29,436 [MainThread] INFO mcp.server.lowlevel.server: Processing request of type CallToolRequest
2026-06-03 18:51:29,436 [ThreadPoolExecutor-50_0] INFO volatility3.framework.automagic: Running automagic: WinSwapLayers
2026-06-03 18:51:29,437 [ThreadPoolExecutor-50_0] INFO volatility3.framework.automagic: Running automagic: KernelPDBScanner
2026-06-03 18:51:29,496 [ThreadPoolExecutor-50_0] INFO volatility3.framework.symbols.windows.pdbconv: Download PDB file...
2026-06-03 18:51:34,510 [ThreadPoolExecutor-50_0] INFO volatility3.framework.automagic: Running automagic: SymbolFinder
2026-06-03 18:51:34,512 [ThreadPoolExecutor-50_0] INFO volatility3.framework.automagic: Running automagic: LinuxSymbolFinder
2026-06-03 18:51:34,513 [ThreadPoolExecutor-50_0] INFO volatility3.framework.automagic: Running automagic: MacSymbolFinder
2026-06-03 18:51:34,514 [ThreadPoolExecutor-50_0] INFO volatility3.framework.automagic: Running automagic: KernelModule
2026-06-03 18:51:34,515 [ThreadPoolExecutor-50_0] WARNING volatility3.framework.plugins: Automagic exception occurred: sqlite3.ProgrammingError: SQLite objects created in a thread can only be used in that same thread. The object was created in thread id 281472547922176 and this is thread id 281472252772608.
2026-06-03 18:51:34,519 [ThreadPoolExecutor-50_0] WARNING volatility3.framework.plugins: Automagic exception occurred: AttributeError: Unable to find _PrimitiveObject__new_value for type <class 'volatility3.framework.objects.String'>
2026-06-03 18:51:34,520 [mulder-job_0] INFO mulder.server.tools.extract.volatility: Volatility batch: handles -> error
2026-06-03 18:51:34,525 [mulder-job_0] INFO mulder.server.jobs: Job job_76075b2a (run_volatility_batch) completed
2026-06-03 18:51:34,526 [mulder-job_0] INFO mulder.server.jobs: [JOB_COMPLETE] run_volatility_batch|completed|
2026-06-03 18:51:37,818 [mulder-job_3] INFO mulder.server.tools.extract.volatility: Volatility batch: modscan -> indexed
2026-06-03 18:51:37,820 [ThreadPoolExecutor-51_0] INFO volatility3.framework.automagic: Running automagic: SymbolCacheMagic
2026-06-03 18:51:37,842 [ThreadPoolExecutor-51_0] INFO volatility3.framework.automagic: Running automagic: ConstructionMagic
2026-06-03 18:51:37,847 [ThreadPoolExecutor-51_0] INFO volatility3.framework.automagic: Running automagic: LayerStacker
2026-06-03 18:51:37,848 [ThreadPoolExecutor-51_0] INFO volatility3.framework.automagic: Running automagic: KernelPDBScanner
2026-06-03 18:51:37,858 [ThreadPoolExecutor-51_0] INFO volatility3.framework.symbols.windows.pdbconv: Download PDB file...
2026-06-03 18:51:47,155 [MainThread] INFO mcp.server.lowlevel.server: Processing request of type CallToolRequest
2026-06-03 18:51:57,897 [ThreadPoolExecutor-51_0] INFO volatility3.framework.automagic: Running automagic: SymbolFinder
2026-06-03 18:51:57,898 [ThreadPoolExecutor-51_0] INFO volatility3.framework.automagic: Running automagic: LinuxSymbolFinder
2026-06-03 18:51:57,899 [ThreadPoolExecutor-51_0] INFO volatility3.framework.automagic: Running automagic: MacSymbolFinder
2026-06-03 18:51:57,899 [ThreadPoolExecutor-51_0] INFO volatility3.framework.automagic: Running automagic: KernelModule
2026-06-03 18:51:57,992 [mulder-job_3] INFO mulder.server.tools.extract.volatility: Volatility batch: handles -> header_only
2026-06-03 18:51:57,995 [mulder-job_3] INFO mulder.server.jobs: Job job_f7f4badc (run_volatility_batch) completed
2026-06-03 18:51:57,996 [mulder-job_3] INFO mulder.server.jobs: [JOB_COMPLETE] run_volatility_batch|completed|
2026-06-03 18:51:57,998 [MainThread] INFO mcp.server.lowlevel.server: Warning: FutureWarning: This API (volatility3.plugins.windows.malware.malfind.Malfind.run) will be removed in the first release after 2026-06-07. This plugin has been renamed, please call volatility3.plugins.windows.malware.malfind.Malfind rather than volatility3.plugins.windows.malfind.Malfind.
2026-06-03 18:51:57,999 [MainThread] INFO mcp.server.lowlevel.server: Warning: FutureWarning: This plugin (volatility3.plugins.windows.malfind.Malfind) has been renamed and will be removed in the first release after 2026-06-07. Please ensure all method calls to this plugin are replaced with calls to volatility3.plugins.windows.malware.malfind.Malfind
2026-06-03 18:52:02,868 [MainThread] INFO mcp.server.lowlevel.server: Processing request of type CallToolRequest
2026-06-03 18:52:07,603 [MainThread] INFO mcp.server.lowlevel.server: Processing request of type CallToolRequest
2026-06-03 18:52:07,729 [MainThread] INFO mcp.server.lowlevel.server: Processing request of type CallToolRequest
2026-06-03 18:52:07,747 [AnyIO worker thread] INFO mulder.server.tools.yara: Updated YARA rules: signature-base
2026-06-03 18:52:10,198 [AnyIO worker thread] INFO mulder.server.tools.yara: YARA rule validation: 731/744 files valid (individual)
2026-06-03 18:52:24,152 [MainThread] INFO mcp.server.lowlevel.server: Processing request of type CallToolRequest
2026-06-03 18:52:41,479 [MainThread] INFO mcp.server.lowlevel.server: Processing request of type CallToolRequest
2026-06-03 18:52:59,599 [MainThread] INFO mcp.server.lowlevel.server: Processing request of type CallToolRequest
2026-06-03 18:53:06,053 [MainThread] INFO mcp.server.lowlevel.server: Processing request of type CallToolRequest
2026-06-03 18:53:06,420 [MainThread] INFO mcp.server.lowlevel.server: Processing request of type CallToolRequest
2026-06-03 18:53:08,752 [MainThread] INFO mcp.server.lowlevel.server: Processing request of type CallToolRequest
2026-06-03 18:53:38,246 [MainThread] INFO mcp.server.lowlevel.server: Processing request of type CallToolRequest
2026-06-03 18:53:47,721 [MainThread] INFO mcp.server.lowlevel.server: Processing request of type CallToolRequest
2026-06-03 18:53:51,023 [MainThread] INFO mcp.server.lowlevel.server: Processing request of type CallToolRequest
2026-06-03 18:54:05,101 [MainThread] INFO mulder.server.app: Mulder MCP server ready (db_dir=/home/mulder/.mulder/cases)
2026-06-03 18:54:05,128 [MainThread] INFO mcp.server.lowlevel.server: Processing request of type ListToolsRequest
2026-06-03 18:54:05,131 [MainThread] INFO mcp.server.lowlevel.server: Processing request of type ListPromptsRequest
2026-06-03 18:54:05,132 [MainThread] INFO mcp.server.lowlevel.server: Processing request of type ListResourcesRequest
2026-06-03 18:54:06,960 [MainThread] INFO mcp.server.lowlevel.server: Processing request of type CallToolRequest
2026-06-03 18:54:07,597 [MainThread] INFO mcp.server.lowlevel.server: Processing request of type CallToolRequest
2026-06-03 18:54:08,493 [MainThread] INFO mcp.server.lowlevel.server: Processing request of type CallToolRequest
2026-06-03 18:54:09,769 [MainThread] INFO mcp.server.lowlevel.server: Processing request of type CallToolRequest
2026-06-03 18:54:09,771 [AnyIO worker thread] INFO mulder.server.app: Opening case database for 'SRL-2018' ...
2026-06-03 18:54:09,804 [AnyIO worker thread] INFO mulder.server.app: Server context ready for case 'SRL-2018'
2026-06-03 18:54:09,936 [MainThread] INFO mcp.server.lowlevel.server: Processing request of type CallToolRequest
2026-06-03 18:54:16,839 [MainThread] INFO mulder.server.app: Mulder MCP server ready (db_dir=/home/mulder/.mulder/cases)
2026-06-03 18:54:16,859 [MainThread] INFO mcp.server.lowlevel.server: Processing request of type ListToolsRequest
2026-06-03 18:54:16,861 [MainThread] INFO mcp.server.lowlevel.server: Processing request of type ListPromptsRequest
2026-06-03 18:54:16,862 [MainThread] INFO mcp.server.lowlevel.server: Processing request of type ListResourcesRequest
2026-06-03 18:54:23,527 [MainThread] INFO mcp.server.lowlevel.server: Processing request of type CallToolRequest
2026-06-03 18:54:23,555 [MainThread] INFO mcp.server.lowlevel.server: Processing request of type CallToolRequest
2026-06-03 18:54:27,459 [MainThread] INFO mcp.server.lowlevel.server: Processing request of type CallToolRequest
2026-06-03 18:54:31,459 [MainThread] INFO mcp.server.lowlevel.server: Processing request of type CallToolRequest
2026-06-03 18:54:31,522 [MainThread] INFO mcp.server.lowlevel.server: Processing request of type CallToolRequest
2026-06-03 18:54:31,524 [AnyIO worker thread] INFO mulder.server.app: Opening case database for 'SRL-2018' ...
2026-06-03 18:54:31,538 [AnyIO worker thread] INFO mulder.server.app: Server context ready for case 'SRL-2018'
2026-06-03 18:54:32,689 [MainThread] INFO mcp.server.lowlevel.server: Processing request of type CallToolRequest
2026-06-03 18:54:32,794 [MainThread] INFO mcp.server.lowlevel.server: Processing request of type CallToolRequest
2026-06-03 18:54:36,844 [MainThread] INFO mcp.server.lowlevel.server: Processing request of type CallToolRequest
2026-06-03 18:54:36,897 [MainThread] INFO mcp.server.lowlevel.server: Processing request of type CallToolRequest
2026-06-03 18:54:47,536 [MainThread] INFO mcp.server.lowlevel.server: Processing request of type CallToolRequest
2026-06-03 18:54:47,969 [MainThread] INFO mcp.server.lowlevel.server: Processing request of type CallToolRequest
2026-06-03 18:54:49,005 [MainThread] INFO mcp.server.lowlevel.server: Processing request of type CallToolRequest
2026-06-03 18:54:49,289 [MainThread] INFO mcp.server.lowlevel.server: Processing request of type CallToolRequest
2026-06-03 18:54:55,652 [MainThread] INFO mcp.server.lowlevel.server: Processing request of type CallToolRequest
2026-06-03 18:55:02,464 [MainThread] INFO mcp.server.lowlevel.server: Processing request of type CallToolRequest
2026-06-03 18:55:27,754 [MainThread] INFO mcp.server.lowlevel.server: Processing request of type CallToolRequest
2026-06-03 18:55:46,129 [MainThread] INFO mcp.server.lowlevel.server: Processing request of type CallToolRequest
2026-06-03 18:55:48,670 [MainThread] INFO mcp.server.lowlevel.server: Processing request of type CallToolRequest
2026-06-03 18:55:59,188 [MainThread] INFO mcp.server.lowlevel.server: Processing request of type CallToolRequest
2026-06-03 18:55:59,737 [MainThread] INFO mcp.server.lowlevel.server: Processing request of type CallToolRequest
2026-06-03 18:56:00,554 [MainThread] INFO mcp.server.lowlevel.server: Processing request of type CallToolRequest
2026-06-03 18:56:00,741 [MainThread] INFO mcp.server.lowlevel.server: Processing request of type CallToolRequest
2026-06-03 18:56:06,657 [MainThread] INFO mcp.server.lowlevel.server: Processing request of type CallToolRequest
2026-06-03 18:56:07,120 [MainThread] INFO mcp.server.lowlevel.server: Processing request of type CallToolRequest
2026-06-03 18:56:11,795 [MainThread] INFO mulder.server.app: Mulder MCP server ready (db_dir=/home/mulder/.mulder/cases)
2026-06-03 18:56:11,812 [MainThread] INFO mcp.server.lowlevel.server: Processing request of type ListToolsRequest
2026-06-03 18:56:11,814 [MainThread] INFO mcp.server.lowlevel.server: Processing request of type ListPromptsRequest
2026-06-03 18:56:11,815 [MainThread] INFO mcp.server.lowlevel.server: Processing request of type ListResourcesRequest
2026-06-03 18:56:12,642 [MainThread] INFO mcp.server.lowlevel.server: Processing request of type CallToolRequest
2026-06-03 18:56:17,823 [MainThread] INFO mcp.server.lowlevel.server: Processing request of type CallToolRequest
2026-06-03 18:56:40,700 [MainThread] INFO mcp.server.lowlevel.server: Processing request of type CallToolRequest
2026-06-03 18:56:44,652 [MainThread] INFO mcp.server.lowlevel.server: Processing request of type CallToolRequest
2026-06-03 18:56:44,654 [AnyIO worker thread] INFO mulder.server.app: Opening case database for 'SRL-2018' ...
2026-06-03 18:56:44,672 [AnyIO worker thread] INFO mulder.server.app: Server context ready for case 'SRL-2018'
2026-06-03 18:56:53,224 [MainThread] INFO mcp.server.lowlevel.server: Processing request of type CallToolRequest
2026-06-03 18:57:01,714 [MainThread] INFO mcp.server.lowlevel.server: Processing request of type CallToolRequest
2026-06-03 18:57:03,008 [MainThread] INFO mcp.server.lowlevel.server: Processing request of type CallToolRequest
2026-06-03 18:57:03,439 [MainThread] INFO mcp.server.lowlevel.server: Processing request of type CallToolRequest
2026-06-03 18:57:11,195 [MainThread] INFO mcp.server.lowlevel.server: Processing request of type CallToolRequest
2026-06-03 18:57:15,391 [MainThread] INFO mcp.server.lowlevel.server: Processing request of type CallToolRequest
2026-06-03 18:57:26,784 [MainThread] INFO mcp.server.lowlevel.server: Processing request of type CallToolRequest
2026-06-03 18:57:26,827 [MainThread] INFO mcp.server.lowlevel.server: Processing request of type CallToolRequest
2026-06-03 18:57:36,099 [MainThread] INFO mcp.server.lowlevel.server: Processing request of type CallToolRequest
2026-06-03 18:57:36,987 [MainThread] INFO mcp.server.lowlevel.server: Processing request of type CallToolRequest
2026-06-03 18:57:41,608 [MainThread] INFO mcp.server.lowlevel.server: Processing request of type CallToolRequest
2026-06-03 18:57:55,229 [MainThread] INFO mulder.server.app: Mulder MCP server ready (db_dir=/home/mulder/.mulder/cases)
2026-06-03 18:57:55,246 [MainThread] INFO mcp.server.lowlevel.server: Processing request of type ListToolsRequest
2026-06-03 18:57:55,249 [MainThread] INFO mcp.server.lowlevel.server: Processing request of type ListPromptsRequest
2026-06-03 18:57:55,249 [MainThread] INFO mcp.server.lowlevel.server: Processing request of type ListResourcesRequest
2026-06-03 18:58:16,040 [MainThread] INFO mcp.server.lowlevel.server: Processing request of type CallToolRequest
2026-06-03 18:58:16,090 [MainThread] INFO mcp.server.lowlevel.server: Processing request of type CallToolRequest
2026-06-03 18:58:20,539 [MainThread] INFO mcp.server.lowlevel.server: Processing request of type CallToolRequest
2026-06-03 18:58:20,544 [AnyIO worker thread] INFO mulder.server.app: Opening case database for 'SRL-2018' ...
2026-06-03 18:58:20,563 [AnyIO worker thread] INFO mulder.server.app: Server context ready for case 'SRL-2018'
2026-06-03 18:58:25,227 [MainThread] INFO mcp.server.lowlevel.server: Processing request of type CallToolRequest
2026-06-03 18:58:25,290 [MainThread] INFO mcp.server.lowlevel.server: Processing request of type CallToolRequest
2026-06-03 18:58:27,285 [MainThread] INFO mcp.server.lowlevel.server: Processing request of type CallToolRequest
2026-06-03 18:58:28,177 [MainThread] INFO mcp.server.lowlevel.server: Processing request of type CallToolRequest
2026-06-03 18:58:31,258 [MainThread] INFO mcp.server.lowlevel.server: Processing request of type CallToolRequest
2026-06-03 18:58:38,759 [MainThread] INFO mcp.server.lowlevel.server: Processing request of type CallToolRequest
2026-06-03 18:58:46,617 [MainThread] INFO mcp.server.lowlevel.server: Processing request of type CallToolRequest
2026-06-03 18:58:48,386 [MainThread] INFO mcp.server.lowlevel.server: Processing request of type CallToolRequest
2026-06-03 18:58:50,314 [MainThread] INFO mcp.server.lowlevel.server: Processing request of type CallToolRequest
2026-06-03 18:58:50,559 [MainThread] INFO mcp.server.lowlevel.server: Processing request of type CallToolRequest
2026-06-03 18:58:50,937 [MainThread] INFO mcp.server.lowlevel.server: Processing request of type CallToolRequest
2026-06-03 18:58:51,236 [MainThread] INFO mcp.server.lowlevel.server: Processing request of type CallToolRequest
2026-06-03 18:58:52,799 [MainThread] INFO mulder.server.app: Mulder MCP server ready (db_dir=/home/mulder/.mulder/cases)
2026-06-03 18:58:52,817 [MainThread] INFO mcp.server.lowlevel.server: Processing request of type ListToolsRequest
2026-06-03 18:58:52,820 [MainThread] INFO mcp.server.lowlevel.server: Processing request of type ListPromptsRequest
2026-06-03 18:58:52,821 [MainThread] INFO mcp.server.lowlevel.server: Processing request of type ListResourcesRequest
2026-06-03 18:58:53,506 [MainThread] INFO mcp.server.lowlevel.server: Processing request of type CallToolRequest
2026-06-03 18:59:12,720 [MainThread] INFO mcp.server.lowlevel.server: Processing request of type CallToolRequest
2026-06-03 18:59:12,841 [MainThread] INFO mcp.server.lowlevel.server: Processing request of type CallToolRequest
2026-06-03 18:59:17,580 [MainThread] INFO mcp.server.lowlevel.server: Processing request of type CallToolRequest
2026-06-03 18:59:17,582 [AnyIO worker thread] INFO mulder.server.app: Opening case database for 'SRL-2018' ...
2026-06-03 18:59:17,602 [AnyIO worker thread] INFO mulder.server.app: Server context ready for case 'SRL-2018'
2026-06-03 18:59:22,369 [MainThread] INFO mcp.server.lowlevel.server: Processing request of type CallToolRequest
2026-06-03 18:59:22,940 [MainThread] INFO mcp.server.lowlevel.server: Processing request of type CallToolRequest
2026-06-03 18:59:22,954 [MainThread] INFO mcp.server.lowlevel.server: Processing request of type CallToolRequest
2026-06-03 18:59:31,068 [MainThread] INFO mcp.server.lowlevel.server: Processing request of type CallToolRequest
2026-06-03 18:59:38,702 [MainThread] INFO mcp.server.lowlevel.server: Processing request of type CallToolRequest
2026-06-03 18:59:38,973 [MainThread] INFO mcp.server.lowlevel.server: Processing request of type CallToolRequest
2026-06-03 18:59:56,055 [MainThread] INFO mcp.server.lowlevel.server: Processing request of type CallToolRequest
2026-06-03 19:00:31,675 [MainThread] INFO mcp.server.lowlevel.server: Processing request of type CallToolRequest
2026-06-03 19:00:32,545 [MainThread] INFO mcp.server.lowlevel.server: Processing request of type CallToolRequest
2026-06-03 19:00:32,882 [MainThread] INFO mcp.server.lowlevel.server: Processing request of type CallToolRequest
2026-06-03 19:01:40,889 [MainThread] INFO mcp.server.lowlevel.server: Processing request of type CallToolRequest
2026-06-03 19:01:57,161 [MainThread] INFO mcp.server.lowlevel.server: Processing request of type CallToolRequest
2026-06-03 19:02:11,392 [MainThread] INFO mcp.server.lowlevel.server: Processing request of type CallToolRequest
2026-06-03 19:02:24,049 [MainThread] INFO mcp.server.lowlevel.server: Processing request of type CallToolRequest
2026-06-03 19:02:36,977 [MainThread] INFO mcp.server.lowlevel.server: Processing request of type CallToolRequest
2026-06-03 19:02:55,165 [MainThread] INFO mcp.server.lowlevel.server: Processing request of type CallToolRequest
2026-06-03 19:03:10,023 [MainThread] INFO mcp.server.lowlevel.server: Processing request of type CallToolRequest
2026-06-03 19:03:25,038 [MainThread] INFO mcp.server.lowlevel.server: Processing request of type CallToolRequest
2026-06-03 19:03:40,204 [MainThread] INFO mcp.server.lowlevel.server: Processing request of type CallToolRequest
2026-06-03 19:03:53,020 [MainThread] INFO mcp.server.lowlevel.server: Processing request of type CallToolRequest
2026-06-03 19:04:12,764 [MainThread] INFO mcp.server.lowlevel.server: Processing request of type CallToolRequest
2026-06-03 19:04:20,395 [MainThread] INFO mcp.server.lowlevel.server: Processing request of type CallToolRequest
2026-06-03 19:04:22,150 [MainThread] INFO mcp.server.lowlevel.server: Processing request of type CallToolRequest
2026-06-03 19:04:23,722 [MainThread] INFO mcp.server.lowlevel.server: Processing request of type CallToolRequest
2026-06-03 19:04:40,292 [MainThread] INFO mcp.server.lowlevel.server: Processing request of type CallToolRequest
2026-06-03 19:05:05,887 [MainThread] INFO mulder.server.app: Mulder MCP server ready (db_dir=/home/mulder/.mulder/cases)
2026-06-03 19:05:05,905 [MainThread] INFO mcp.server.lowlevel.server: Processing request of type ListToolsRequest
2026-06-03 19:05:05,907 [MainThread] INFO mcp.server.lowlevel.server: Processing request of type ListPromptsRequest
2026-06-03 19:05:05,908 [MainThread] INFO mcp.server.lowlevel.server: Processing request of type ListResourcesRequest
2026-06-03 19:05:12,190 [MainThread] INFO mcp.server.lowlevel.server: Processing request of type CallToolRequest
2026-06-03 19:05:16,008 [MainThread] INFO mcp.server.lowlevel.server: Processing request of type CallToolRequest
2026-06-03 19:05:16,012 [AnyIO worker thread] INFO mulder.server.app: Opening case database for 'SRL-2018' ...
2026-06-03 19:05:16,034 [AnyIO worker thread] INFO mulder.server.app: Server context ready for case 'SRL-2018'
2026-06-03 19:05:21,231 [MainThread] INFO mcp.server.lowlevel.server: Processing request of type CallToolRequest
2026-06-03 19:05:21,619 [MainThread] INFO mcp.server.lowlevel.server: Processing request of type CallToolRequest
2026-06-03 19:05:21,666 [MainThread] INFO mcp.server.lowlevel.server: Processing request of type CallToolRequest
2026-06-03 19:06:00,789 [MainThread] INFO mcp.server.lowlevel.server: Processing request of type CallToolRequest
2026-06-03 19:06:06,956 [MainThread] INFO mcp.server.lowlevel.server: Processing request of type CallToolRequest
2026-06-03 19:06:07,407 [MainThread] INFO mcp.server.lowlevel.server: Processing request of type CallToolRequest
2026-06-03 19:06:08,350 [MainThread] INFO mcp.server.lowlevel.server: Processing request of type CallToolRequest
2026-06-03 19:06:10,059 [MainThread] INFO mcp.server.lowlevel.server: Processing request of type CallToolRequest
2026-06-03 19:06:19,255 [MainThread] INFO mcp.server.lowlevel.server: Processing request of type CallToolRequest
2026-06-03 19:06:19,291 [MainThread] INFO mcp.server.lowlevel.server: Processing request of type CallToolRequest
2026-06-03 19:08:10,875 [MainThread] INFO mulder.server.app: Mulder MCP server ready (db_dir=/home/mulder/.mulder/cases)
2026-06-03 19:08:10,894 [MainThread] INFO mcp.server.lowlevel.server: Processing request of type ListToolsRequest
2026-06-03 19:08:10,896 [MainThread] INFO mcp.server.lowlevel.server: Processing request of type ListPromptsRequest
2026-06-03 19:08:10,897 [MainThread] INFO mcp.server.lowlevel.server: Processing request of type ListResourcesRequest
2026-06-03 19:08:18,132 [MainThread] INFO mcp.server.lowlevel.server: Processing request of type CallToolRequest
2026-06-03 19:08:22,480 [MainThread] INFO mcp.server.lowlevel.server: Processing request of type CallToolRequest
2026-06-03 19:08:22,485 [AnyIO worker thread] INFO mulder.server.app: Opening case database for 'SRL-2018' ...
2026-06-03 19:08:22,509 [AnyIO worker thread] INFO mulder.server.app: Server context ready for case 'SRL-2018'
2026-06-03 19:08:29,285 [MainThread] INFO mcp.server.lowlevel.server: Processing request of type CallToolRequest
2026-06-03 19:08:29,718 [MainThread] INFO mcp.server.lowlevel.server: Processing request of type CallToolRequest
2026-06-03 19:08:30,616 [MainThread] INFO mcp.server.lowlevel.server: Processing request of type CallToolRequest
2026-06-03 19:08:30,890 [MainThread] INFO mcp.server.lowlevel.server: Processing request of type CallToolRequest
2026-06-03 19:08:38,410 [MainThread] INFO mcp.server.lowlevel.server: Processing request of type CallToolRequest
2026-06-03 19:08:39,499 [MainThread] INFO mcp.server.lowlevel.server: Processing request of type CallToolRequest
2026-06-03 19:08:49,015 [MainThread] INFO mcp.server.lowlevel.server: Processing request of type CallToolRequest
2026-06-03 19:09:42,890 [MainThread] INFO mulder.server.app: Mulder MCP server ready (db_dir=/home/mulder/.mulder/cases)
2026-06-03 19:09:42,905 [MainThread] INFO mcp.server.lowlevel.server: Processing request of type CallToolRequest
2026-06-03 19:09:42,911 [MainThread] INFO mcp.server.lowlevel.server: Processing request of type CallToolRequest
2026-06-03 19:09:42,915 [MainThread] INFO mcp.server.lowlevel.server: Processing request of type CallToolRequest
2026-06-03 19:09:42,919 [MainThread] INFO mcp.server.lowlevel.server: Processing request of type CallToolRequest
2026-06-03 19:09:42,923 [MainThread] INFO mcp.server.lowlevel.server: Processing request of type CallToolRequest
2026-06-03 19:09:42,928 [MainThread] INFO mcp.server.lowlevel.server: Processing request of type CallToolRequest
2026-06-03 19:09:42,932 [MainThread] INFO mcp.server.lowlevel.server: Processing request of type CallToolRequest
2026-06-03 19:09:49,208 [MainThread] INFO mcp.server.lowlevel.server: Processing request of type CallToolRequest
2026-06-03 19:09:49,214 [AnyIO worker thread] INFO mulder.server.app: Opening case database for 'SRL-2018' ...
2026-06-03 19:09:49,269 [AnyIO worker thread] INFO mulder.server.app: Server context ready for case 'SRL-2018'
2026-06-03 19:09:54,264 [MainThread] INFO mcp.server.lowlevel.server: Processing request of type CallToolRequest
2026-06-03 19:10:49,571 [MainThread] INFO mulder.server.app: Mulder MCP server ready (db_dir=/home/mulder/.mulder/cases)
2026-06-03 19:10:49,601 [MainThread] INFO mcp.server.lowlevel.server: Processing request of type CallToolRequest
2026-06-03 19:10:49,615 [MainThread] INFO mcp.server.lowlevel.server: Processing request of type CallToolRequest
2026-06-03 19:10:49,620 [MainThread] INFO mcp.server.lowlevel.server: Processing request of type CallToolRequest
2026-06-03 19:10:55,708 [MainThread] INFO mcp.server.lowlevel.server: Processing request of type CallToolRequest
2026-06-03 19:10:55,714 [AnyIO worker thread] INFO mulder.server.app: Opening case database for 'SRL-2018' ...
2026-06-03 19:10:55,765 [AnyIO worker thread] INFO mulder.server.app: Server context ready for case 'SRL-2018'
2026-06-03 19:10:59,490 [MainThread] INFO mcp.server.lowlevel.server: Processing request of type CallToolRequest
2026-06-03 19:11:51,131 [MainThread] INFO mulder.server.app: Mulder MCP server ready (db_dir=/home/mulder/.mulder/cases)
2026-06-03 19:11:51,147 [MainThread] INFO mcp.server.lowlevel.server: Processing request of type CallToolRequest
2026-06-03 19:11:51,149 [AnyIO worker thread] INFO mulder.server.app: Opening case database for 'SRL-2018' ...
2026-06-03 19:11:51,177 [AnyIO worker thread] INFO mulder.server.app: Server context ready for case 'SRL-2018'
2026-06-03 19:11:54,946 [MainThread] INFO mcp.server.lowlevel.server: Processing request of type CallToolRequest
2026-06-03 19:12:02,588 [MainThread] INFO mcp.server.lowlevel.server: Processing request of type CallToolRequest
2026-06-03 19:12:09,197 [MainThread] INFO mcp.server.lowlevel.server: Processing request of type CallToolRequest
2026-06-03 19:12:16,091 [MainThread] INFO mcp.server.lowlevel.server: Processing request of type CallToolRequest
2026-06-03 19:12:21,817 [MainThread] INFO mcp.server.lowlevel.server: Processing request of type CallToolRequest
2026-06-03 19:12:28,361 [MainThread] INFO mcp.server.lowlevel.server: Processing request of type CallToolRequest
2026-06-03 19:12:35,118 [MainThread] INFO mcp.server.lowlevel.server: Processing request of type CallToolRequest
2026-06-03 19:12:42,422 [MainThread] INFO mcp.server.lowlevel.server: Processing request of type CallToolRequest
2026-06-03 19:12:42,425 [AnyIO worker thread] INFO mulder.server.app: Opening case database for 'SRL-2018' ...
2026-06-03 19:12:42,446 [AnyIO worker thread] INFO mulder.server.app: Server context ready for case 'SRL-2018'
2026-06-03 19:12:46,591 [MainThread] INFO mcp.server.lowlevel.server: Processing request of type CallToolRequest
2026-06-03 19:13:54,534 [MainThread] INFO mulder.server.app: Mulder MCP server ready (db_dir=/home/mulder/.mulder/cases)
2026-06-03 19:13:54,552 [MainThread] INFO mcp.server.lowlevel.server: Processing request of type ListToolsRequest
2026-06-03 19:13:54,554 [MainThread] INFO mcp.server.lowlevel.server: Processing request of type ListPromptsRequest
2026-06-03 19:13:54,555 [MainThread] INFO mcp.server.lowlevel.server: Processing request of type ListResourcesRequest
2026-06-03 19:13:59,901 [MainThread] INFO mcp.server.lowlevel.server: Processing request of type CallToolRequest
2026-06-03 19:13:59,927 [MainThread] INFO mcp.server.lowlevel.server: Processing request of type CallToolRequest
2026-06-03 19:14:03,770 [MainThread] INFO mcp.server.lowlevel.server: Processing request of type CallToolRequest
2026-06-03 19:14:03,778 [AnyIO worker thread] INFO mulder.server.app: Opening case database for 'SRL-2018' ...
2026-06-03 19:14:03,812 [AnyIO worker thread] INFO mulder.server.app: Server context ready for case 'SRL-2018'
2026-06-03 19:14:07,855 [MainThread] INFO mcp.server.lowlevel.server: Processing request of type CallToolRequest
2026-06-03 19:14:07,972 [MainThread] INFO mcp.server.lowlevel.server: Processing request of type CallToolRequest
2026-06-03 19:14:25,808 [MainThread] INFO mcp.server.lowlevel.server: Processing request of type CallToolRequest
2026-06-03 19:14:26,652 [MainThread] INFO mcp.server.lowlevel.server: Processing request of type CallToolRequest
2026-06-03 19:14:44,258 [MainThread] INFO mcp.server.lowlevel.server: Processing request of type CallToolRequest
2026-06-03 19:15:04,388 [MainThread] INFO mcp.server.lowlevel.server: Processing request of type CallToolRequest
2026-06-03 19:15:18,693 [MainThread] INFO mcp.server.lowlevel.server: Processing request of type CallToolRequest
2026-06-03 19:15:33,094 [MainThread] INFO mcp.server.lowlevel.server: Processing request of type CallToolRequest
2026-06-03 19:15:38,566 [MainThread] INFO mcp.server.lowlevel.server: Processing request of type CallToolRequest
2026-06-03 19:16:01,506 [MainThread] INFO mcp.server.lowlevel.server: Processing request of type CallToolRequest
2026-06-03 19:16:16,838 [MainThread] INFO mcp.server.lowlevel.server: Processing request of type CallToolRequest
2026-06-03 19:16:32,940 [MainThread] INFO mcp.server.lowlevel.server: Processing request of type CallToolRequest
2026-06-03 19:16:54,391 [MainThread] INFO mcp.server.lowlevel.server: Processing request of type CallToolRequest
2026-06-03 19:17:38,477 [MainThread] INFO mcp.server.lowlevel.server: Processing request of type CallToolRequest
2026-06-03 19:17:58,113 [MainThread] INFO mcp.server.lowlevel.server: Processing request of type CallToolRequest
2026-06-03 19:17:58,303 [MainThread] INFO mcp.server.lowlevel.server: Processing request of type CallToolRequest
2026-06-03 19:18:19,815 [MainThread] INFO mcp.server.lowlevel.server: Processing request of type CallToolRequest
2026-06-03 19:18:28,000 [MainThread] INFO mcp.server.lowlevel.server: Processing request of type CallToolRequest
2026-06-03 19:18:28,999 [MainThread] INFO mcp.server.lowlevel.server: Processing request of type CallToolRequest
2026-06-03 19:18:29,192 [AnyIO worker thread] INFO mulder.server.tools.attack: Loaded 97 ICS ATT&CK techniques from /opt/attack/ics-attack.json
2026-06-03 19:18:29,193 [AnyIO worker thread] INFO mulder.server.tools.attack: Loaded 794 total ATT&CK techniques
2026-06-03 19:18:29,216 [MainThread] INFO mcp.server.lowlevel.server: Processing request of type CallToolRequest
2026-06-03 19:19:02,031 [MainThread] INFO mcp.server.lowlevel.server: Processing request of type CallToolRequest
2026-06-03 19:19:21,212 [MainThread] INFO mcp.server.lowlevel.server: Processing request of type CallToolRequest
2026-06-03 19:19:37,938 [MainThread] INFO mcp.server.lowlevel.server: Processing request of type CallToolRequest
2026-06-03 19:19:59,465 [MainThread] INFO mcp.server.lowlevel.server: Processing request of type CallToolRequest
2026-06-03 19:20:05,400 [MainThread] INFO mcp.server.lowlevel.server: Processing request of type CallToolRequest
2026-06-03 19:20:08,950 [MainThread] INFO mcp.server.lowlevel.server: Processing request of type CallToolRequest
2026-06-03 19:20:09,760 [MainThread] INFO mcp.server.lowlevel.server: Processing request of type CallToolRequest
2026-06-03 19:20:35,376 [MainThread] INFO mcp.server.lowlevel.server: Processing request of type CallToolRequest
2026-06-03 19:20:46,247 [MainThread] INFO mcp.server.lowlevel.server: Processing request of type CallToolRequest
2026-06-03 19:20:56,406 [MainThread] INFO mcp.server.lowlevel.server: Processing request of type CallToolRequest
2026-06-03 19:21:13,826 [MainThread] INFO mcp.server.lowlevel.server: Processing request of type CallToolRequest
2026-06-03 19:21:21,948 [MainThread] INFO mcp.server.lowlevel.server: Processing request of type CallToolRequest
2026-06-03 19:21:22,753 [MainThread] INFO mcp.server.lowlevel.server: Processing request of type CallToolRequest
2026-06-03 19:21:47,770 [MainThread] INFO mcp.server.lowlevel.server: Processing request of type CallToolRequest
2026-06-03 19:21:47,809 [MainThread] INFO mcp.server.lowlevel.server: Processing request of type CallToolRequest
2026-06-03 19:21:52,853 [MainThread] INFO mcp.server.lowlevel.server: Processing request of type CallToolRequest
2026-06-03 19:23:07,375 [MainThread] INFO mcp.server.lowlevel.server: Processing request of type CallToolRequest
2026-06-03 19:23:13,722 [MainThread] INFO mcp.server.lowlevel.server: Processing request of type CallToolRequest
2026-06-03 19:23:33,791 [MainThread] INFO mcp.server.lowlevel.server: Processing request of type CallToolRequest
2026-06-03 19:23:40,828 [MainThread] INFO mcp.server.lowlevel.server: Processing request of type CallToolRequest
2026-06-03 19:23:44,855 [MainThread] INFO mcp.server.lowlevel.server: Processing request of type CallToolRequest
2026-06-03 19:24:57,211 [MainThread] INFO mulder.server.app: Mulder MCP server ready (db_dir=/home/mulder/.mulder/cases)
2026-06-03 19:24:57,237 [MainThread] INFO mcp.server.lowlevel.server: Processing request of type ListToolsRequest
2026-06-03 19:24:57,239 [MainThread] INFO mcp.server.lowlevel.server: Processing request of type ListPromptsRequest
2026-06-03 19:24:57,240 [MainThread] INFO mcp.server.lowlevel.server: Processing request of type ListResourcesRequest
2026-06-03 19:25:05,838 [MainThread] INFO mcp.server.lowlevel.server: Processing request of type CallToolRequest
2026-06-03 19:25:09,871 [MainThread] INFO mcp.server.lowlevel.server: Processing request of type CallToolRequest
2026-06-03 19:25:09,874 [AnyIO worker thread] INFO mulder.server.app: Opening case database for 'SRL-2018' ...
2026-06-03 19:25:09,899 [AnyIO worker thread] INFO mulder.server.app: Server context ready for case 'SRL-2018'
2026-06-03 19:25:14,724 [MainThread] INFO mcp.server.lowlevel.server: Processing request of type CallToolRequest
2026-06-03 19:25:17,192 [MainThread] INFO mcp.server.lowlevel.server: Processing request of type CallToolRequest
2026-06-03 19:25:17,235 [MainThread] INFO mcp.server.lowlevel.server: Processing request of type CallToolRequest
2026-06-03 19:25:32,155 [MainThread] INFO mcp.server.lowlevel.server: Processing request of type CallToolRequest
2026-06-03 19:26:33,768 [MainThread] INFO mcp.server.lowlevel.server: Processing request of type CallToolRequest
2026-06-03 19:26:34,733 [MainThread] INFO mcp.server.lowlevel.server: Processing request of type CallToolRequest
2026-06-03 19:26:35,647 [MainThread] INFO mcp.server.lowlevel.server: Processing request of type CallToolRequest
2026-06-03 19:26:44,035 [MainThread] INFO mcp.server.lowlevel.server: Processing request of type CallToolRequest
2026-06-03 19:26:44,940 [MainThread] INFO mcp.server.lowlevel.server: Processing request of type CallToolRequest
2026-06-03 19:26:45,285 [MainThread] INFO mcp.server.lowlevel.server: Processing request of type CallToolRequest
2026-06-03 19:28:50,188 [MainThread] INFO mulder.server.app: Mulder MCP server ready (db_dir=/home/mulder/.mulder/cases)
2026-06-03 19:28:50,208 [MainThread] INFO mcp.server.lowlevel.server: Processing request of type ListToolsRequest
2026-06-03 19:28:50,210 [MainThread] INFO mcp.server.lowlevel.server: Processing request of type ListPromptsRequest
2026-06-03 19:28:50,211 [MainThread] INFO mcp.server.lowlevel.server: Processing request of type ListResourcesRequest
2026-06-03 19:28:55,977 [MainThread] INFO mcp.server.lowlevel.server: Processing request of type CallToolRequest
2026-06-03 19:28:55,979 [AnyIO worker thread] INFO mulder.server.app: Opening case database for 'SRL-2018' ...
2026-06-03 19:28:56,016 [AnyIO worker thread] INFO mulder.server.app: Server context ready for case 'SRL-2018'
2026-06-03 19:29:03,739 [MainThread] INFO mcp.server.lowlevel.server: Processing request of type CallToolRequest
2026-06-03 19:29:05,582 [MainThread] INFO mcp.server.lowlevel.server: Processing request of type CallToolRequest
2026-06-03 19:29:06,047 [MainThread] INFO mcp.server.lowlevel.server: Processing request of type CallToolRequest
2026-06-03 19:29:08,034 [MainThread] INFO mcp.server.lowlevel.server: Processing request of type CallToolRequest
2026-06-03 19:29:08,146 [MainThread] INFO mcp.server.lowlevel.server: Processing request of type CallToolRequest
2026-06-03 19:29:08,764 [MainThread] INFO mcp.server.lowlevel.server: Processing request of type CallToolRequest
2026-06-03 19:29:08,771 [AnyIO worker thread] WARNING mulder.db: FTS5 COUNT failed for query 'temp\\\\registry', returning 0
Traceback (most recent call last):
  File "/usr/local/lib/python3.12/dist-packages/sqlalchemy/engine/base.py", line 1969, in _exec_single_context
    self.dialect.do_execute(
  File "/usr/local/lib/python3.12/dist-packages/sqlalchemy/engine/default.py", line 952, in do_execute
    cursor.execute(statement, parameters)
sqlite3.OperationalError: fts5: syntax error near "\"

The above exception was the direct cause of the following exception:

Traceback (most recent call last):
  File "/app/src/mulder/db.py", line 699, in count_search_windows
    result = conn.execute(stmt, {"q": safe_query}).scalar()
             ^^^^^^^^^^^^^^^^^^^^^^^^^^^^^^^^^^^^^
  File "/usr/local/lib/python3.12/dist-packages/sqlalchemy/engine/base.py", line 1421, in execute
    return meth(
           ^^^^^
  File "/usr/local/lib/python3.12/dist-packages/sqlalchemy/sql/elements.py", line 526, in _execute_on_connection
    return connection._execute_clauseelement(
           ^^^^^^^^^^^^^^^^^^^^^^^^^^^^^^^^^^
  File "/usr/local/lib/python3.12/dist-packages/sqlalchemy/engine/base.py", line 1643, in _execute_clauseelement
    ret = self._execute_context(
          ^^^^^^^^^^^^^^^^^^^^^^
  File "/usr/local/lib/python3.12/dist-packages/sqlalchemy/engine/base.py", line 1848, in _execute_context
    return self._exec_single_context(
           ^^^^^^^^^^^^^^^^^^^^^^^^^^
  File "/usr/local/lib/python3.12/dist-packages/sqlalchemy/engine/base.py", line 1988, in _exec_single_context
    self._handle_dbapi_exception(
  File "/usr/local/lib/python3.12/dist-packages/sqlalchemy/engine/base.py", line 2365, in _handle_dbapi_exception
    raise sqlalchemy_exception.with_traceback(exc_info[2]) from e
  File "/usr/local/lib/python3.12/dist-packages/sqlalchemy/engine/base.py", line 1969, in _exec_single_context
    self.dialect.do_execute(
  File "/usr/local/lib/python3.12/dist-packages/sqlalchemy/engine/default.py", line 952, in do_execute
    cursor.execute(statement, parameters)
sqlalchemy.exc.OperationalError: (sqlite3.OperationalError) fts5: syntax error near "\"
[SQL: SELECT count(*) AS count_1 
FROM windows JOIN sources ON windows.source_id = sources.source_id 
WHERE windows.window_id IN (SELECT rowid 
FROM windows_fts 
WHERE windows_fts MATCH ?) AND (sources.source_name = ? OR sources.source_name LIKE ?)]
[parameters: ('temp\\\\registry', 'ez.mft', 'ez.mft.%')]
(Background on this error at: https://sqlalche.me/e/20/e3q8)
2026-06-03 19:29:09,206 [AnyIO worker thread] WARNING mulder.db: FTS5 MATCH failed for query 'temp\\\\registry', returning empty
Traceback (most recent call last):
  File "/usr/local/lib/python3.12/dist-packages/sqlalchemy/engine/base.py", line 1969, in _exec_single_context
    self.dialect.do_execute(
  File "/usr/local/lib/python3.12/dist-packages/sqlalchemy/engine/default.py", line 952, in do_execute
    cursor.execute(statement, parameters)
sqlite3.OperationalError: fts5: syntax error near "\"

The above exception was the direct cause of the following exception:

Traceback (most recent call last):
  File "/app/src/mulder/db.py", line 615, in search_windows
    rows = conn.execute(stmt, {"q": safe_query}).fetchall()
           ^^^^^^^^^^^^^^^^^^^^^^^^^^^^^^^^^^^^^
  File "/usr/local/lib/python3.12/dist-packages/sqlalchemy/engine/base.py", line 1421, in execute
    return meth(
           ^^^^^
  File "/usr/local/lib/python3.12/dist-packages/sqlalchemy/sql/elements.py", line 526, in _execute_on_connection
    return connection._execute_clauseelement(
           ^^^^^^^^^^^^^^^^^^^^^^^^^^^^^^^^^^
  File "/usr/local/lib/python3.12/dist-packages/sqlalchemy/engine/base.py", line 1643, in _execute_clauseelement
    ret = self._execute_context(
          ^^^^^^^^^^^^^^^^^^^^^^
  File "/usr/local/lib/python3.12/dist-packages/sqlalchemy/engine/base.py", line 1848, in _execute_context
    return self._exec_single_context(
           ^^^^^^^^^^^^^^^^^^^^^^^^^^
  File "/usr/local/lib/python3.12/dist-packages/sqlalchemy/engine/base.py", line 1988, in _exec_single_context
    self._handle_dbapi_exception(
  File "/usr/local/lib/python3.12/dist-packages/sqlalchemy/engine/base.py", line 2365, in _handle_dbapi_exception
    raise sqlalchemy_exception.with_traceback(exc_info[2]) from e
  File "/usr/local/lib/python3.12/dist-packages/sqlalchemy/engine/base.py", line 1969, in _exec_single_context
    self.dialect.do_execute(
  File "/usr/local/lib/python3.12/dist-packages/sqlalchemy/engine/default.py", line 952, in do_execute
    cursor.execute(statement, parameters)
sqlalchemy.exc.OperationalError: (sqlite3.OperationalError) fts5: syntax error near "\"
[SQL: SELECT windows.window_id, windows.source_id, windows.line_start, windows.line_end, windows.event_time, windows.raw_text, sources.source_name 
FROM windows JOIN sources ON windows.source_id = sources.source_id 
WHERE windows.window_id IN (SELECT rowid 
FROM windows_fts 
WHERE windows_fts MATCH ?) AND (sources.source_name = ? OR sources.source_name LIKE ?) ORDER BY windows.event_time ASC NULLS LAST
 LIMIT ? OFFSET ?]
[parameters: ('temp\\\\registry', 'ez.mft', 'ez.mft.%', 10, 0)]
(Background on this error at: https://sqlalche.me/e/20/e3q8)
2026-06-03 19:29:11,270 [MainThread] INFO mcp.server.lowlevel.server: Processing request of type CallToolRequest
2026-06-03 19:29:11,592 [MainThread] INFO mcp.server.lowlevel.server: Processing request of type CallToolRequest
2026-06-03 19:29:12,122 [MainThread] INFO mcp.server.lowlevel.server: Processing request of type CallToolRequest
2026-06-03 19:29:12,529 [MainThread] INFO mcp.server.lowlevel.server: Processing request of type CallToolRequest
2026-06-03 19:29:12,946 [MainThread] INFO mcp.server.lowlevel.server: Processing request of type CallToolRequest
2026-06-03 19:29:13,866 [MainThread] INFO mcp.server.lowlevel.server: Processing request of type CallToolRequest
2026-06-03 19:29:14,696 [MainThread] INFO mcp.server.lowlevel.server: Processing request of type CallToolRequest
2026-06-03 19:29:15,660 [MainThread] INFO mcp.server.lowlevel.server: Processing request of type CallToolRequest
2026-06-03 19:29:16,075 [MainThread] INFO mcp.server.lowlevel.server: Processing request of type CallToolRequest
2026-06-03 19:29:17,001 [MainThread] INFO mcp.server.lowlevel.server: Processing request of type CallToolRequest
2026-06-03 19:29:17,430 [MainThread] INFO mcp.server.lowlevel.server: Processing request of type CallToolRequest
2026-06-03 19:29:18,304 [MainThread] INFO mcp.server.lowlevel.server: Processing request of type CallToolRequest
2026-06-03 19:29:18,799 [MainThread] INFO mcp.server.lowlevel.server: Processing request of type CallToolRequest
2026-06-03 19:29:21,576 [MainThread] INFO mcp.server.lowlevel.server: Processing request of type CallToolRequest
2026-06-03 19:29:21,837 [MainThread] INFO mcp.server.lowlevel.server: Processing request of type CallToolRequest
2026-06-03 19:29:21,981 [MainThread] INFO mcp.server.lowlevel.server: Processing request of type CallToolRequest
2026-06-03 19:29:43,354 [MainThread] INFO mcp.server.lowlevel.server: Processing request of type CallToolRequest
2026-06-03 19:29:43,380 [MainThread] INFO mcp.server.lowlevel.server: Processing request of type CallToolRequest
2026-06-03 19:29:43,494 [MainThread] INFO mcp.server.lowlevel.server: Processing request of type CallToolRequest
2026-06-03 19:30:30,198 [MainThread] INFO mulder.server.app: Mulder MCP server ready (db_dir=/home/mulder/.mulder/cases)
2026-06-03 19:30:30,216 [MainThread] INFO mcp.server.lowlevel.server: Processing request of type ListToolsRequest
2026-06-03 19:30:30,218 [MainThread] INFO mcp.server.lowlevel.server: Processing request of type ListPromptsRequest
2026-06-03 19:30:30,220 [MainThread] INFO mcp.server.lowlevel.server: Processing request of type ListResourcesRequest
2026-06-03 19:30:37,445 [MainThread] INFO mcp.server.lowlevel.server: Processing request of type CallToolRequest
2026-06-03 19:30:41,339 [MainThread] INFO mcp.server.lowlevel.server: Processing request of type CallToolRequest
2026-06-03 19:30:41,342 [AnyIO worker thread] INFO mulder.server.app: Opening case database for 'SRL-2018' ...
2026-06-03 19:30:41,363 [AnyIO worker thread] INFO mulder.server.app: Server context ready for case 'SRL-2018'
2026-06-03 19:30:47,700 [MainThread] INFO mcp.server.lowlevel.server: Processing request of type CallToolRequest
2026-06-03 19:30:47,744 [MainThread] INFO mcp.server.lowlevel.server: Processing request of type CallToolRequest
2026-06-03 19:30:53,614 [MainThread] INFO mcp.server.lowlevel.server: Processing request of type CallToolRequest
2026-06-03 19:30:53,652 [MainThread] INFO mcp.server.lowlevel.server: Processing request of type CallToolRequest
2026-06-03 19:31:01,764 [MainThread] INFO mcp.server.lowlevel.server: Processing request of type CallToolRequest
2026-06-03 19:31:02,765 [MainThread] INFO mcp.server.lowlevel.server: Processing request of type CallToolRequest
2026-06-03 19:31:03,299 [MainThread] INFO mcp.server.lowlevel.server: Processing request of type CallToolRequest
2026-06-03 19:31:03,610 [MainThread] INFO mcp.server.lowlevel.server: Processing request of type CallToolRequest
2026-06-03 19:31:12,269 [MainThread] INFO mcp.server.lowlevel.server: Processing request of type CallToolRequest
2026-06-03 19:31:13,694 [MainThread] INFO mcp.server.lowlevel.server: Processing request of type CallToolRequest
2026-06-03 19:31:14,738 [MainThread] INFO mcp.server.lowlevel.server: Processing request of type CallToolRequest
2026-06-03 19:31:24,132 [MainThread] INFO mcp.server.lowlevel.server: Processing request of type CallToolRequest
2026-06-03 19:31:25,088 [MainThread] INFO mcp.server.lowlevel.server: Processing request of type CallToolRequest
2026-06-03 19:31:25,568 [MainThread] INFO mcp.server.lowlevel.server: Processing request of type CallToolRequest
2026-06-03 19:32:47,100 [MainThread] INFO mcp.server.lowlevel.server: Processing request of type CallToolRequest
2026-06-03 19:33:06,356 [MainThread] INFO mcp.server.lowlevel.server: Processing request of type CallToolRequest
2026-06-03 19:33:06,378 [MainThread] INFO mcp.server.lowlevel.server: Processing request of type CallToolRequest
2026-06-03 19:33:33,404 [MainThread] INFO mcp.server.lowlevel.server: Processing request of type CallToolRequest
2026-06-03 19:33:33,584 [MainThread] INFO mcp.server.lowlevel.server: Processing request of type CallToolRequest
2026-06-03 19:34:21,180 [MainThread] INFO mcp.server.lowlevel.server: Processing request of type CallToolRequest
2026-06-03 19:34:35,109 [MainThread] INFO mcp.server.lowlevel.server: Processing request of type CallToolRequest
2026-06-03 19:34:48,082 [MainThread] INFO mcp.server.lowlevel.server: Processing request of type CallToolRequest
2026-06-03 19:35:04,724 [MainThread] INFO mcp.server.lowlevel.server: Processing request of type CallToolRequest
2026-06-03 19:35:18,425 [MainThread] INFO mcp.server.lowlevel.server: Processing request of type CallToolRequest
2026-06-03 19:35:30,087 [MainThread] INFO mcp.server.lowlevel.server: Processing request of type CallToolRequest
2026-06-03 19:35:43,980 [MainThread] INFO mcp.server.lowlevel.server: Processing request of type CallToolRequest
2026-06-03 19:35:51,111 [MainThread] INFO mcp.server.lowlevel.server: Processing request of type CallToolRequest
2026-06-03 19:36:04,156 [MainThread] INFO mcp.server.lowlevel.server: Processing request of type CallToolRequest
2026-06-03 19:36:37,616 [MainThread] INFO mcp.server.lowlevel.server: Processing request of type CallToolRequest
2026-06-03 19:37:08,371 [MainThread] INFO mcp.server.lowlevel.server: Processing request of type CallToolRequest
2026-06-03 19:37:39,885 [MainThread] INFO mulder.server.app: Mulder MCP server ready (db_dir=/home/mulder/.mulder/cases)
2026-06-03 19:37:39,905 [MainThread] INFO mcp.server.lowlevel.server: Processing request of type ListToolsRequest
2026-06-03 19:37:39,908 [MainThread] INFO mcp.server.lowlevel.server: Processing request of type ListPromptsRequest
2026-06-03 19:37:39,909 [MainThread] INFO mcp.server.lowlevel.server: Processing request of type ListResourcesRequest
2026-06-03 19:37:46,755 [MainThread] INFO mcp.server.lowlevel.server: Processing request of type CallToolRequest
2026-06-03 19:37:50,754 [MainThread] INFO mcp.server.lowlevel.server: Processing request of type CallToolRequest
2026-06-03 19:37:50,761 [AnyIO worker thread] INFO mulder.server.app: Opening case database for 'SRL-2018' ...
2026-06-03 19:37:50,783 [AnyIO worker thread] INFO mulder.server.app: Server context ready for case 'SRL-2018'
2026-06-03 19:37:55,373 [MainThread] INFO mcp.server.lowlevel.server: Processing request of type CallToolRequest
2026-06-03 19:37:57,821 [MainThread] INFO mcp.server.lowlevel.server: Processing request of type CallToolRequest
2026-06-03 19:37:57,861 [MainThread] INFO mcp.server.lowlevel.server: Processing request of type CallToolRequest
2026-06-03 19:38:21,300 [MainThread] INFO mcp.server.lowlevel.server: Processing request of type CallToolRequest
2026-06-03 19:38:21,369 [MainThread] INFO mcp.server.lowlevel.server: Processing request of type CallToolRequest
2026-06-03 19:42:46,061 [MainThread] INFO mcp.server.lowlevel.server: Processing request of type CallToolRequest
2026-06-03 19:42:51,679 [MainThread] INFO mcp.server.lowlevel.server: Processing request of type CallToolRequest
2026-06-03 19:42:57,184 [MainThread] INFO mcp.server.lowlevel.server: Processing request of type CallToolRequest
