2026-06-06 19:04:33,258 [MainThread] INFO mulder.server.app: Mulder MCP server ready (db_dir=/home/mulder/.mulder/cases)
2026-06-06 19:04:33,280 [MainThread] INFO mcp.server.lowlevel.server: Processing request of type ListToolsRequest
2026-06-06 19:04:33,283 [MainThread] INFO mcp.server.lowlevel.server: Processing request of type ListPromptsRequest
2026-06-06 19:04:33,285 [MainThread] INFO mcp.server.lowlevel.server: Processing request of type ListResourcesRequest
2026-06-06 19:04:38,753 [MainThread] INFO mcp.server.lowlevel.server: Processing request of type CallToolRequest
2026-06-06 19:04:38,760 [AnyIO worker thread] INFO mulder.server.app: Creating empty case database for 'ndlc' ...
2026-06-06 19:04:38,818 [AnyIO worker thread] INFO mulder.server.app: Server context ready for case 'ndlc'
2026-06-06 19:05:04,500 [MainThread] INFO mcp.server.lowlevel.server: Processing request of type CallToolRequest
2026-06-06 19:05:04,528 [AnyIO worker thread] INFO mulder.server.jobs: Submitted batch bg_cadb805b with 4 jobs: ['extract_archive', 'extract_archive', 'extract_archive', 'extract_archive']
2026-06-06 19:05:09,039 [MainThread] INFO mcp.server.lowlevel.server: Processing request of type CallToolRequest
2026-06-06 19:05:10,711 [mulder-job_2] INFO mulder.server.jobs: Job job_b3b0b405 (extract_archive) completed
2026-06-06 19:05:10,713 [mulder-job_2] INFO mulder.server.jobs: [JOB_COMPLETE] extract_archive|completed|
2026-06-06 19:05:12,633 [mulder-job_1] INFO mulder.server.jobs: Job job_8c91c0f8 (extract_archive) completed
2026-06-06 19:05:12,634 [mulder-job_1] INFO mulder.server.jobs: [JOB_COMPLETE] extract_archive|completed|
2026-06-06 19:05:38,537 [mulder-job_0] INFO mulder.server.jobs: Job job_e33fa763 (extract_archive) completed
2026-06-06 19:05:38,545 [mulder-job_0] INFO mulder.server.jobs: [JOB_COMPLETE] extract_archive|completed|
2026-06-06 19:10:11,836 [mulder-job_3] INFO mulder.server.jobs: Job job_1833228c (extract_archive) completed
2026-06-06 19:10:11,842 [mulder-job_3] INFO mulder.server.jobs: [JOB_COMPLETE] extract_archive|completed|
2026-06-06 19:10:17,037 [MainThread] INFO mcp.server.lowlevel.server: Processing request of type CallToolRequest
2026-06-06 19:10:21,318 [MainThread] INFO mcp.server.lowlevel.server: Processing request of type CallToolRequest
2026-06-06 19:10:21,363 [MainThread] INFO mcp.server.lowlevel.server: Processing request of type CallToolRequest
2026-06-06 19:10:28,178 [MainThread] INFO mcp.server.lowlevel.server: Processing request of type CallToolRequest
2026-06-06 19:10:37,740 [MainThread] INFO mcp.server.lowlevel.server: Processing request of type CallToolRequest
2026-06-06 19:10:42,194 [MainThread] INFO mcp.server.lowlevel.server: Processing request of type CallToolRequest
2026-06-06 19:10:42,261 [MainThread] INFO mcp.server.lowlevel.server: Processing request of type CallToolRequest
2026-06-06 19:11:14,908 [MainThread] INFO mcp.server.lowlevel.server: Processing request of type CallToolRequest
2026-06-06 19:11:27,820 [MainThread] INFO mulder.server.app: Mulder MCP server ready (db_dir=/home/mulder/.mulder/cases)
2026-06-06 19:11:27,820 [MainThread] INFO mulder.server.app: Mulder MCP server ready (db_dir=/home/mulder/.mulder/cases)
2026-06-06 19:11:27,840 [MainThread] INFO mcp.server.lowlevel.server: Processing request of type ListToolsRequest
2026-06-06 19:11:27,840 [MainThread] INFO mcp.server.lowlevel.server: Processing request of type ListToolsRequest
2026-06-06 19:11:27,843 [MainThread] INFO mcp.server.lowlevel.server: Processing request of type ListPromptsRequest
2026-06-06 19:11:27,843 [MainThread] INFO mcp.server.lowlevel.server: Processing request of type ListPromptsRequest
2026-06-06 19:11:27,844 [MainThread] INFO mcp.server.lowlevel.server: Processing request of type ListResourcesRequest
2026-06-06 19:11:27,845 [MainThread] INFO mcp.server.lowlevel.server: Processing request of type ListResourcesRequest
2026-06-06 19:11:41,910 [MainThread] INFO mcp.server.lowlevel.server: Processing request of type CallToolRequest
2026-06-06 19:11:46,984 [MainThread] INFO mcp.server.lowlevel.server: Processing request of type CallToolRequest
2026-06-06 19:11:46,987 [AnyIO worker thread] WARNING mulder.server.tools.case: Overriding requested case_id 'RM1' with MULDER_CASE_ID='ndlc'
2026-06-06 19:11:47,032 [AnyIO worker thread] INFO mulder.server.app: Server context ready for case 'ndlc'
2026-06-06 19:12:01,681 [MainThread] INFO mcp.server.lowlevel.server: Processing request of type CallToolRequest
2026-06-06 19:12:01,683 [AnyIO worker thread] INFO mulder.server.app: Opening case database for 'ndlc' ...
2026-06-06 19:12:01,690 [AnyIO worker thread] INFO mulder.server.app: Server context ready for case 'ndlc'
2026-06-06 19:12:22,977 [MainThread] INFO mulder.server.app: Mulder MCP server ready (db_dir=/home/mulder/.mulder/cases)
2026-06-06 19:12:22,995 [MainThread] INFO mcp.server.lowlevel.server: Processing request of type ListToolsRequest
2026-06-06 19:12:22,997 [MainThread] INFO mcp.server.lowlevel.server: Processing request of type ListPromptsRequest
2026-06-06 19:12:22,998 [MainThread] INFO mcp.server.lowlevel.server: Processing request of type ListResourcesRequest
2026-06-06 19:12:30,781 [MainThread] INFO mcp.server.lowlevel.server: Processing request of type CallToolRequest
2026-06-06 19:12:30,820 [AnyIO worker thread] INFO mulder.server.app: Server context ready for case 'ndlc'
2026-06-06 19:12:36,484 [MainThread] INFO mcp.server.lowlevel.server: Processing request of type CallToolRequest
2026-06-06 19:12:36,737 [MainThread] INFO mcp.server.lowlevel.server: Processing request of type CallToolRequest
2026-06-06 19:12:36,738 [AnyIO worker thread] INFO mulder.server.app: Opening case database for 'ndlc' ...
2026-06-06 19:12:36,745 [AnyIO worker thread] INFO mulder.server.app: Server context ready for case 'ndlc'
2026-06-06 19:12:40,871 [MainThread] INFO mcp.server.lowlevel.server: Processing request of type CallToolRequest
2026-06-06 19:12:43,930 [MainThread] INFO mcp.server.lowlevel.server: Processing request of type CallToolRequest
2026-06-06 19:12:43,949 [AnyIO worker thread] INFO mulder.server.jobs: Submitted batch bg_ec37ff40 with 3 jobs: ['run_mmls', 'run_fls', 'run_bulk_extractor']
2026-06-06 19:12:44,017 [mulder-job_0] INFO mulder.server.jobs: Job job_69dd0794 (run_mmls) completed
2026-06-06 19:12:44,017 [mulder-job_0] INFO mulder.server.jobs: [JOB_COMPLETE] run_mmls|completed|
2026-06-06 19:12:44,042 [mulder-job_1] INFO mulder.server.tools.extract.tsk: run_fls: offset 0 failed, retrying with mmls-detected offset 32
2026-06-06 19:12:44,723 [MainThread] INFO mcp.server.lowlevel.server: Processing request of type CallToolRequest
2026-06-06 19:12:44,725 [AnyIO worker thread] INFO mulder.server.app: Opening case database for 'ndlc' ...
2026-06-06 19:12:44,730 [AnyIO worker thread] INFO mulder.server.app: Server context ready for case 'ndlc'
2026-06-06 19:12:48,093 [MainThread] INFO mcp.server.lowlevel.server: Processing request of type CallToolRequest
2026-06-06 19:12:51,717 [mulder-job_1] INFO mulder.server.jobs: Job job_98632f82 (run_fls) completed
2026-06-06 19:12:51,718 [mulder-job_1] INFO mulder.server.jobs: [JOB_COMPLETE] run_fls|completed|
2026-06-06 19:12:58,085 [mulder-job_2] INFO mulder.server.jobs: Job job_319a2ab4 (run_bulk_extractor) completed
2026-06-06 19:12:58,086 [mulder-job_2] INFO mulder.server.jobs: [JOB_COMPLETE] run_bulk_extractor|completed|
2026-06-06 19:13:02,305 [MainThread] INFO mcp.server.lowlevel.server: Processing request of type CallToolRequest
2026-06-06 19:13:10,483 [MainThread] INFO mcp.server.lowlevel.server: Processing request of type CallToolRequest
2026-06-06 19:13:10,495 [AnyIO worker thread] INFO mulder.server.jobs: Submitted batch bg_8e4af582 with 7 jobs: ['run_mft_parser', 'run_mactime', 'run_foremost', 'run_fsstat', 'yara_scan_files', 'run_exiftool', 'detect_steganography']
2026-06-06 19:13:10,505 [mulder-job_4] INFO mulder.server.tools.yara: Updated YARA rules: signature-base
2026-06-06 19:13:10,522 [mulder-job_6] INFO mulder.server.jobs: Job job_abc3df6e (detect_steganography) completed
2026-06-06 19:13:10,523 [mulder-job_6] INFO mulder.server.jobs: [JOB_COMPLETE] detect_steganography|completed|
2026-06-06 19:13:10,538 [mulder-job_3] WARNING mulder.server.tools.extract.misc: icat $MFT extraction failed (rc=1) for /evidence/cfreds_2015_data_leakage_rm1.E01; trying mount
2026-06-06 19:13:10,548 [mulder-job_3] WARNING mulder.extractors.disk: ewfmount failed on /evidence/cfreds_2015_data_leakage_rm1.E01: Command '['ewfmount', '/evidence/cfreds_2015_data_leakage_rm1.E01', '/tmp/mulder_mount_63s0amb4/_ewf']' returned non-zero exit status 1. No sub system to mount EWF format.

2026-06-06 19:13:10,559 [mulder-job_2] INFO mulder.server.jobs: Job job_72fe8422 (run_fsstat) completed
2026-06-06 19:13:10,560 [mulder-job_2] INFO mulder.server.jobs: [JOB_COMPLETE] run_fsstat|completed|
2026-06-06 19:13:10,594 [mulder-job_5] INFO mulder.server.jobs: Job job_75b8549b (run_exiftool) completed
2026-06-06 19:13:10,595 [mulder-job_5] INFO mulder.server.jobs: [JOB_COMPLETE] run_exiftool|completed|
2026-06-06 19:13:10,864 [mulder-job_3] WARNING mulder.extractors.disk: guestmount failed on E01 /evidence/cfreds_2015_data_leakage_rm1.E01: Command '['guestmount', '-a', '/evidence/cfreds_2015_data_leakage_rm1.E01', '-i', '--ro', '/tmp/mulder_mount_63s0amb4']' returned non-zero exit status 1.
2026-06-06 19:13:10,866 [mulder-job_3] ERROR mulder.extractors.disk: Could not mount E01 /evidence/cfreds_2015_data_leakage_rm1.E01 (tried ewfmount+mount and guestmount)
2026-06-06 19:13:10,869 [mulder-job_3] WARNING mulder.server.jobs: Job job_459255e3 (run_mft_parser) returned error: $MFT not found via TSK icat or mount
2026-06-06 19:13:10,869 [mulder-job_3] INFO mulder.server.jobs: [JOB_COMPLETE] run_mft_parser|failed|$MFT not found via TSK icat or mount
2026-06-06 19:13:11,414 [mulder-job_1] ERROR mulder.server.jobs: Job job_ff5de509 (run_foremost) failed
Traceback (most recent call last):
  File "/app/src/mulder/server/jobs.py", line 171, in _run_job
    result = fn(**job.args)
             ^^^^^^^^^^^^^^
  File "/app/src/mulder/server/tools/extract/carving.py", line 426, in run_foremost
    subprocess.run(
  File "/usr/lib/python3.12/subprocess.py", line 550, in run
    stdout, stderr = process.communicate(input, timeout=timeout)
                     ^^^^^^^^^^^^^^^^^^^^^^^^^^^^^^^^^^^^^^^^^^^
  File "/usr/lib/python3.12/subprocess.py", line 1209, in communicate
    stdout, stderr = self._communicate(input, endtime, timeout)
                     ^^^^^^^^^^^^^^^^^^^^^^^^^^^^^^^^^^^^^^^^^^
  File "/usr/lib/python3.12/subprocess.py", line 2153, in _communicate
    stdout = self._translate_newlines(stdout,
             ^^^^^^^^^^^^^^^^^^^^^^^^^^^^^^^^
  File "/usr/lib/python3.12/subprocess.py", line 1086, in _translate_newlines
    data = data.decode(encoding, errors)
           ^^^^^^^^^^^^^^^^^^^^^^^^^^^^^
UnicodeDecodeError: 'utf-8' codec can't decode byte 0x89 in position 30: invalid start byte
2026-06-06 19:13:11,605 [mulder-job_1] INFO mulder.server.jobs: [JOB_COMPLETE] run_foremost|failed|run_foremost failed: 'utf-8' codec can't decode byte 0x89 in position 30: invalid start byte
2026-06-06 19:13:13,451 [mulder-job_4] INFO mulder.server.tools.yara: YARA rule validation: 731/744 files valid (individual)
2026-06-06 19:13:14,813 [mulder-job_4] INFO mulder.server.jobs: Job job_5c7a78d4 (yara_scan_files) completed
2026-06-06 19:13:14,814 [mulder-job_4] INFO mulder.server.jobs: [JOB_COMPLETE] yara_scan_files|completed|
2026-06-06 19:13:16,223 [MainThread] INFO mcp.server.lowlevel.server: Processing request of type CallToolRequest
2026-06-06 19:13:17,926 [mulder-job_0] INFO mulder.server.jobs: Job job_2b414168 (run_mactime) completed
2026-06-06 19:13:17,927 [mulder-job_0] INFO mulder.server.jobs: [JOB_COMPLETE] run_mactime|completed|
2026-06-06 19:13:24,935 [MainThread] INFO mcp.server.lowlevel.server: Processing request of type CallToolRequest
2026-06-06 19:13:26,781 [MainThread] INFO mulder.server.app: Mulder MCP server ready (db_dir=/home/mulder/.mulder/cases)
2026-06-06 19:13:26,798 [MainThread] INFO mcp.server.lowlevel.server: Processing request of type ListToolsRequest
2026-06-06 19:13:26,801 [MainThread] INFO mcp.server.lowlevel.server: Processing request of type ListPromptsRequest
2026-06-06 19:13:26,801 [MainThread] INFO mcp.server.lowlevel.server: Processing request of type ListResourcesRequest
2026-06-06 19:13:31,148 [MainThread] INFO mcp.server.lowlevel.server: Processing request of type CallToolRequest
2026-06-06 19:13:31,155 [AnyIO worker thread] INFO mulder.server.jobs: Submitted batch bg_465ceec9 with 2 jobs: ['run_mft_parser', 'run_foremost']
2026-06-06 19:13:31,185 [mulder-job_6] WARNING mulder.server.tools.extract.misc: icat $MFT extraction failed (rc=1) for /evidence/cfreds_2015_data_leakage_rm1.E01; trying mount
2026-06-06 19:13:31,194 [mulder-job_6] WARNING mulder.extractors.disk: ewfmount failed on /evidence/cfreds_2015_data_leakage_rm1.E01: Command '['ewfmount', '/evidence/cfreds_2015_data_leakage_rm1.E01', '/tmp/mulder_mount_mhkpwpmr/_ewf']' returned non-zero exit status 1. No sub system to mount EWF format.

2026-06-06 19:13:31,358 [mulder-job_6] WARNING mulder.extractors.disk: guestmount failed on E01 /evidence/cfreds_2015_data_leakage_rm1.E01: Command '['guestmount', '-a', '/evidence/cfreds_2015_data_leakage_rm1.E01', '-i', '--ro', '/tmp/mulder_mount_mhkpwpmr']' returned non-zero exit status 1.
2026-06-06 19:13:31,359 [mulder-job_6] ERROR mulder.extractors.disk: Could not mount E01 /evidence/cfreds_2015_data_leakage_rm1.E01 (tried ewfmount+mount and guestmount)
2026-06-06 19:13:31,360 [mulder-job_6] WARNING mulder.server.jobs: Job job_ba2a2ddb (run_mft_parser) returned error: $MFT not found via TSK icat or mount
2026-06-06 19:13:31,361 [mulder-job_6] INFO mulder.server.jobs: [JOB_COMPLETE] run_mft_parser|failed|$MFT not found via TSK icat or mount
2026-06-06 19:13:32,022 [mulder-job_2] ERROR mulder.server.jobs: Job job_4a7e39bf (run_foremost) failed
Traceback (most recent call last):
  File "/app/src/mulder/server/jobs.py", line 171, in _run_job
    result = fn(**job.args)
             ^^^^^^^^^^^^^^
  File "/app/src/mulder/server/tools/extract/carving.py", line 426, in run_foremost
    subprocess.run(
  File "/usr/lib/python3.12/subprocess.py", line 550, in run
    stdout, stderr = process.communicate(input, timeout=timeout)
                     ^^^^^^^^^^^^^^^^^^^^^^^^^^^^^^^^^^^^^^^^^^^
  File "/usr/lib/python3.12/subprocess.py", line 1209, in communicate
    stdout, stderr = self._communicate(input, endtime, timeout)
                     ^^^^^^^^^^^^^^^^^^^^^^^^^^^^^^^^^^^^^^^^^^
  File "/usr/lib/python3.12/subprocess.py", line 2153, in _communicate
    stdout = self._translate_newlines(stdout,
             ^^^^^^^^^^^^^^^^^^^^^^^^^^^^^^^^
  File "/usr/lib/python3.12/subprocess.py", line 1086, in _translate_newlines
    data = data.decode(encoding, errors)
           ^^^^^^^^^^^^^^^^^^^^^^^^^^^^^
UnicodeDecodeError: 'utf-8' codec can't decode byte 0x89 in position 30: invalid start byte
2026-06-06 19:13:32,192 [mulder-job_2] INFO mulder.server.jobs: [JOB_COMPLETE] run_foremost|failed|run_foremost failed: 'utf-8' codec can't decode byte 0x89 in position 30: invalid start byte
2026-06-06 19:13:34,680 [MainThread] INFO mcp.server.lowlevel.server: Processing request of type CallToolRequest
2026-06-06 19:13:35,422 [MainThread] INFO mcp.server.lowlevel.server: Processing request of type CallToolRequest
2026-06-06 19:13:39,354 [MainThread] INFO mcp.server.lowlevel.server: Processing request of type CallToolRequest
2026-06-06 19:13:45,159 [MainThread] INFO mcp.server.lowlevel.server: Processing request of type CallToolRequest
2026-06-06 19:13:45,161 [AnyIO worker thread] INFO mulder.server.app: Opening case database for 'ndlc' ...
2026-06-06 19:13:45,169 [AnyIO worker thread] INFO mulder.server.app: Server context ready for case 'ndlc'
2026-06-06 19:13:47,759 [MainThread] INFO mulder.server.app: Mulder MCP server ready (db_dir=/home/mulder/.mulder/cases)
2026-06-06 19:13:47,776 [MainThread] INFO mcp.server.lowlevel.server: Processing request of type ListToolsRequest
2026-06-06 19:13:47,778 [MainThread] INFO mcp.server.lowlevel.server: Processing request of type ListPromptsRequest
2026-06-06 19:13:47,779 [MainThread] INFO mcp.server.lowlevel.server: Processing request of type ListResourcesRequest
2026-06-06 19:13:51,333 [MainThread] INFO mcp.server.lowlevel.server: Processing request of type CallToolRequest
2026-06-06 19:13:52,538 [MainThread] INFO mcp.server.lowlevel.server: Processing request of type CallToolRequest
2026-06-06 19:13:52,541 [AnyIO worker thread] INFO mulder.server.app: Opening case database for 'ndlc' ...
2026-06-06 19:13:52,567 [AnyIO worker thread] INFO mulder.server.app: Server context ready for case 'ndlc'
2026-06-06 19:13:55,847 [MainThread] INFO mcp.server.lowlevel.server: Processing request of type CallToolRequest
2026-06-06 19:13:55,868 [AnyIO worker thread] INFO mulder.server.jobs: Submitted batch bg_d49e88e4 with 3 jobs: ['run_volatility_batch', 'run_fls', 'run_bulk_extractor']
2026-06-06 19:13:55,997 [mulder-job_1] INFO mulder.server.tools.extract.tsk: run_fls: offset 0 failed, retrying with mmls-detected offset 206848
2026-06-06 19:13:56,305 [mulder-job_0] INFO mulder.server.tools.extract.volatility: Volatility batch: context built for '/home/mulder/.mulder/cases/extracted/cfreds_2015_data_leakage_pc.7z/cfreds_2015_data_leakage_pc.dd', running 17 plugins (timeout=2520s)
2026-06-06 19:13:56,307 [ThreadPoolExecutor-0_0] INFO volatility3.framework.automagic: Running automagic: SymbolCacheMagic
2026-06-06 19:13:56,324 [ThreadPoolExecutor-0_0] INFO volatility3.framework.automagic: Running automagic: ConstructionMagic
2026-06-06 19:13:56,337 [ThreadPoolExecutor-0_0] INFO volatility3.framework.automagic: Running automagic: LayerStacker
2026-06-06 19:13:56,742 [ThreadPoolExecutor-0_0] INFO volatility3.framework.automagic.linux: No Linux banners found - if this is a linux plugin, please check your symbol files location
2026-06-06 19:13:56,743 [ThreadPoolExecutor-0_0] INFO volatility3.framework.automagic.linux: No Linux banners found - if this is a linux plugin, please check your symbol files location
2026-06-06 19:13:56,744 [ThreadPoolExecutor-0_0] INFO volatility3.framework.automagic.mac: No Mac banners found - if this is a mac plugin, please check your symbol files location
2026-06-06 19:13:57,840 [ThreadPoolExecutor-0_0] INFO volatility3.framework.automagic: Running automagic: WinSwapLayers
2026-06-06 19:13:57,841 [ThreadPoolExecutor-0_0] INFO volatility3.framework.automagic: Running automagic: KernelPDBScanner
2026-06-06 19:13:57,842 [ThreadPoolExecutor-0_0] INFO volatility3.framework.automagic.pdbscan: No suitable kernels found during pdbscan
2026-06-06 19:13:57,843 [ThreadPoolExecutor-0_0] INFO volatility3.framework.automagic: Running automagic: SymbolFinder
2026-06-06 19:13:57,844 [ThreadPoolExecutor-0_0] INFO volatility3.framework.automagic: Running automagic: LinuxSymbolFinder
2026-06-06 19:13:57,845 [ThreadPoolExecutor-0_0] INFO volatility3.framework.automagic: Running automagic: MacSymbolFinder
2026-06-06 19:13:57,845 [ThreadPoolExecutor-0_0] INFO volatility3.framework.automagic: Running automagic: KernelModule
2026-06-06 19:13:57,846 [ThreadPoolExecutor-0_0] WARNING volatility3.framework.plugins: Automagic exception occurred: sqlite3.ProgrammingError: SQLite objects created in a thread can only be used in that same thread. The object was created in thread id 281473272578304 and this is thread id 281472873853184.
2026-06-06 19:13:57,847 [mulder-job_0] INFO mulder.server.tools.extract.volatility: Volatility batch: pslist -> error
2026-06-06 19:13:57,849 [ThreadPoolExecutor-1_0] INFO volatility3.framework.automagic: Running automagic: SymbolCacheMagic
2026-06-06 19:13:57,869 [ThreadPoolExecutor-1_0] INFO volatility3.framework.automagic: Running automagic: ConstructionMagic
2026-06-06 19:13:57,875 [ThreadPoolExecutor-1_0] INFO volatility3.framework.automagic: Running automagic: LayerStacker
2026-06-06 19:13:57,880 [ThreadPoolExecutor-1_0] INFO volatility3.framework.automagic.linux: No Linux banners found - if this is a linux plugin, please check your symbol files location
2026-06-06 19:13:57,881 [ThreadPoolExecutor-1_0] INFO volatility3.framework.automagic.linux: No Linux banners found - if this is a linux plugin, please check your symbol files location
2026-06-06 19:13:57,882 [ThreadPoolExecutor-1_0] INFO volatility3.framework.automagic.mac: No Mac banners found - if this is a mac plugin, please check your symbol files location
2026-06-06 19:13:58,027 [MainThread] INFO mcp.server.lowlevel.server: Processing request of type CallToolRequest
2026-06-06 19:13:58,965 [ThreadPoolExecutor-1_0] INFO volatility3.framework.automagic: Running automagic: WinSwapLayers
2026-06-06 19:13:58,967 [ThreadPoolExecutor-1_0] INFO volatility3.framework.automagic: Running automagic: KernelPDBScanner
2026-06-06 19:13:58,968 [ThreadPoolExecutor-1_0] INFO volatility3.framework.automagic.pdbscan: No suitable kernels found during pdbscan
2026-06-06 19:13:58,968 [ThreadPoolExecutor-1_0] INFO volatility3.framework.automagic: Running automagic: SymbolFinder
2026-06-06 19:13:58,969 [ThreadPoolExecutor-1_0] INFO volatility3.framework.automagic: Running automagic: LinuxSymbolFinder
2026-06-06 19:13:58,969 [ThreadPoolExecutor-1_0] INFO volatility3.framework.automagic: Running automagic: MacSymbolFinder
2026-06-06 19:13:58,970 [ThreadPoolExecutor-1_0] INFO volatility3.framework.automagic: Running automagic: KernelModule
2026-06-06 19:13:58,971 [ThreadPoolExecutor-1_0] WARNING volatility3.framework.plugins: Automagic exception occurred: sqlite3.ProgrammingError: SQLite objects created in a thread can only be used in that same thread. The object was created in thread id 281473272578304 and this is thread id 281472873853184.
2026-06-06 19:13:58,972 [mulder-job_0] INFO mulder.server.tools.extract.volatility: Volatility batch: pstree -> error
2026-06-06 19:13:58,973 [ThreadPoolExecutor-2_0] INFO volatility3.framework.automagic: Running automagic: SymbolCacheMagic
2026-06-06 19:13:58,990 [ThreadPoolExecutor-2_0] INFO volatility3.framework.automagic: Running automagic: ConstructionMagic
2026-06-06 19:13:58,995 [ThreadPoolExecutor-2_0] INFO volatility3.framework.automagic: Running automagic: LayerStacker
2026-06-06 19:13:58,999 [ThreadPoolExecutor-2_0] INFO volatility3.framework.automagic.linux: No Linux banners found - if this is a linux plugin, please check your symbol files location
2026-06-06 19:13:59,000 [ThreadPoolExecutor-2_0] INFO volatility3.framework.automagic.linux: No Linux banners found - if this is a linux plugin, please check your symbol files location
2026-06-06 19:13:59,001 [ThreadPoolExecutor-2_0] INFO volatility3.framework.automagic.mac: No Mac banners found - if this is a mac plugin, please check your symbol files location
2026-06-06 19:14:00,069 [ThreadPoolExecutor-2_0] INFO volatility3.framework.automagic: Running automagic: WinSwapLayers
2026-06-06 19:14:00,070 [ThreadPoolExecutor-2_0] INFO volatility3.framework.automagic: Running automagic: KernelPDBScanner
2026-06-06 19:14:00,071 [ThreadPoolExecutor-2_0] INFO volatility3.framework.automagic.pdbscan: No suitable kernels found during pdbscan
2026-06-06 19:14:00,072 [ThreadPoolExecutor-2_0] INFO volatility3.framework.automagic: Running automagic: SymbolFinder
2026-06-06 19:14:00,072 [ThreadPoolExecutor-2_0] INFO volatility3.framework.automagic: Running automagic: LinuxSymbolFinder
2026-06-06 19:14:00,073 [ThreadPoolExecutor-2_0] INFO volatility3.framework.automagic: Running automagic: MacSymbolFinder
2026-06-06 19:14:00,073 [ThreadPoolExecutor-2_0] INFO volatility3.framework.automagic: Running automagic: KernelModule
2026-06-06 19:14:00,074 [ThreadPoolExecutor-2_0] WARNING volatility3.framework.plugins: Automagic exception occurred: sqlite3.ProgrammingError: SQLite objects created in a thread can only be used in that same thread. The object was created in thread id 281473272578304 and this is thread id 281472873853184.
2026-06-06 19:14:00,075 [mulder-job_0] INFO mulder.server.tools.extract.volatility: Volatility batch: cmdline -> error
2026-06-06 19:14:00,076 [ThreadPoolExecutor-3_0] INFO volatility3.framework.automagic: Running automagic: SymbolCacheMagic
2026-06-06 19:14:00,093 [ThreadPoolExecutor-3_0] INFO volatility3.framework.automagic: Running automagic: ConstructionMagic
2026-06-06 19:14:00,098 [ThreadPoolExecutor-3_0] INFO volatility3.framework.automagic: Running automagic: LayerStacker
2026-06-06 19:14:00,103 [ThreadPoolExecutor-3_0] INFO volatility3.framework.automagic.linux: No Linux banners found - if this is a linux plugin, please check your symbol files location
2026-06-06 19:14:00,104 [ThreadPoolExecutor-3_0] INFO volatility3.framework.automagic.linux: No Linux banners found - if this is a linux plugin, please check your symbol files location
2026-06-06 19:14:00,108 [ThreadPoolExecutor-3_0] INFO volatility3.framework.automagic.mac: No Mac banners found - if this is a mac plugin, please check your symbol files location
2026-06-06 19:14:01,353 [MainThread] INFO mcp.server.lowlevel.server: Processing request of type CallToolRequest
2026-06-06 19:14:01,376 [ThreadPoolExecutor-3_0] INFO volatility3.framework.automagic: Running automagic: WinSwapLayers
2026-06-06 19:14:01,377 [ThreadPoolExecutor-3_0] INFO volatility3.framework.automagic: Running automagic: KernelPDBScanner
2026-06-06 19:14:01,378 [ThreadPoolExecutor-3_0] INFO volatility3.framework.automagic.pdbscan: No suitable kernels found during pdbscan
2026-06-06 19:14:01,379 [ThreadPoolExecutor-3_0] INFO volatility3.framework.automagic: Running automagic: SymbolFinder
2026-06-06 19:14:01,382 [ThreadPoolExecutor-3_0] INFO volatility3.framework.automagic: Running automagic: LinuxSymbolFinder
2026-06-06 19:14:01,382 [ThreadPoolExecutor-3_0] INFO volatility3.framework.automagic: Running automagic: MacSymbolFinder
2026-06-06 19:14:01,383 [ThreadPoolExecutor-3_0] INFO volatility3.framework.automagic: Running automagic: KernelModule
2026-06-06 19:14:01,384 [ThreadPoolExecutor-3_0] WARNING volatility3.framework.plugins: Automagic exception occurred: sqlite3.ProgrammingError: SQLite objects created in a thread can only be used in that same thread. The object was created in thread id 281473272578304 and this is thread id 281472873853184.
2026-06-06 19:14:01,389 [mulder-job_0] INFO mulder.server.tools.extract.volatility: Volatility batch: netscan -> error
2026-06-06 19:14:01,390 [ThreadPoolExecutor-4_0] INFO volatility3.framework.automagic: Running automagic: SymbolCacheMagic
2026-06-06 19:14:01,415 [ThreadPoolExecutor-4_0] INFO volatility3.framework.automagic: Running automagic: ConstructionMagic
2026-06-06 19:14:01,420 [ThreadPoolExecutor-4_0] INFO volatility3.framework.automagic: Running automagic: LayerStacker
2026-06-06 19:14:01,423 [ThreadPoolExecutor-4_0] INFO volatility3.framework.automagic.linux: No Linux banners found - if this is a linux plugin, please check your symbol files location
2026-06-06 19:14:01,424 [ThreadPoolExecutor-4_0] INFO volatility3.framework.automagic.linux: No Linux banners found - if this is a linux plugin, please check your symbol files location
2026-06-06 19:14:01,425 [ThreadPoolExecutor-4_0] INFO volatility3.framework.automagic.mac: No Mac banners found - if this is a mac plugin, please check your symbol files location
2026-06-06 19:14:02,611 [ThreadPoolExecutor-4_0] INFO volatility3.framework.automagic: Running automagic: WinSwapLayers
2026-06-06 19:14:02,616 [ThreadPoolExecutor-4_0] INFO volatility3.framework.automagic: Running automagic: KernelPDBScanner
2026-06-06 19:14:02,616 [ThreadPoolExecutor-4_0] INFO volatility3.framework.automagic.pdbscan: No suitable kernels found during pdbscan
2026-06-06 19:14:02,617 [ThreadPoolExecutor-4_0] INFO volatility3.framework.automagic: Running automagic: SymbolFinder
2026-06-06 19:14:02,617 [ThreadPoolExecutor-4_0] INFO volatility3.framework.automagic: Running automagic: LinuxSymbolFinder
2026-06-06 19:14:02,621 [ThreadPoolExecutor-4_0] INFO volatility3.framework.automagic: Running automagic: MacSymbolFinder
2026-06-06 19:14:02,621 [ThreadPoolExecutor-4_0] INFO volatility3.framework.automagic: Running automagic: KernelModule
2026-06-06 19:14:02,622 [ThreadPoolExecutor-4_0] WARNING volatility3.framework.plugins: Automagic exception occurred: sqlite3.ProgrammingError: SQLite objects created in a thread can only be used in that same thread. The object was created in thread id 281473272578304 and this is thread id 281472873853184.
2026-06-06 19:14:02,626 [mulder-job_0] INFO mulder.server.tools.extract.volatility: Volatility batch: malfind -> error
2026-06-06 19:14:02,628 [ThreadPoolExecutor-5_0] INFO volatility3.framework.automagic: Running automagic: SymbolCacheMagic
2026-06-06 19:14:02,653 [ThreadPoolExecutor-5_0] INFO volatility3.framework.automagic: Running automagic: ConstructionMagic
2026-06-06 19:14:02,658 [ThreadPoolExecutor-5_0] INFO volatility3.framework.automagic: Running automagic: LayerStacker
2026-06-06 19:14:02,662 [ThreadPoolExecutor-5_0] INFO volatility3.framework.automagic.linux: No Linux banners found - if this is a linux plugin, please check your symbol files location
2026-06-06 19:14:02,663 [ThreadPoolExecutor-5_0] INFO volatility3.framework.automagic.linux: No Linux banners found - if this is a linux plugin, please check your symbol files location
2026-06-06 19:14:02,663 [ThreadPoolExecutor-5_0] INFO volatility3.framework.automagic.mac: No Mac banners found - if this is a mac plugin, please check your symbol files location
2026-06-06 19:14:04,081 [ThreadPoolExecutor-5_0] INFO volatility3.framework.automagic: Running automagic: WinSwapLayers
2026-06-06 19:14:04,083 [ThreadPoolExecutor-5_0] INFO volatility3.framework.automagic: Running automagic: KernelPDBScanner
2026-06-06 19:14:04,084 [ThreadPoolExecutor-5_0] INFO volatility3.framework.automagic.pdbscan: No suitable kernels found during pdbscan
2026-06-06 19:14:04,085 [ThreadPoolExecutor-5_0] INFO volatility3.framework.automagic: Running automagic: SymbolFinder
2026-06-06 19:14:04,085 [ThreadPoolExecutor-5_0] INFO volatility3.framework.automagic: Running automagic: LinuxSymbolFinder
2026-06-06 19:14:04,086 [ThreadPoolExecutor-5_0] INFO volatility3.framework.automagic: Running automagic: MacSymbolFinder
2026-06-06 19:14:04,086 [ThreadPoolExecutor-5_0] INFO volatility3.framework.automagic: Running automagic: KernelModule
2026-06-06 19:14:04,087 [ThreadPoolExecutor-5_0] WARNING volatility3.framework.plugins: Automagic exception occurred: sqlite3.ProgrammingError: SQLite objects created in a thread can only be used in that same thread. The object was created in thread id 281473272578304 and this is thread id 281472873853184.
2026-06-06 19:14:04,088 [mulder-job_0] INFO mulder.server.tools.extract.volatility: Volatility batch: psscan -> error
2026-06-06 19:14:04,090 [ThreadPoolExecutor-6_0] INFO volatility3.framework.automagic: Running automagic: SymbolCacheMagic
2026-06-06 19:14:04,141 [ThreadPoolExecutor-6_0] INFO volatility3.framework.automagic: Running automagic: ConstructionMagic
2026-06-06 19:14:04,153 [ThreadPoolExecutor-6_0] INFO volatility3.framework.automagic: Running automagic: LayerStacker
2026-06-06 19:14:04,163 [ThreadPoolExecutor-6_0] INFO volatility3.framework.automagic.linux: No Linux banners found - if this is a linux plugin, please check your symbol files location
2026-06-06 19:14:04,167 [ThreadPoolExecutor-6_0] INFO volatility3.framework.automagic.linux: No Linux banners found - if this is a linux plugin, please check your symbol files location
2026-06-06 19:14:04,167 [ThreadPoolExecutor-6_0] INFO volatility3.framework.automagic.mac: No Mac banners found - if this is a mac plugin, please check your symbol files location
2026-06-06 19:14:05,329 [MainThread] INFO mulder.server.app: Mulder MCP server ready (db_dir=/home/mulder/.mulder/cases)
2026-06-06 19:14:05,375 [MainThread] INFO mcp.server.lowlevel.server: Processing request of type ListToolsRequest
2026-06-06 19:14:05,377 [MainThread] INFO mcp.server.lowlevel.server: Processing request of type ListPromptsRequest
2026-06-06 19:14:05,380 [MainThread] INFO mcp.server.lowlevel.server: Processing request of type ListResourcesRequest
2026-06-06 19:14:05,608 [ThreadPoolExecutor-6_0] INFO volatility3.framework.automagic: Running automagic: WinSwapLayers
2026-06-06 19:14:05,609 [ThreadPoolExecutor-6_0] INFO volatility3.framework.automagic: Running automagic: KernelPDBScanner
2026-06-06 19:14:05,610 [ThreadPoolExecutor-6_0] INFO volatility3.framework.automagic.pdbscan: No suitable kernels found during pdbscan
2026-06-06 19:14:05,611 [ThreadPoolExecutor-6_0] INFO volatility3.framework.automagic: Running automagic: SymbolFinder
2026-06-06 19:14:05,611 [ThreadPoolExecutor-6_0] INFO volatility3.framework.automagic: Running automagic: LinuxSymbolFinder
2026-06-06 19:14:05,611 [ThreadPoolExecutor-6_0] INFO volatility3.framework.automagic: Running automagic: MacSymbolFinder
2026-06-06 19:14:05,612 [ThreadPoolExecutor-6_0] INFO volatility3.framework.automagic: Running automagic: KernelModule
2026-06-06 19:14:05,613 [ThreadPoolExecutor-6_0] WARNING volatility3.framework.plugins: Automagic exception occurred: sqlite3.ProgrammingError: SQLite objects created in a thread can only be used in that same thread. The object was created in thread id 281473272578304 and this is thread id 281472859435264.
2026-06-06 19:14:05,614 [mulder-job_0] INFO mulder.server.tools.extract.volatility: Volatility batch: dlllist -> error
2026-06-06 19:14:05,615 [ThreadPoolExecutor-7_0] INFO volatility3.framework.automagic: Running automagic: SymbolCacheMagic
2026-06-06 19:14:05,756 [ThreadPoolExecutor-7_0] INFO volatility3.framework.automagic: Running automagic: ConstructionMagic
2026-06-06 19:14:05,764 [ThreadPoolExecutor-7_0] INFO volatility3.framework.automagic: Running automagic: LayerStacker
2026-06-06 19:14:05,775 [ThreadPoolExecutor-7_0] INFO volatility3.framework.automagic.linux: No Linux banners found - if this is a linux plugin, please check your symbol files location
2026-06-06 19:14:05,776 [ThreadPoolExecutor-7_0] INFO volatility3.framework.automagic.linux: No Linux banners found - if this is a linux plugin, please check your symbol files location
2026-06-06 19:14:05,777 [ThreadPoolExecutor-7_0] INFO volatility3.framework.automagic.mac: No Mac banners found - if this is a mac plugin, please check your symbol files location
2026-06-06 19:14:07,735 [ThreadPoolExecutor-7_0] INFO volatility3.framework.automagic: Running automagic: WinSwapLayers
2026-06-06 19:14:07,742 [ThreadPoolExecutor-7_0] INFO volatility3.framework.automagic: Running automagic: KernelPDBScanner
2026-06-06 19:14:07,748 [ThreadPoolExecutor-7_0] INFO volatility3.framework.automagic.pdbscan: No suitable kernels found during pdbscan
2026-06-06 19:14:07,753 [ThreadPoolExecutor-7_0] INFO volatility3.framework.automagic: Running automagic: SymbolFinder
2026-06-06 19:14:07,761 [ThreadPoolExecutor-7_0] INFO volatility3.framework.automagic: Running automagic: LinuxSymbolFinder
2026-06-06 19:14:07,767 [ThreadPoolExecutor-7_0] INFO volatility3.framework.automagic: Running automagic: MacSymbolFinder
2026-06-06 19:14:07,772 [ThreadPoolExecutor-7_0] INFO volatility3.framework.automagic: Running automagic: KernelModule
2026-06-06 19:14:07,790 [ThreadPoolExecutor-7_0] WARNING volatility3.framework.plugins: Automagic exception occurred: sqlite3.ProgrammingError: SQLite objects created in a thread can only be used in that same thread. The object was created in thread id 281473272578304 and this is thread id 281472859435264.
2026-06-06 19:14:07,804 [mulder-job_0] INFO mulder.server.tools.extract.volatility: Volatility batch: svcscan -> error
2026-06-06 19:14:07,816 [ThreadPoolExecutor-8_0] INFO volatility3.framework.automagic: Running automagic: SymbolCacheMagic
2026-06-06 19:14:07,865 [ThreadPoolExecutor-8_0] INFO volatility3.framework.automagic: Running automagic: ConstructionMagic
2026-06-06 19:14:07,881 [ThreadPoolExecutor-8_0] INFO volatility3.framework.automagic: Running automagic: LayerStacker
2026-06-06 19:14:07,950 [ThreadPoolExecutor-8_0] INFO volatility3.framework.automagic.linux: No Linux banners found - if this is a linux plugin, please check your symbol files location
2026-06-06 19:14:07,964 [ThreadPoolExecutor-8_0] INFO volatility3.framework.automagic.linux: No Linux banners found - if this is a linux plugin, please check your symbol files location
2026-06-06 19:14:07,977 [ThreadPoolExecutor-8_0] INFO volatility3.framework.automagic.mac: No Mac banners found - if this is a mac plugin, please check your symbol files location
2026-06-06 19:14:09,508 [ThreadPoolExecutor-8_0] INFO volatility3.framework.automagic: Running automagic: WinSwapLayers
2026-06-06 19:14:09,509 [ThreadPoolExecutor-8_0] INFO volatility3.framework.automagic: Running automagic: KernelPDBScanner
2026-06-06 19:14:09,510 [ThreadPoolExecutor-8_0] INFO volatility3.framework.automagic.pdbscan: No suitable kernels found during pdbscan
2026-06-06 19:14:09,510 [ThreadPoolExecutor-8_0] INFO volatility3.framework.automagic: Running automagic: SymbolFinder
2026-06-06 19:14:09,511 [ThreadPoolExecutor-8_0] INFO volatility3.framework.automagic: Running automagic: LinuxSymbolFinder
2026-06-06 19:14:09,511 [ThreadPoolExecutor-8_0] INFO volatility3.framework.automagic: Running automagic: MacSymbolFinder
2026-06-06 19:14:09,512 [ThreadPoolExecutor-8_0] INFO volatility3.framework.automagic: Running automagic: KernelModule
2026-06-06 19:14:09,513 [ThreadPoolExecutor-8_0] WARNING volatility3.framework.plugins: Automagic exception occurred: sqlite3.ProgrammingError: SQLite objects created in a thread can only be used in that same thread. The object was created in thread id 281473272578304 and this is thread id 281472859435264.
2026-06-06 19:14:09,513 [mulder-job_0] INFO mulder.server.tools.extract.volatility: Volatility batch: handles -> error
2026-06-06 19:14:09,514 [ThreadPoolExecutor-9_0] INFO volatility3.framework.automagic: Running automagic: SymbolCacheMagic
2026-06-06 19:14:09,532 [ThreadPoolExecutor-9_0] INFO volatility3.framework.automagic: Running automagic: ConstructionMagic
2026-06-06 19:14:09,537 [ThreadPoolExecutor-9_0] INFO volatility3.framework.automagic: Running automagic: LayerStacker
2026-06-06 19:14:09,543 [ThreadPoolExecutor-9_0] INFO volatility3.framework.automagic.linux: No Linux banners found - if this is a linux plugin, please check your symbol files location
2026-06-06 19:14:09,543 [ThreadPoolExecutor-9_0] INFO volatility3.framework.automagic.linux: No Linux banners found - if this is a linux plugin, please check your symbol files location
2026-06-06 19:14:09,544 [ThreadPoolExecutor-9_0] INFO volatility3.framework.automagic.mac: No Mac banners found - if this is a mac plugin, please check your symbol files location
2026-06-06 19:14:10,616 [ThreadPoolExecutor-9_0] INFO volatility3.framework.automagic: Running automagic: WinSwapLayers
2026-06-06 19:14:10,619 [ThreadPoolExecutor-9_0] INFO volatility3.framework.automagic: Running automagic: KernelPDBScanner
2026-06-06 19:14:10,621 [ThreadPoolExecutor-9_0] INFO volatility3.framework.automagic.pdbscan: No suitable kernels found during pdbscan
2026-06-06 19:14:10,624 [ThreadPoolExecutor-9_0] INFO volatility3.framework.automagic: Running automagic: SymbolFinder
2026-06-06 19:14:10,624 [ThreadPoolExecutor-9_0] INFO volatility3.framework.automagic: Running automagic: LinuxSymbolFinder
2026-06-06 19:14:10,625 [ThreadPoolExecutor-9_0] INFO volatility3.framework.automagic: Running automagic: MacSymbolFinder
2026-06-06 19:14:10,625 [ThreadPoolExecutor-9_0] INFO volatility3.framework.automagic: Running automagic: KernelModule
2026-06-06 19:14:10,626 [ThreadPoolExecutor-9_0] WARNING volatility3.framework.plugins: Automagic exception occurred: sqlite3.ProgrammingError: SQLite objects created in a thread can only be used in that same thread. The object was created in thread id 281473272578304 and this is thread id 281472859435264.
2026-06-06 19:14:10,628 [mulder-job_0] INFO mulder.server.tools.extract.volatility: Volatility batch: envars -> error
2026-06-06 19:14:10,629 [ThreadPoolExecutor-10_0] INFO volatility3.framework.automagic: Running automagic: SymbolCacheMagic
2026-06-06 19:14:10,667 [ThreadPoolExecutor-10_0] INFO volatility3.framework.automagic: Running automagic: ConstructionMagic
2026-06-06 19:14:10,671 [ThreadPoolExecutor-10_0] INFO volatility3.framework.automagic: Running automagic: LayerStacker
2026-06-06 19:14:10,676 [ThreadPoolExecutor-10_0] INFO volatility3.framework.automagic.linux: No Linux banners found - if this is a linux plugin, please check your symbol files location
2026-06-06 19:14:10,677 [ThreadPoolExecutor-10_0] INFO volatility3.framework.automagic.linux: No Linux banners found - if this is a linux plugin, please check your symbol files location
2026-06-06 19:14:10,677 [ThreadPoolExecutor-10_0] INFO volatility3.framework.automagic.mac: No Mac banners found - if this is a mac plugin, please check your symbol files location
2026-06-06 19:14:12,044 [ThreadPoolExecutor-10_0] INFO volatility3.framework.automagic: Running automagic: WinSwapLayers
2026-06-06 19:14:12,045 [ThreadPoolExecutor-10_0] INFO volatility3.framework.automagic: Running automagic: KernelPDBScanner
2026-06-06 19:14:12,049 [ThreadPoolExecutor-10_0] INFO volatility3.framework.automagic.pdbscan: No suitable kernels found during pdbscan
2026-06-06 19:14:12,050 [ThreadPoolExecutor-10_0] INFO volatility3.framework.automagic: Running automagic: SymbolFinder
2026-06-06 19:14:12,050 [ThreadPoolExecutor-10_0] INFO volatility3.framework.automagic: Running automagic: LinuxSymbolFinder
2026-06-06 19:14:12,051 [ThreadPoolExecutor-10_0] INFO volatility3.framework.automagic: Running automagic: MacSymbolFinder
2026-06-06 19:14:12,055 [ThreadPoolExecutor-10_0] INFO volatility3.framework.automagic: Running automagic: KernelModule
2026-06-06 19:14:12,056 [ThreadPoolExecutor-10_0] WARNING volatility3.framework.plugins: Automagic exception occurred: sqlite3.ProgrammingError: SQLite objects created in a thread can only be used in that same thread. The object was created in thread id 281473272578304 and this is thread id 281472859435264.
2026-06-06 19:14:12,059 [mulder-job_0] INFO mulder.server.tools.extract.volatility: Volatility batch: getsids -> error
2026-06-06 19:14:12,061 [ThreadPoolExecutor-11_0] INFO volatility3.framework.automagic: Running automagic: SymbolCacheMagic
2026-06-06 19:14:12,101 [ThreadPoolExecutor-11_0] INFO volatility3.framework.automagic: Running automagic: ConstructionMagic
2026-06-06 19:14:12,108 [ThreadPoolExecutor-11_0] INFO volatility3.framework.automagic: Running automagic: LayerStacker
2026-06-06 19:14:12,120 [ThreadPoolExecutor-11_0] INFO volatility3.framework.automagic.linux: No Linux banners found - if this is a linux plugin, please check your symbol files location
2026-06-06 19:14:12,121 [ThreadPoolExecutor-11_0] INFO volatility3.framework.automagic.linux: No Linux banners found - if this is a linux plugin, please check your symbol files location
2026-06-06 19:14:12,121 [ThreadPoolExecutor-11_0] INFO volatility3.framework.automagic.mac: No Mac banners found - if this is a mac plugin, please check your symbol files location
2026-06-06 19:14:12,348 [MainThread] INFO mcp.server.lowlevel.server: Processing request of type CallToolRequest
2026-06-06 19:14:12,349 [MainThread] INFO mulder.server.app: Resource throttle: list_cases waiting (cpu=100%>=90.0%, waited 0s)
2026-06-06 19:14:13,549 [ThreadPoolExecutor-11_0] INFO volatility3.framework.automagic: Running automagic: WinSwapLayers
2026-06-06 19:14:13,550 [ThreadPoolExecutor-11_0] INFO volatility3.framework.automagic: Running automagic: KernelPDBScanner
2026-06-06 19:14:13,551 [ThreadPoolExecutor-11_0] INFO volatility3.framework.automagic.pdbscan: No suitable kernels found during pdbscan
2026-06-06 19:14:13,552 [ThreadPoolExecutor-11_0] INFO volatility3.framework.automagic: Running automagic: SymbolFinder
2026-06-06 19:14:13,552 [ThreadPoolExecutor-11_0] INFO volatility3.framework.automagic: Running automagic: LinuxSymbolFinder
2026-06-06 19:14:13,553 [ThreadPoolExecutor-11_0] INFO volatility3.framework.automagic: Running automagic: MacSymbolFinder
2026-06-06 19:14:13,553 [ThreadPoolExecutor-11_0] INFO volatility3.framework.automagic: Running automagic: KernelModule
2026-06-06 19:14:13,554 [ThreadPoolExecutor-11_0] WARNING volatility3.framework.plugins: Automagic exception occurred: sqlite3.ProgrammingError: SQLite objects created in a thread can only be used in that same thread. The object was created in thread id 281473272578304 and this is thread id 281472859435264.
2026-06-06 19:14:13,555 [mulder-job_0] INFO mulder.server.tools.extract.volatility: Volatility batch: filescan -> error
2026-06-06 19:14:13,557 [ThreadPoolExecutor-12_0] INFO volatility3.framework.automagic: Running automagic: SymbolCacheMagic
2026-06-06 19:14:13,587 [ThreadPoolExecutor-12_0] INFO volatility3.framework.automagic: Running automagic: ConstructionMagic
2026-06-06 19:14:13,598 [ThreadPoolExecutor-12_0] INFO volatility3.framework.automagic: Running automagic: LayerStacker
2026-06-06 19:14:13,609 [ThreadPoolExecutor-12_0] INFO volatility3.framework.automagic.linux: No Linux banners found - if this is a linux plugin, please check your symbol files location
2026-06-06 19:14:13,610 [ThreadPoolExecutor-12_0] INFO volatility3.framework.automagic.linux: No Linux banners found - if this is a linux plugin, please check your symbol files location
2026-06-06 19:14:13,610 [ThreadPoolExecutor-12_0] INFO volatility3.framework.automagic.mac: No Mac banners found - if this is a mac plugin, please check your symbol files location
2026-06-06 19:14:14,958 [ThreadPoolExecutor-12_0] INFO volatility3.framework.automagic: Running automagic: WinSwapLayers
2026-06-06 19:14:14,959 [ThreadPoolExecutor-12_0] INFO volatility3.framework.automagic: Running automagic: KernelPDBScanner
2026-06-06 19:14:14,959 [ThreadPoolExecutor-12_0] INFO volatility3.framework.automagic.pdbscan: No suitable kernels found during pdbscan
2026-06-06 19:14:14,960 [ThreadPoolExecutor-12_0] INFO volatility3.framework.automagic: Running automagic: SymbolFinder
2026-06-06 19:14:14,961 [ThreadPoolExecutor-12_0] INFO volatility3.framework.automagic: Running automagic: LinuxSymbolFinder
2026-06-06 19:14:14,961 [ThreadPoolExecutor-12_0] INFO volatility3.framework.automagic: Running automagic: MacSymbolFinder
2026-06-06 19:14:14,962 [ThreadPoolExecutor-12_0] INFO volatility3.framework.automagic: Running automagic: KernelModule
2026-06-06 19:14:14,963 [ThreadPoolExecutor-12_0] WARNING volatility3.framework.plugins: Automagic exception occurred: sqlite3.ProgrammingError: SQLite objects created in a thread can only be used in that same thread. The object was created in thread id 281473272578304 and this is thread id 281472859435264.
2026-06-06 19:14:14,964 [mulder-job_0] INFO mulder.server.tools.extract.volatility: Volatility batch: modules -> error
2026-06-06 19:14:14,965 [ThreadPoolExecutor-13_0] INFO volatility3.framework.automagic: Running automagic: SymbolCacheMagic
2026-06-06 19:14:14,981 [ThreadPoolExecutor-13_0] INFO volatility3.framework.automagic: Running automagic: ConstructionMagic
2026-06-06 19:14:14,988 [ThreadPoolExecutor-13_0] INFO volatility3.framework.automagic: Running automagic: LayerStacker
2026-06-06 19:14:14,994 [ThreadPoolExecutor-13_0] INFO volatility3.framework.automagic.linux: No Linux banners found - if this is a linux plugin, please check your symbol files location
2026-06-06 19:14:14,995 [ThreadPoolExecutor-13_0] INFO volatility3.framework.automagic.linux: No Linux banners found - if this is a linux plugin, please check your symbol files location
2026-06-06 19:14:14,996 [ThreadPoolExecutor-13_0] INFO volatility3.framework.automagic.mac: No Mac banners found - if this is a mac plugin, please check your symbol files location
2026-06-06 19:14:16,141 [ThreadPoolExecutor-13_0] INFO volatility3.framework.automagic: Running automagic: WinSwapLayers
2026-06-06 19:14:16,145 [ThreadPoolExecutor-13_0] INFO volatility3.framework.automagic: Running automagic: KernelPDBScanner
2026-06-06 19:14:16,148 [ThreadPoolExecutor-13_0] INFO volatility3.framework.automagic.pdbscan: No suitable kernels found during pdbscan
2026-06-06 19:14:16,149 [ThreadPoolExecutor-13_0] INFO volatility3.framework.automagic: Running automagic: SymbolFinder
2026-06-06 19:14:16,149 [ThreadPoolExecutor-13_0] INFO volatility3.framework.automagic: Running automagic: LinuxSymbolFinder
2026-06-06 19:14:16,149 [ThreadPoolExecutor-13_0] INFO volatility3.framework.automagic: Running automagic: MacSymbolFinder
2026-06-06 19:14:16,150 [ThreadPoolExecutor-13_0] INFO volatility3.framework.automagic: Running automagic: KernelModule
2026-06-06 19:14:16,151 [ThreadPoolExecutor-13_0] WARNING volatility3.framework.plugins: Automagic exception occurred: sqlite3.ProgrammingError: SQLite objects created in a thread can only be used in that same thread. The object was created in thread id 281473272578304 and this is thread id 281472859435264.
2026-06-06 19:14:16,153 [mulder-job_0] INFO mulder.server.tools.extract.volatility: Volatility batch: modscan -> error
2026-06-06 19:14:16,154 [ThreadPoolExecutor-14_0] INFO volatility3.framework.automagic: Running automagic: SymbolCacheMagic
2026-06-06 19:14:16,190 [ThreadPoolExecutor-14_0] INFO volatility3.framework.automagic: Running automagic: ConstructionMagic
2026-06-06 19:14:16,194 [ThreadPoolExecutor-14_0] INFO volatility3.framework.automagic: Running automagic: LayerStacker
2026-06-06 19:14:16,205 [ThreadPoolExecutor-14_0] INFO volatility3.framework.automagic.linux: No Linux banners found - if this is a linux plugin, please check your symbol files location
2026-06-06 19:14:16,206 [ThreadPoolExecutor-14_0] INFO volatility3.framework.automagic.linux: No Linux banners found - if this is a linux plugin, please check your symbol files location
2026-06-06 19:14:16,207 [ThreadPoolExecutor-14_0] INFO volatility3.framework.automagic.mac: No Mac banners found - if this is a mac plugin, please check your symbol files location
2026-06-06 19:14:17,355 [MainThread] INFO mulder.server.app: Resource throttle: list_cases waiting (cpu=100%>=90.0%, waited 5s)
2026-06-06 19:14:17,412 [ThreadPoolExecutor-14_0] INFO volatility3.framework.automagic: Running automagic: WinSwapLayers
2026-06-06 19:14:17,412 [ThreadPoolExecutor-14_0] INFO volatility3.framework.automagic: Running automagic: KernelPDBScanner
2026-06-06 19:14:17,414 [ThreadPoolExecutor-14_0] INFO volatility3.framework.automagic.pdbscan: No suitable kernels found during pdbscan
2026-06-06 19:14:17,415 [ThreadPoolExecutor-14_0] INFO volatility3.framework.automagic: Running automagic: SymbolFinder
2026-06-06 19:14:17,416 [ThreadPoolExecutor-14_0] INFO volatility3.framework.automagic: Running automagic: LinuxSymbolFinder
2026-06-06 19:14:17,416 [ThreadPoolExecutor-14_0] INFO volatility3.framework.automagic: Running automagic: MacSymbolFinder
2026-06-06 19:14:17,417 [ThreadPoolExecutor-14_0] INFO volatility3.framework.automagic: Running automagic: KernelModule
2026-06-06 19:14:17,417 [ThreadPoolExecutor-14_0] WARNING volatility3.framework.plugins: Automagic exception occurred: sqlite3.ProgrammingError: SQLite objects created in a thread can only be used in that same thread. The object was created in thread id 281473272578304 and this is thread id 281472859435264.
2026-06-06 19:14:17,419 [mulder-job_0] INFO mulder.server.tools.extract.volatility: Volatility batch: hivelist -> error
2026-06-06 19:14:17,421 [ThreadPoolExecutor-15_0] INFO volatility3.framework.automagic: Running automagic: SymbolCacheMagic
2026-06-06 19:14:17,452 [ThreadPoolExecutor-15_0] INFO volatility3.framework.automagic: Running automagic: ConstructionMagic
2026-06-06 19:14:17,458 [ThreadPoolExecutor-15_0] INFO volatility3.framework.automagic: Running automagic: LayerStacker
2026-06-06 19:14:17,467 [ThreadPoolExecutor-15_0] INFO volatility3.framework.automagic.linux: No Linux banners found - if this is a linux plugin, please check your symbol files location
2026-06-06 19:14:17,468 [ThreadPoolExecutor-15_0] INFO volatility3.framework.automagic.linux: No Linux banners found - if this is a linux plugin, please check your symbol files location
2026-06-06 19:14:17,469 [ThreadPoolExecutor-15_0] INFO volatility3.framework.automagic.mac: No Mac banners found - if this is a mac plugin, please check your symbol files location
2026-06-06 19:14:18,574 [ThreadPoolExecutor-15_0] INFO volatility3.framework.automagic: Running automagic: WinSwapLayers
2026-06-06 19:14:18,575 [ThreadPoolExecutor-15_0] INFO volatility3.framework.automagic: Running automagic: KernelPDBScanner
2026-06-06 19:14:18,576 [ThreadPoolExecutor-15_0] INFO volatility3.framework.automagic.pdbscan: No suitable kernels found during pdbscan
2026-06-06 19:14:18,580 [ThreadPoolExecutor-15_0] INFO volatility3.framework.automagic: Running automagic: SymbolFinder
2026-06-06 19:14:18,581 [ThreadPoolExecutor-15_0] INFO volatility3.framework.automagic: Running automagic: LinuxSymbolFinder
2026-06-06 19:14:18,581 [ThreadPoolExecutor-15_0] INFO volatility3.framework.automagic: Running automagic: MacSymbolFinder
2026-06-06 19:14:18,582 [ThreadPoolExecutor-15_0] INFO volatility3.framework.automagic: Running automagic: KernelModule
2026-06-06 19:14:18,582 [ThreadPoolExecutor-15_0] WARNING volatility3.framework.plugins: Automagic exception occurred: sqlite3.ProgrammingError: SQLite objects created in a thread can only be used in that same thread. The object was created in thread id 281473272578304 and this is thread id 281472859435264.
2026-06-06 19:14:18,583 [mulder-job_0] INFO mulder.server.tools.extract.volatility: Volatility batch: userassist -> error
2026-06-06 19:14:18,585 [ThreadPoolExecutor-16_0] INFO volatility3.framework.automagic: Running automagic: SymbolCacheMagic
2026-06-06 19:14:18,616 [ThreadPoolExecutor-16_0] INFO volatility3.framework.automagic: Running automagic: ConstructionMagic
2026-06-06 19:14:18,622 [ThreadPoolExecutor-16_0] INFO volatility3.framework.automagic: Running automagic: LayerStacker
2026-06-06 19:14:18,630 [ThreadPoolExecutor-16_0] INFO volatility3.framework.automagic.linux: No Linux banners found - if this is a linux plugin, please check your symbol files location
2026-06-06 19:14:18,634 [ThreadPoolExecutor-16_0] INFO volatility3.framework.automagic.linux: No Linux banners found - if this is a linux plugin, please check your symbol files location
2026-06-06 19:14:18,634 [ThreadPoolExecutor-16_0] INFO volatility3.framework.automagic.mac: No Mac banners found - if this is a mac plugin, please check your symbol files location
2026-06-06 19:14:20,170 [mulder-job_1] INFO mulder.server.tools.extract.tsk: fls failed on secondary partition at offset 32 (ntfs / exfat (0x07)), skipping
2026-06-06 19:14:20,450 [mulder-job_1] INFO mulder.server.tools.extract.tsk: Indexed secondary partition tsk.filelist.p2: offset=2048, desc=ntfs / exfat (0x07)
2026-06-06 19:14:20,466 [mulder-job_1] INFO mulder.server.jobs: Job job_d201300f (run_fls) completed
2026-06-06 19:14:20,487 [mulder-job_1] INFO mulder.server.jobs: [JOB_COMPLETE] run_fls|completed|
2026-06-06 19:14:20,491 [ThreadPoolExecutor-16_0] INFO volatility3.framework.automagic: Running automagic: WinSwapLayers
2026-06-06 19:14:20,496 [ThreadPoolExecutor-16_0] INFO volatility3.framework.automagic: Running automagic: KernelPDBScanner
2026-06-06 19:14:20,496 [ThreadPoolExecutor-16_0] INFO volatility3.framework.automagic.pdbscan: No suitable kernels found during pdbscan
2026-06-06 19:14:20,497 [ThreadPoolExecutor-16_0] INFO volatility3.framework.automagic: Running automagic: SymbolFinder
2026-06-06 19:14:20,501 [ThreadPoolExecutor-16_0] INFO volatility3.framework.automagic: Running automagic: LinuxSymbolFinder
2026-06-06 19:14:20,501 [ThreadPoolExecutor-16_0] INFO volatility3.framework.automagic: Running automagic: MacSymbolFinder
2026-06-06 19:14:20,502 [ThreadPoolExecutor-16_0] INFO volatility3.framework.automagic: Running automagic: KernelModule
2026-06-06 19:14:20,502 [ThreadPoolExecutor-16_0] WARNING volatility3.framework.plugins: Automagic exception occurred: sqlite3.ProgrammingError: SQLite objects created in a thread can only be used in that same thread. The object was created in thread id 281473272578304 and this is thread id 281472859435264.
2026-06-06 19:14:20,506 [mulder-job_0] INFO mulder.server.tools.extract.volatility: Volatility batch: vadinfo -> error
2026-06-06 19:14:20,510 [mulder-job_0] INFO mulder.server.jobs: Job job_ab279827 (run_volatility_batch) completed
2026-06-06 19:14:20,510 [mulder-job_0] INFO mulder.server.jobs: [JOB_COMPLETE] run_volatility_batch|completed|
2026-06-06 19:14:22,364 [MainThread] INFO mulder.server.app: Resource throttle: list_cases waiting (cpu=100%>=90.0%, waited 10s)
2026-06-06 19:14:27,370 [MainThread] INFO mulder.server.app: Resource throttle: list_cases waiting (cpu=100%>=90.0%, waited 15s)
2026-06-06 19:14:32,376 [MainThread] INFO mulder.server.app: Resource throttle: list_cases waiting (cpu=100%>=90.0%, waited 20s)
2026-06-06 19:14:37,384 [MainThread] INFO mulder.server.app: Resource throttle: list_cases waiting (cpu=100%>=90.0%, waited 25s)
2026-06-06 19:14:42,390 [MainThread] INFO mulder.server.app: Resource throttle: list_cases waiting (cpu=100%>=90.0%, waited 30s)
2026-06-06 19:14:47,397 [MainThread] INFO mulder.server.app: Resource throttle: list_cases waiting (cpu=100%>=90.0%, waited 35s)
2026-06-06 19:14:52,405 [MainThread] INFO mulder.server.app: Resource throttle: list_cases waiting (cpu=100%>=90.0%, waited 40s)
2026-06-06 19:14:57,412 [MainThread] INFO mulder.server.app: Resource throttle: list_cases waiting (cpu=100%>=90.0%, waited 45s)
2026-06-06 19:15:02,419 [MainThread] INFO mulder.server.app: Resource throttle: list_cases waiting (cpu=100%>=90.0%, waited 50s)
2026-06-06 19:15:07,429 [MainThread] INFO mulder.server.app: Resource throttle: list_cases waiting (cpu=100%>=90.0%, waited 55s)
2026-06-06 19:15:12,435 [MainThread] INFO mulder.server.app: Resource throttle: list_cases waiting (cpu=100%>=90.0%, waited 60s)
2026-06-06 19:15:17,441 [MainThread] INFO mulder.server.app: Resource throttle: list_cases waiting (cpu=100%>=90.0%, waited 65s)
2026-06-06 19:15:22,448 [MainThread] INFO mulder.server.app: Resource throttle: list_cases waiting (cpu=100%>=90.0%, waited 70s)
2026-06-06 19:15:27,455 [MainThread] INFO mulder.server.app: Resource throttle: list_cases waiting (cpu=100%>=90.0%, waited 75s)
2026-06-06 19:15:32,465 [MainThread] INFO mulder.server.app: Resource throttle: list_cases waiting (cpu=100%>=90.0%, waited 80s)
2026-06-06 19:15:37,476 [MainThread] INFO mulder.server.app: Resource throttle: list_cases waiting (cpu=100%>=90.0%, waited 85s)
2026-06-06 19:15:42,483 [MainThread] INFO mulder.server.app: Resource throttle: list_cases waiting (cpu=100%>=90.0%, waited 90s)
2026-06-06 19:15:47,493 [MainThread] INFO mulder.server.app: Resource throttle: list_cases waiting (cpu=100%>=90.0%, waited 95s)
2026-06-06 19:15:52,499 [MainThread] INFO mulder.server.app: Resource throttle: list_cases waiting (cpu=100%>=90.0%, waited 100s)
2026-06-06 19:15:57,507 [MainThread] INFO mulder.server.app: Resource throttle: list_cases waiting (cpu=100%>=90.0%, waited 105s)
2026-06-06 19:16:02,517 [MainThread] INFO mulder.server.app: Resource throttle: list_cases waiting (cpu=100%>=90.0%, waited 110s)
2026-06-06 19:16:07,524 [MainThread] INFO mulder.server.app: Resource throttle: list_cases waiting (cpu=100%>=90.0%, waited 115s)
2026-06-06 19:16:12,535 [MainThread] INFO mulder.server.app: Resource throttle: list_cases waiting (cpu=100%>=90.0%, waited 120s)
2026-06-06 19:16:17,546 [MainThread] INFO mulder.server.app: Resource throttle: list_cases waiting (cpu=100%>=90.0%, waited 125s)
2026-06-06 19:16:22,554 [MainThread] INFO mulder.server.app: Resource throttle: list_cases waiting (cpu=100%>=90.0%, waited 130s)
2026-06-06 19:16:27,565 [MainThread] INFO mulder.server.app: Resource throttle: list_cases waiting (cpu=100%>=90.0%, waited 135s)
2026-06-06 19:16:32,574 [MainThread] INFO mulder.server.app: Resource throttle: list_cases waiting (cpu=100%>=90.0%, waited 140s)
2026-06-06 19:16:37,582 [MainThread] INFO mulder.server.app: Resource throttle: list_cases waiting (cpu=100%>=90.0%, waited 145s)
2026-06-06 19:16:42,591 [MainThread] INFO mulder.server.app: Resource throttle: list_cases waiting (cpu=100%>=90.0%, waited 150s)
2026-06-06 19:16:47,599 [MainThread] INFO mulder.server.app: Resource throttle: list_cases waiting (cpu=100%>=90.0%, waited 155s)
2026-06-06 19:16:52,606 [MainThread] INFO mulder.server.app: Resource throttle: list_cases waiting (cpu=100%>=90.0%, waited 160s)
2026-06-06 19:16:57,615 [MainThread] INFO mulder.server.app: Resource throttle: list_cases waiting (cpu=100%>=90.0%, waited 165s)
2026-06-06 19:17:02,626 [MainThread] INFO mulder.server.app: Resource throttle: list_cases waiting (cpu=100%>=90.0%, waited 170s)
2026-06-06 19:17:07,634 [MainThread] INFO mulder.server.app: Resource throttle: list_cases waiting (cpu=100%>=90.0%, waited 175s)
2026-06-06 19:17:12,644 [MainThread] INFO mulder.server.app: Resource throttle: list_cases waiting (cpu=100%>=90.0%, waited 180s)
2026-06-06 19:17:17,652 [MainThread] INFO mulder.server.app: Resource throttle: list_cases waiting (cpu=100%>=90.0%, waited 185s)
2026-06-06 19:17:22,660 [MainThread] INFO mulder.server.app: Resource throttle: list_cases waiting (cpu=100%>=90.0%, waited 190s)
2026-06-06 19:17:27,668 [MainThread] INFO mulder.server.app: Resource throttle: list_cases waiting (cpu=100%>=90.0%, waited 195s)
2026-06-06 19:17:32,681 [MainThread] INFO mulder.server.app: Resource throttle: list_cases waiting (cpu=100%>=90.0%, waited 200s)
2026-06-06 19:17:37,687 [MainThread] INFO mulder.server.app: Resource throttle: list_cases waiting (cpu=100%>=90.0%, waited 205s)
2026-06-06 19:17:42,697 [MainThread] INFO mulder.server.app: Resource throttle: list_cases waiting (cpu=100%>=90.0%, waited 210s)
2026-06-06 19:17:47,704 [MainThread] INFO mulder.server.app: Resource throttle: list_cases waiting (cpu=100%>=90.0%, waited 215s)
2026-06-06 19:17:52,712 [MainThread] INFO mulder.server.app: Resource throttle: list_cases waiting (cpu=100%>=90.0%, waited 220s)
2026-06-06 19:17:57,720 [MainThread] INFO mulder.server.app: Resource throttle: list_cases waiting (cpu=100%>=90.0%, waited 225s)
2026-06-06 19:18:02,729 [MainThread] INFO mulder.server.app: Resource throttle: list_cases waiting (cpu=100%>=90.0%, waited 230s)
2026-06-06 19:18:07,742 [MainThread] INFO mulder.server.app: Resource throttle: list_cases waiting (cpu=100%>=90.0%, waited 235s)
2026-06-06 19:18:12,750 [MainThread] INFO mulder.server.app: Resource throttle: list_cases waiting (cpu=100%>=90.0%, waited 240s)
2026-06-06 19:18:17,759 [MainThread] INFO mulder.server.app: Resource throttle: list_cases waiting (cpu=100%>=90.0%, waited 245s)
2026-06-06 19:18:22,767 [MainThread] INFO mulder.server.app: Resource throttle: list_cases waiting (cpu=100%>=90.0%, waited 250s)
2026-06-06 19:18:27,773 [MainThread] INFO mulder.server.app: Resource throttle: list_cases waiting (cpu=100%>=90.0%, waited 255s)
2026-06-06 19:18:32,782 [MainThread] INFO mulder.server.app: Resource throttle: list_cases waiting (cpu=100%>=90.0%, waited 260s)
2026-06-06 19:18:44,160 [MainThread] INFO mcp.server.lowlevel.server: Processing request of type CallToolRequest
2026-06-06 19:18:44,164 [AnyIO worker thread] INFO mulder.server.app: Opening case database for 'ndlc' ...
2026-06-06 19:18:44,170 [AnyIO worker thread] INFO mulder.server.app: Server context ready for case 'ndlc'
2026-06-06 19:18:48,358 [MainThread] INFO mcp.server.lowlevel.server: Processing request of type CallToolRequest
2026-06-06 19:18:48,580 [MainThread] INFO mcp.server.lowlevel.server: Processing request of type CallToolRequest
2026-06-06 19:18:48,589 [MainThread] INFO mcp.server.lowlevel.server: Processing request of type CallToolRequest
2026-06-06 19:18:58,897 [MainThread] INFO mcp.server.lowlevel.server: Processing request of type CallToolRequest
2026-06-06 19:18:59,316 [MainThread] INFO mcp.server.lowlevel.server: Processing request of type CallToolRequest
2026-06-06 19:18:59,787 [MainThread] INFO mcp.server.lowlevel.server: Processing request of type CallToolRequest
2026-06-06 19:18:59,796 [MainThread] INFO mcp.server.lowlevel.server: Processing request of type CallToolRequest
2026-06-06 19:19:20,316 [MainThread] INFO mcp.server.lowlevel.server: Processing request of type CallToolRequest
2026-06-06 19:19:20,697 [MainThread] INFO mcp.server.lowlevel.server: Processing request of type CallToolRequest
2026-06-06 19:19:20,706 [MainThread] INFO mcp.server.lowlevel.server: Processing request of type CallToolRequest
2026-06-06 19:19:34,503 [MainThread] INFO mcp.server.lowlevel.server: Processing request of type CallToolRequest
2026-06-06 19:19:34,885 [MainThread] INFO mcp.server.lowlevel.server: Processing request of type CallToolRequest
2026-06-06 19:19:34,916 [MainThread] INFO mcp.server.lowlevel.server: Processing request of type CallToolRequest
2026-06-06 19:19:46,018 [MainThread] INFO mcp.server.lowlevel.server: Processing request of type CallToolRequest
2026-06-06 19:19:47,025 [MainThread] INFO mcp.server.lowlevel.server: Processing request of type CallToolRequest
2026-06-06 19:19:47,180 [MainThread] INFO mcp.server.lowlevel.server: Processing request of type CallToolRequest
2026-06-06 19:19:55,178 [MainThread] INFO mcp.server.lowlevel.server: Processing request of type CallToolRequest
2026-06-06 19:19:55,725 [MainThread] INFO mcp.server.lowlevel.server: Processing request of type CallToolRequest
2026-06-06 19:19:56,107 [MainThread] INFO mcp.server.lowlevel.server: Processing request of type CallToolRequest
2026-06-06 19:20:06,738 [MainThread] INFO mcp.server.lowlevel.server: Processing request of type CallToolRequest
2026-06-06 19:20:07,749 [MainThread] INFO mcp.server.lowlevel.server: Processing request of type CallToolRequest
2026-06-06 19:20:08,192 [MainThread] INFO mcp.server.lowlevel.server: Processing request of type CallToolRequest
2026-06-06 19:20:24,345 [MainThread] INFO mcp.server.lowlevel.server: Processing request of type CallToolRequest
2026-06-06 19:20:24,852 [MainThread] INFO mcp.server.lowlevel.server: Processing request of type CallToolRequest
2026-06-06 19:20:25,289 [MainThread] INFO mcp.server.lowlevel.server: Processing request of type CallToolRequest
2026-06-06 19:20:34,829 [MainThread] INFO mcp.server.lowlevel.server: Processing request of type CallToolRequest
2026-06-06 19:20:35,742 [MainThread] INFO mcp.server.lowlevel.server: Processing request of type CallToolRequest
2026-06-06 19:20:37,589 [MainThread] INFO mcp.server.lowlevel.server: Processing request of type CallToolRequest
2026-06-06 19:20:44,228 [MainThread] INFO mcp.server.lowlevel.server: Processing request of type CallToolRequest
2026-06-06 19:21:09,598 [MainThread] INFO mcp.server.lowlevel.server: Processing request of type CallToolRequest
2026-06-06 19:21:10,046 [MainThread] INFO mcp.server.lowlevel.server: Processing request of type CallToolRequest
2026-06-06 19:21:10,531 [MainThread] INFO mcp.server.lowlevel.server: Processing request of type CallToolRequest
2026-06-06 19:21:18,681 [MainThread] INFO mcp.server.lowlevel.server: Processing request of type CallToolRequest
2026-06-06 19:21:19,316 [MainThread] INFO mcp.server.lowlevel.server: Processing request of type CallToolRequest
2026-06-06 19:21:31,796 [MainThread] INFO mcp.server.lowlevel.server: Processing request of type CallToolRequest
2026-06-06 19:21:32,174 [MainThread] INFO mcp.server.lowlevel.server: Processing request of type CallToolRequest
2026-06-06 19:21:57,185 [MainThread] INFO mcp.server.lowlevel.server: Processing request of type CallToolRequest
2026-06-06 19:21:58,962 [MainThread] INFO mcp.server.lowlevel.server: Processing request of type CallToolRequest
2026-06-06 19:21:58,977 [MainThread] INFO mcp.server.lowlevel.server: Processing request of type CallToolRequest
2026-06-06 19:22:08,274 [mulder-job_2] INFO mulder.server.jobs: Job job_47983ec0 (run_bulk_extractor) completed
2026-06-06 19:22:08,274 [mulder-job_2] INFO mulder.server.jobs: [JOB_COMPLETE] run_bulk_extractor|completed|
2026-06-06 19:22:14,155 [MainThread] INFO mcp.server.lowlevel.server: Processing request of type CallToolRequest
2026-06-06 19:22:14,210 [MainThread] INFO mcp.server.lowlevel.server: Processing request of type CallToolRequest
2026-06-06 19:22:20,345 [MainThread] INFO mcp.server.lowlevel.server: Processing request of type CallToolRequest
2026-06-06 19:22:20,695 [MainThread] INFO mcp.server.lowlevel.server: Processing request of type CallToolRequest
2026-06-06 19:22:31,048 [MainThread] INFO mcp.server.lowlevel.server: Processing request of type CallToolRequest
2026-06-06 19:22:31,083 [AnyIO worker thread] INFO mulder.server.jobs: Submitted batch bg_dde8ca23 with 8 jobs: ['run_evtx_parser', 'run_hayabusa', 'run_chainsaw', 'run_registry_parser', 'run_prefetch_parser', 'run_amcache_parser', 'run_shimcache_parser', 'run_mft_parser']
2026-06-06 19:22:31,087 [mulder-job_7] INFO mulder.server.app: Resource throttle: run_mft_parser waiting (cpu=100%>=90.0%, waited 0s)
2026-06-06 19:22:31,110 [mulder-job_0] INFO mulder.server.tools.hayabusa: Hayabusa: no prior EVTX extraction found; extracting inline from /evidence/cfreds_2015_data_leakage_pc.E01
2026-06-06 19:22:31,160 [mulder-job_2] INFO mulder.server.jobs: Job job_113c78e3 (run_chainsaw) completed
2026-06-06 19:22:31,161 [mulder-job_2] INFO mulder.server.jobs: [JOB_COMPLETE] run_chainsaw|completed|
2026-06-06 19:22:32,799 [mulder-job_5] WARNING mulder.extractors.disk: ewfmount failed on /evidence/cfreds_2015_data_leakage_pc.E01: Command '['ewfmount', '/evidence/cfreds_2015_data_leakage_pc.E01', '/tmp/mulder_mount_i4o6nfy9/_ewf']' returned non-zero exit status 1. No sub system to mount EWF format.

2026-06-06 19:22:33,100 [mulder-job_5] WARNING mulder.extractors.disk: guestmount failed on E01 /evidence/cfreds_2015_data_leakage_pc.E01: Command '['guestmount', '-a', '/evidence/cfreds_2015_data_leakage_pc.E01', '-i', '--ro', '/tmp/mulder_mount_i4o6nfy9']' returned non-zero exit status 1.
2026-06-06 19:22:33,102 [mulder-job_5] ERROR mulder.extractors.disk: Could not mount E01 /evidence/cfreds_2015_data_leakage_pc.E01 (tried ewfmount+mount and guestmount)
2026-06-06 19:22:33,103 [mulder-job_5] WARNING mulder.server.jobs: Job job_569263a2 (run_amcache_parser) returned error: Amcache.hve not found via TSK extraction or mount
2026-06-06 19:22:33,104 [mulder-job_5] INFO mulder.server.jobs: [JOB_COMPLETE] run_amcache_parser|failed|Amcache.hve not found via TSK extraction or mount
2026-06-06 19:22:33,125 [MainThread] INFO mcp.server.lowlevel.server: Processing request of type CallToolRequest
2026-06-06 19:22:35,974 [mulder-job_0] INFO mulder.server.tools.hayabusa: Hayabusa: extracted 53 EVTX files from /evidence/cfreds_2015_data_leakage_pc.E01
2026-06-06 19:22:36,044 [mulder-job_1] INFO mulder.server.jobs: Job job_d238909e (run_evtx_parser) completed
2026-06-06 19:22:36,045 [mulder-job_1] INFO mulder.server.jobs: [JOB_COMPLETE] run_evtx_parser|completed|
2026-06-06 19:22:36,050 [mulder-job_0] INFO mulder.server.jobs: Job job_ce4a315c (run_hayabusa) completed
2026-06-06 19:22:36,050 [mulder-job_0] INFO mulder.server.jobs: [JOB_COMPLETE] run_hayabusa|completed|
2026-06-06 19:22:37,516 [MainThread] INFO mcp.server.lowlevel.server: Processing request of type CallToolRequest
2026-06-06 19:22:39,567 [mulder-job_4] WARNING mulder.server.jobs: Job job_8ec1a108 (run_prefetch_parser) returned error: PECmd.dll produced no CSV output
2026-06-06 19:22:39,569 [mulder-job_4] INFO mulder.server.jobs: [JOB_COMPLETE] run_prefetch_parser|failed|PECmd.dll produced no CSV output
2026-06-06 19:22:50,056 [MainThread] INFO mcp.server.lowlevel.server: Processing request of type CallToolRequest
2026-06-06 19:22:50,630 [mulder-job_6] INFO mulder.server.jobs: Job job_3d1c247e (run_shimcache_parser) completed
2026-06-06 19:22:50,631 [mulder-job_6] INFO mulder.server.jobs: [JOB_COMPLETE] run_shimcache_parser|completed|
2026-06-06 19:22:52,588 [mulder-job_7] INFO mulder.server.jobs: Job job_3cb32bec (run_mft_parser) completed
2026-06-06 19:22:52,589 [mulder-job_7] INFO mulder.server.jobs: [JOB_COMPLETE] run_mft_parser|completed|
2026-06-06 19:23:11,008 [MainThread] INFO mcp.server.lowlevel.server: Processing request of type CallToolRequest
2026-06-06 19:23:12,980 [mulder-job_3] INFO mulder.server.jobs: Job job_52befd1d (run_registry_parser) completed
2026-06-06 19:23:12,981 [mulder-job_3] INFO mulder.server.jobs: [JOB_COMPLETE] run_registry_parser|completed|
2026-06-06 19:23:19,894 [MainThread] INFO mcp.server.lowlevel.server: Processing request of type CallToolRequest
2026-06-06 19:23:20,751 [MainThread] INFO mcp.server.lowlevel.server: Processing request of type CallToolRequest
2026-06-06 19:23:20,753 [AnyIO worker thread] INFO mulder.server.jobs: Submitted batch bg_e103a004 with 2 jobs: ['run_prefetch_parser', 'run_amcache_parser']
2026-06-06 19:23:21,109 [mulder-job_5] WARNING mulder.extractors.disk: ewfmount failed on /evidence/cfreds_2015_data_leakage_pc.E01: Command '['ewfmount', '/evidence/cfreds_2015_data_leakage_pc.E01', '/tmp/mulder_mount_f9wdmv54/_ewf']' returned non-zero exit status 1. No sub system to mount EWF format.

2026-06-06 19:23:21,271 [mulder-job_5] WARNING mulder.extractors.disk: guestmount failed on E01 /evidence/cfreds_2015_data_leakage_pc.E01: Command '['guestmount', '-a', '/evidence/cfreds_2015_data_leakage_pc.E01', '-i', '--ro', '/tmp/mulder_mount_f9wdmv54']' returned non-zero exit status 1.
2026-06-06 19:23:21,272 [mulder-job_5] ERROR mulder.extractors.disk: Could not mount E01 /evidence/cfreds_2015_data_leakage_pc.E01 (tried ewfmount+mount and guestmount)
2026-06-06 19:23:21,274 [mulder-job_5] WARNING mulder.server.jobs: Job job_0f9c5bfe (run_amcache_parser) returned error: Amcache.hve not found via TSK extraction or mount
2026-06-06 19:23:21,274 [mulder-job_5] INFO mulder.server.jobs: [JOB_COMPLETE] run_amcache_parser|failed|Amcache.hve not found via TSK extraction or mount
2026-06-06 19:23:25,522 [MainThread] INFO mcp.server.lowlevel.server: Processing request of type CallToolRequest
2026-06-06 19:23:27,033 [mulder-job_2] WARNING mulder.server.jobs: Job job_dba3766a (run_prefetch_parser) returned error: PECmd.dll produced no CSV output
2026-06-06 19:23:27,034 [mulder-job_2] INFO mulder.server.jobs: [JOB_COMPLETE] run_prefetch_parser|failed|PECmd.dll produced no CSV output
2026-06-06 19:23:29,809 [MainThread] INFO mcp.server.lowlevel.server: Processing request of type CallToolRequest
2026-06-06 19:23:43,758 [MainThread] INFO mulder.server.app: Mulder MCP server ready (db_dir=/home/mulder/.mulder/cases)
2026-06-06 19:23:43,775 [MainThread] INFO mcp.server.lowlevel.server: Processing request of type ListToolsRequest
2026-06-06 19:23:43,778 [MainThread] INFO mcp.server.lowlevel.server: Processing request of type ListPromptsRequest
2026-06-06 19:23:43,779 [MainThread] INFO mcp.server.lowlevel.server: Processing request of type ListResourcesRequest
2026-06-06 19:23:47,008 [MainThread] INFO mcp.server.lowlevel.server: Processing request of type CallToolRequest
2026-06-06 19:23:48,823 [MainThread] INFO mcp.server.lowlevel.server: Processing request of type CallToolRequest
2026-06-06 19:23:48,826 [AnyIO worker thread] INFO mulder.server.app: Opening case database for 'ndlc' ...
2026-06-06 19:23:48,857 [AnyIO worker thread] INFO mulder.server.app: Server context ready for case 'ndlc'
2026-06-06 19:23:49,100 [MainThread] INFO mcp.server.lowlevel.server: Processing request of type CallToolRequest
2026-06-06 19:23:55,281 [MainThread] INFO mulder.server.app: Mulder MCP server ready (db_dir=/home/mulder/.mulder/cases)
2026-06-06 19:23:55,299 [MainThread] INFO mcp.server.lowlevel.server: Processing request of type ListToolsRequest
2026-06-06 19:23:55,302 [MainThread] INFO mcp.server.lowlevel.server: Processing request of type ListPromptsRequest
2026-06-06 19:23:55,303 [MainThread] INFO mcp.server.lowlevel.server: Processing request of type ListResourcesRequest
2026-06-06 19:24:02,899 [MainThread] INFO mcp.server.lowlevel.server: Processing request of type CallToolRequest
2026-06-06 19:24:02,972 [MainThread] INFO mcp.server.lowlevel.server: Processing request of type CallToolRequest
2026-06-06 19:24:04,681 [MainThread] INFO mcp.server.lowlevel.server: Processing request of type CallToolRequest
2026-06-06 19:24:07,249 [MainThread] INFO mcp.server.lowlevel.server: Processing request of type CallToolRequest
2026-06-06 19:24:07,252 [AnyIO worker thread] INFO mulder.server.app: Opening case database for 'ndlc' ...
2026-06-06 19:24:07,262 [AnyIO worker thread] INFO mulder.server.app: Server context ready for case 'ndlc'
2026-06-06 19:24:10,555 [MainThread] INFO mcp.server.lowlevel.server: Processing request of type CallToolRequest
2026-06-06 19:24:10,793 [MainThread] INFO mcp.server.lowlevel.server: Processing request of type CallToolRequest
2026-06-06 19:24:13,445 [MainThread] INFO mcp.server.lowlevel.server: Processing request of type CallToolRequest
2026-06-06 19:24:13,659 [MainThread] INFO mcp.server.lowlevel.server: Processing request of type CallToolRequest
2026-06-06 19:24:14,067 [MainThread] INFO mcp.server.lowlevel.server: Processing request of type CallToolRequest
2026-06-06 19:24:22,830 [MainThread] INFO mcp.server.lowlevel.server: Processing request of type CallToolRequest
2026-06-06 19:24:23,038 [MainThread] INFO mcp.server.lowlevel.server: Processing request of type CallToolRequest
2026-06-06 19:24:23,453 [MainThread] INFO mcp.server.lowlevel.server: Processing request of type CallToolRequest
2026-06-06 19:24:26,782 [MainThread] INFO mcp.server.lowlevel.server: Processing request of type CallToolRequest
2026-06-06 19:24:32,252 [MainThread] INFO mcp.server.lowlevel.server: Processing request of type CallToolRequest
2026-06-06 19:24:36,174 [MainThread] INFO mcp.server.lowlevel.server: Processing request of type CallToolRequest
2026-06-06 19:24:37,712 [MainThread] INFO mcp.server.lowlevel.server: Processing request of type CallToolRequest
2026-06-06 19:24:37,733 [MainThread] INFO mcp.server.lowlevel.server: Processing request of type CallToolRequest
2026-06-06 19:24:44,925 [MainThread] INFO mcp.server.lowlevel.server: Processing request of type CallToolRequest
2026-06-06 19:24:45,867 [MainThread] INFO mcp.server.lowlevel.server: Processing request of type CallToolRequest
2026-06-06 19:24:48,901 [MainThread] INFO mcp.server.lowlevel.server: Processing request of type CallToolRequest
2026-06-06 19:24:53,265 [MainThread] INFO mcp.server.lowlevel.server: Processing request of type CallToolRequest
2026-06-06 19:24:59,132 [MainThread] INFO mcp.server.lowlevel.server: Processing request of type CallToolRequest
2026-06-06 19:24:59,589 [MainThread] INFO mcp.server.lowlevel.server: Processing request of type CallToolRequest
2026-06-06 19:25:00,348 [MainThread] INFO mcp.server.lowlevel.server: Processing request of type CallToolRequest
2026-06-06 19:25:09,998 [MainThread] INFO mcp.server.lowlevel.server: Processing request of type CallToolRequest
2026-06-06 19:25:10,629 [MainThread] INFO mcp.server.lowlevel.server: Processing request of type CallToolRequest
2026-06-06 19:25:11,149 [MainThread] INFO mulder.server.app: Mulder MCP server ready (db_dir=/home/mulder/.mulder/cases)
2026-06-06 19:25:11,167 [MainThread] INFO mcp.server.lowlevel.server: Processing request of type ListToolsRequest
2026-06-06 19:25:11,169 [MainThread] INFO mcp.server.lowlevel.server: Processing request of type ListPromptsRequest
2026-06-06 19:25:11,170 [MainThread] INFO mcp.server.lowlevel.server: Processing request of type ListResourcesRequest
2026-06-06 19:25:11,684 [MainThread] INFO mcp.server.lowlevel.server: Processing request of type CallToolRequest
2026-06-06 19:25:20,469 [MainThread] INFO mcp.server.lowlevel.server: Processing request of type CallToolRequest
2026-06-06 19:25:21,066 [MainThread] INFO mcp.server.lowlevel.server: Processing request of type CallToolRequest
2026-06-06 19:25:21,439 [MainThread] INFO mcp.server.lowlevel.server: Processing request of type CallToolRequest
2026-06-06 19:25:27,122 [MainThread] INFO mcp.server.lowlevel.server: Processing request of type CallToolRequest
2026-06-06 19:25:30,556 [MainThread] INFO mcp.server.lowlevel.server: Processing request of type CallToolRequest
2026-06-06 19:25:31,839 [MainThread] INFO mcp.server.lowlevel.server: Processing request of type CallToolRequest
2026-06-06 19:25:32,767 [MainThread] INFO mcp.server.lowlevel.server: Processing request of type CallToolRequest
2026-06-06 19:25:34,051 [MainThread] INFO mcp.server.lowlevel.server: Processing request of type CallToolRequest
2026-06-06 19:25:34,055 [AnyIO worker thread] WARNING mulder.server.tools.case: Overriding requested case_id 'RM2' with MULDER_CASE_ID='ndlc'
2026-06-06 19:25:34,099 [AnyIO worker thread] INFO mulder.server.app: Server context ready for case 'ndlc'
2026-06-06 19:25:40,733 [MainThread] INFO mcp.server.lowlevel.server: Processing request of type CallToolRequest
2026-06-06 19:25:40,735 [AnyIO worker thread] INFO mulder.server.app: Opening case database for 'ndlc' ...
2026-06-06 19:25:40,744 [AnyIO worker thread] INFO mulder.server.app: Server context ready for case 'ndlc'
2026-06-06 19:25:44,284 [MainThread] INFO mcp.server.lowlevel.server: Processing request of type CallToolRequest
2026-06-06 19:25:46,972 [MainThread] INFO mcp.server.lowlevel.server: Processing request of type CallToolRequest
2026-06-06 19:25:47,006 [MainThread] INFO mcp.server.lowlevel.server: Processing request of type CallToolRequest
2026-06-06 19:26:00,122 [MainThread] INFO mcp.server.lowlevel.server: Processing request of type CallToolRequest
2026-06-06 19:26:01,901 [MainThread] INFO mcp.server.lowlevel.server: Processing request of type CallToolRequest
2026-06-06 19:26:03,050 [MainThread] INFO mcp.server.lowlevel.server: Processing request of type CallToolRequest
2026-06-06 19:26:22,651 [MainThread] INFO mcp.server.lowlevel.server: Processing request of type CallToolRequest
2026-06-06 19:26:23,038 [MainThread] INFO mcp.server.lowlevel.server: Processing request of type CallToolRequest
2026-06-06 19:26:23,844 [MainThread] INFO mcp.server.lowlevel.server: Processing request of type CallToolRequest
2026-06-06 19:26:58,634 [MainThread] INFO mulder.server.app: Mulder MCP server ready (db_dir=/home/mulder/.mulder/cases)
2026-06-06 19:26:58,654 [MainThread] INFO mcp.server.lowlevel.server: Processing request of type ListToolsRequest
2026-06-06 19:26:58,656 [MainThread] INFO mcp.server.lowlevel.server: Processing request of type ListPromptsRequest
2026-06-06 19:26:58,657 [MainThread] INFO mcp.server.lowlevel.server: Processing request of type ListResourcesRequest
2026-06-06 19:26:58,875 [MainThread] INFO mcp.server.lowlevel.server: Processing request of type CallToolRequest
2026-06-06 19:27:07,872 [MainThread] INFO mcp.server.lowlevel.server: Processing request of type CallToolRequest
2026-06-06 19:27:11,619 [MainThread] INFO mcp.server.lowlevel.server: Processing request of type CallToolRequest
2026-06-06 19:27:16,470 [MainThread] INFO mcp.server.lowlevel.server: Processing request of type CallToolRequest
2026-06-06 19:27:16,473 [AnyIO worker thread] INFO mulder.server.app: Opening case database for 'ndlc' ...
2026-06-06 19:27:16,484 [AnyIO worker thread] INFO mulder.server.app: Server context ready for case 'ndlc'
2026-06-06 19:27:26,722 [MainThread] INFO mcp.server.lowlevel.server: Processing request of type CallToolRequest
2026-06-06 19:27:26,744 [mulder-job_1] INFO mulder.server.app: Resource throttle: run_mmls waiting (cpu=100%>=90.0%, waited 0s)
2026-06-06 19:27:26,746 [AnyIO worker thread] INFO mulder.server.jobs: Submitted batch bg_e8f5c65c with 6 jobs: ['run_volatility_batch', 'run_mmls', 'run_fls', 'run_bulk_extractor', 'yara_scan_memory', 'run_fls']
2026-06-06 19:27:26,781 [mulder-job_4] WARNING mulder.server.jobs: Job job_7ad8dd90 (yara_scan_memory) returned error: No memory sources found in this case. Run run_volatility_batch first, or ensure a memory dump exists in the evidence directory.
2026-06-06 19:27:26,783 [mulder-job_4] INFO mulder.server.jobs: [JOB_COMPLETE] yara_scan_memory|failed|No memory sources found in this case. Run run_volatility_batch first, or ensure a memory dump exists in the evidence directory.
2026-06-06 19:27:26,851 [mulder-job_2] INFO mulder.server.tools.extract.tsk: run_fls: offset 0 failed, retrying with mmls-detected offset 128
2026-06-06 19:27:27,011 [mulder-job_5] INFO mulder.server.tools.extract.tsk: run_fls: offset 0 failed, retrying with mmls-detected offset 128
2026-06-06 19:27:27,255 [mulder-job_0] INFO mulder.server.tools.extract.volatility: Volatility batch: context built for '/home/mulder/.mulder/cases/extracted/cfreds_2015_data_leakage_rm2/cfreds_2015_data_leakage_rm#2.dd', running 17 plugins (timeout=600s)
2026-06-06 19:27:27,257 [ThreadPoolExecutor-0_0] INFO volatility3.framework.automagic: Running automagic: SymbolCacheMagic
2026-06-06 19:27:27,280 [ThreadPoolExecutor-0_0] INFO volatility3.framework.automagic: Running automagic: ConstructionMagic
2026-06-06 19:27:27,295 [ThreadPoolExecutor-0_0] INFO volatility3.framework.automagic: Running automagic: LayerStacker
2026-06-06 19:27:27,315 [ThreadPoolExecutor-0_0] INFO volatility3.framework.automagic.linux: No Linux banners found - if this is a linux plugin, please check your symbol files location
2026-06-06 19:27:27,320 [ThreadPoolExecutor-0_0] INFO volatility3.framework.automagic.linux: No Linux banners found - if this is a linux plugin, please check your symbol files location
2026-06-06 19:27:27,321 [ThreadPoolExecutor-0_0] INFO volatility3.framework.automagic.mac: No Mac banners found - if this is a mac plugin, please check your symbol files location
2026-06-06 19:27:28,384 [ThreadPoolExecutor-0_0] INFO volatility3.framework.automagic: Running automagic: WinSwapLayers
2026-06-06 19:27:28,387 [ThreadPoolExecutor-0_0] INFO volatility3.framework.automagic: Running automagic: KernelPDBScanner
2026-06-06 19:27:28,390 [ThreadPoolExecutor-0_0] INFO volatility3.framework.automagic.pdbscan: No suitable kernels found during pdbscan
2026-06-06 19:27:28,392 [ThreadPoolExecutor-0_0] INFO volatility3.framework.automagic: Running automagic: SymbolFinder
2026-06-06 19:27:28,394 [ThreadPoolExecutor-0_0] INFO volatility3.framework.automagic: Running automagic: LinuxSymbolFinder
2026-06-06 19:27:28,395 [ThreadPoolExecutor-0_0] INFO volatility3.framework.automagic: Running automagic: MacSymbolFinder
2026-06-06 19:27:28,396 [ThreadPoolExecutor-0_0] INFO volatility3.framework.automagic: Running automagic: KernelModule
2026-06-06 19:27:28,399 [ThreadPoolExecutor-0_0] WARNING volatility3.framework.plugins: Automagic exception occurred: sqlite3.ProgrammingError: SQLite objects created in a thread can only be used in that same thread. The object was created in thread id 281473084793088 and this is thread id 281472588443904.
2026-06-06 19:27:28,401 [mulder-job_0] INFO mulder.server.tools.extract.volatility: Volatility batch: pslist -> error
2026-06-06 19:27:28,404 [ThreadPoolExecutor-1_0] INFO volatility3.framework.automagic: Running automagic: SymbolCacheMagic
2026-06-06 19:27:28,437 [ThreadPoolExecutor-1_0] INFO volatility3.framework.automagic: Running automagic: ConstructionMagic
2026-06-06 19:27:28,442 [ThreadPoolExecutor-1_0] INFO volatility3.framework.automagic: Running automagic: LayerStacker
2026-06-06 19:27:28,519 [ThreadPoolExecutor-1_0] INFO volatility3.framework.automagic.linux: No Linux banners found - if this is a linux plugin, please check your symbol files location
2026-06-06 19:27:28,526 [ThreadPoolExecutor-1_0] INFO volatility3.framework.automagic.linux: No Linux banners found - if this is a linux plugin, please check your symbol files location
2026-06-06 19:27:28,527 [ThreadPoolExecutor-1_0] INFO volatility3.framework.automagic.mac: No Mac banners found - if this is a mac plugin, please check your symbol files location
2026-06-06 19:27:29,739 [mulder-job_5] INFO mulder.server.tools.extract.tsk: fls failed on secondary partition at offset 206848 (ntfs / exfat (0x07)), skipping
2026-06-06 19:27:30,297 [ThreadPoolExecutor-1_0] INFO volatility3.framework.automagic: Running automagic: WinSwapLayers
2026-06-06 19:27:30,299 [ThreadPoolExecutor-1_0] INFO volatility3.framework.automagic: Running automagic: KernelPDBScanner
2026-06-06 19:27:30,300 [ThreadPoolExecutor-1_0] INFO volatility3.framework.automagic.pdbscan: No suitable kernels found during pdbscan
2026-06-06 19:27:30,301 [ThreadPoolExecutor-1_0] INFO volatility3.framework.automagic: Running automagic: SymbolFinder
2026-06-06 19:27:30,302 [ThreadPoolExecutor-1_0] INFO volatility3.framework.automagic: Running automagic: LinuxSymbolFinder
2026-06-06 19:27:30,302 [ThreadPoolExecutor-1_0] INFO volatility3.framework.automagic: Running automagic: MacSymbolFinder
2026-06-06 19:27:30,303 [ThreadPoolExecutor-1_0] INFO volatility3.framework.automagic: Running automagic: KernelModule
2026-06-06 19:27:30,305 [ThreadPoolExecutor-1_0] WARNING volatility3.framework.plugins: Automagic exception occurred: sqlite3.ProgrammingError: SQLite objects created in a thread can only be used in that same thread. The object was created in thread id 281473084793088 and this is thread id 281472588443904.
2026-06-06 19:27:30,307 [mulder-job_0] INFO mulder.server.tools.extract.volatility: Volatility batch: pstree -> error
2026-06-06 19:27:30,308 [ThreadPoolExecutor-2_0] INFO volatility3.framework.automagic: Running automagic: SymbolCacheMagic
2026-06-06 19:27:30,329 [ThreadPoolExecutor-2_0] INFO volatility3.framework.automagic: Running automagic: ConstructionMagic
2026-06-06 19:27:30,333 [ThreadPoolExecutor-2_0] INFO volatility3.framework.automagic: Running automagic: LayerStacker
2026-06-06 19:27:30,392 [ThreadPoolExecutor-2_0] INFO volatility3.framework.automagic.linux: No Linux banners found - if this is a linux plugin, please check your symbol files location
2026-06-06 19:27:30,393 [ThreadPoolExecutor-2_0] INFO volatility3.framework.automagic.linux: No Linux banners found - if this is a linux plugin, please check your symbol files location
2026-06-06 19:27:30,393 [ThreadPoolExecutor-2_0] INFO volatility3.framework.automagic.mac: No Mac banners found - if this is a mac plugin, please check your symbol files location
2026-06-06 19:27:30,428 [mulder-job_2] INFO mulder.server.tools.extract.tsk: fls failed on secondary partition at offset 206848 (ntfs / exfat (0x07)), skipping
2026-06-06 19:27:31,494 [ThreadPoolExecutor-2_0] INFO volatility3.framework.automagic: Running automagic: WinSwapLayers
2026-06-06 19:27:31,495 [ThreadPoolExecutor-2_0] INFO volatility3.framework.automagic: Running automagic: KernelPDBScanner
2026-06-06 19:27:31,497 [ThreadPoolExecutor-2_0] INFO volatility3.framework.automagic.pdbscan: No suitable kernels found during pdbscan
2026-06-06 19:27:31,498 [ThreadPoolExecutor-2_0] INFO volatility3.framework.automagic: Running automagic: SymbolFinder
2026-06-06 19:27:31,498 [ThreadPoolExecutor-2_0] INFO volatility3.framework.automagic: Running automagic: LinuxSymbolFinder
2026-06-06 19:27:31,499 [ThreadPoolExecutor-2_0] INFO volatility3.framework.automagic: Running automagic: MacSymbolFinder
2026-06-06 19:27:31,500 [ThreadPoolExecutor-2_0] INFO volatility3.framework.automagic: Running automagic: KernelModule
2026-06-06 19:27:31,500 [ThreadPoolExecutor-2_0] WARNING volatility3.framework.plugins: Automagic exception occurred: sqlite3.ProgrammingError: SQLite objects created in a thread can only be used in that same thread. The object was created in thread id 281473084793088 and this is thread id 281472588443904.
2026-06-06 19:27:31,501 [mulder-job_0] INFO mulder.server.tools.extract.volatility: Volatility batch: cmdline -> error
2026-06-06 19:27:31,502 [ThreadPoolExecutor-3_0] INFO volatility3.framework.automagic: Running automagic: SymbolCacheMagic
2026-06-06 19:27:31,520 [ThreadPoolExecutor-3_0] INFO volatility3.framework.automagic: Running automagic: ConstructionMagic
2026-06-06 19:27:31,526 [ThreadPoolExecutor-3_0] INFO volatility3.framework.automagic: Running automagic: LayerStacker
2026-06-06 19:27:31,592 [ThreadPoolExecutor-3_0] INFO volatility3.framework.automagic.linux: No Linux banners found - if this is a linux plugin, please check your symbol files location
2026-06-06 19:27:31,594 [ThreadPoolExecutor-3_0] INFO volatility3.framework.automagic.linux: No Linux banners found - if this is a linux plugin, please check your symbol files location
2026-06-06 19:27:31,595 [ThreadPoolExecutor-3_0] INFO volatility3.framework.automagic.mac: No Mac banners found - if this is a mac plugin, please check your symbol files location
2026-06-06 19:27:31,623 [MainThread] INFO mcp.server.lowlevel.server: Processing request of type CallToolRequest
2026-06-06 19:27:32,033 [mulder-job_1] INFO mulder.server.jobs: Job job_db50df9c (run_mmls) completed
2026-06-06 19:27:32,040 [mulder-job_1] INFO mulder.server.jobs: [JOB_COMPLETE] run_mmls|completed|
2026-06-06 19:27:32,662 [ThreadPoolExecutor-3_0] INFO volatility3.framework.automagic: Running automagic: WinSwapLayers
2026-06-06 19:27:32,663 [ThreadPoolExecutor-3_0] INFO volatility3.framework.automagic: Running automagic: KernelPDBScanner
2026-06-06 19:27:32,665 [ThreadPoolExecutor-3_0] INFO volatility3.framework.automagic.pdbscan: No suitable kernels found during pdbscan
2026-06-06 19:27:32,665 [ThreadPoolExecutor-3_0] INFO volatility3.framework.automagic: Running automagic: SymbolFinder
2026-06-06 19:27:32,666 [ThreadPoolExecutor-3_0] INFO volatility3.framework.automagic: Running automagic: LinuxSymbolFinder
2026-06-06 19:27:32,667 [ThreadPoolExecutor-3_0] INFO volatility3.framework.automagic: Running automagic: MacSymbolFinder
2026-06-06 19:27:32,668 [ThreadPoolExecutor-3_0] INFO volatility3.framework.automagic: Running automagic: KernelModule
2026-06-06 19:27:32,669 [ThreadPoolExecutor-3_0] WARNING volatility3.framework.plugins: Automagic exception occurred: sqlite3.ProgrammingError: SQLite objects created in a thread can only be used in that same thread. The object was created in thread id 281473084793088 and this is thread id 281472588443904.
2026-06-06 19:27:32,670 [mulder-job_0] INFO mulder.server.tools.extract.volatility: Volatility batch: netscan -> error
2026-06-06 19:27:32,671 [ThreadPoolExecutor-4_0] INFO volatility3.framework.automagic: Running automagic: SymbolCacheMagic
2026-06-06 19:27:32,689 [ThreadPoolExecutor-4_0] INFO volatility3.framework.automagic: Running automagic: ConstructionMagic
2026-06-06 19:27:32,693 [ThreadPoolExecutor-4_0] INFO volatility3.framework.automagic: Running automagic: LayerStacker
2026-06-06 19:27:32,748 [ThreadPoolExecutor-4_0] INFO volatility3.framework.automagic.linux: No Linux banners found - if this is a linux plugin, please check your symbol files location
2026-06-06 19:27:32,750 [ThreadPoolExecutor-4_0] INFO volatility3.framework.automagic.linux: No Linux banners found - if this is a linux plugin, please check your symbol files location
2026-06-06 19:27:32,751 [ThreadPoolExecutor-4_0] INFO volatility3.framework.automagic.mac: No Mac banners found - if this is a mac plugin, please check your symbol files location
2026-06-06 19:27:33,772 [ThreadPoolExecutor-4_0] INFO volatility3.framework.automagic: Running automagic: WinSwapLayers
2026-06-06 19:27:33,774 [ThreadPoolExecutor-4_0] INFO volatility3.framework.automagic: Running automagic: KernelPDBScanner
2026-06-06 19:27:33,775 [ThreadPoolExecutor-4_0] INFO volatility3.framework.automagic.pdbscan: No suitable kernels found during pdbscan
2026-06-06 19:27:33,776 [ThreadPoolExecutor-4_0] INFO volatility3.framework.automagic: Running automagic: SymbolFinder
2026-06-06 19:27:33,776 [ThreadPoolExecutor-4_0] INFO volatility3.framework.automagic: Running automagic: LinuxSymbolFinder
2026-06-06 19:27:33,777 [ThreadPoolExecutor-4_0] INFO volatility3.framework.automagic: Running automagic: MacSymbolFinder
2026-06-06 19:27:33,777 [ThreadPoolExecutor-4_0] INFO volatility3.framework.automagic: Running automagic: KernelModule
2026-06-06 19:27:33,778 [ThreadPoolExecutor-4_0] WARNING volatility3.framework.plugins: Automagic exception occurred: sqlite3.ProgrammingError: SQLite objects created in a thread can only be used in that same thread. The object was created in thread id 281473084793088 and this is thread id 281472588443904.
2026-06-06 19:27:33,781 [mulder-job_0] INFO mulder.server.tools.extract.volatility: Volatility batch: malfind -> error
2026-06-06 19:27:33,782 [ThreadPoolExecutor-5_0] INFO volatility3.framework.automagic: Running automagic: SymbolCacheMagic
2026-06-06 19:27:33,799 [ThreadPoolExecutor-5_0] INFO volatility3.framework.automagic: Running automagic: ConstructionMagic
2026-06-06 19:27:33,805 [ThreadPoolExecutor-5_0] INFO volatility3.framework.automagic: Running automagic: LayerStacker
2026-06-06 19:27:33,863 [ThreadPoolExecutor-5_0] INFO volatility3.framework.automagic.linux: No Linux banners found - if this is a linux plugin, please check your symbol files location
2026-06-06 19:27:33,865 [ThreadPoolExecutor-5_0] INFO volatility3.framework.automagic.linux: No Linux banners found - if this is a linux plugin, please check your symbol files location
2026-06-06 19:27:33,866 [ThreadPoolExecutor-5_0] INFO volatility3.framework.automagic.mac: No Mac banners found - if this is a mac plugin, please check your symbol files location
2026-06-06 19:27:34,743 [mulder-job_5] INFO mulder.server.tools.extract.tsk: Indexed secondary partition tsk.filelist.p2: offset=32, desc=ntfs / exfat (0x07)
2026-06-06 19:27:34,827 [mulder-job_5] INFO mulder.server.tools.extract.tsk: fls failed on secondary partition at offset 2048 (ntfs / exfat (0x07)), skipping
2026-06-06 19:27:34,879 [mulder-job_5] INFO mulder.server.jobs: Job job_dfc687d3 (run_fls) completed
2026-06-06 19:27:34,893 [mulder-job_5] INFO mulder.server.jobs: [JOB_COMPLETE] run_fls|completed|
2026-06-06 19:27:34,991 [ThreadPoolExecutor-5_0] INFO volatility3.framework.automagic: Running automagic: WinSwapLayers
2026-06-06 19:27:34,992 [ThreadPoolExecutor-5_0] INFO volatility3.framework.automagic: Running automagic: KernelPDBScanner
2026-06-06 19:27:34,993 [ThreadPoolExecutor-5_0] INFO volatility3.framework.automagic.pdbscan: No suitable kernels found during pdbscan
2026-06-06 19:27:34,994 [ThreadPoolExecutor-5_0] INFO volatility3.framework.automagic: Running automagic: SymbolFinder
2026-06-06 19:27:34,994 [ThreadPoolExecutor-5_0] INFO volatility3.framework.automagic: Running automagic: LinuxSymbolFinder
2026-06-06 19:27:34,995 [ThreadPoolExecutor-5_0] INFO volatility3.framework.automagic: Running automagic: MacSymbolFinder
2026-06-06 19:27:34,995 [ThreadPoolExecutor-5_0] INFO volatility3.framework.automagic: Running automagic: KernelModule
2026-06-06 19:27:34,996 [ThreadPoolExecutor-5_0] WARNING volatility3.framework.plugins: Automagic exception occurred: sqlite3.ProgrammingError: SQLite objects created in a thread can only be used in that same thread. The object was created in thread id 281473084793088 and this is thread id 281472588443904.
2026-06-06 19:27:34,997 [mulder-job_0] INFO mulder.server.tools.extract.volatility: Volatility batch: psscan -> error
2026-06-06 19:27:34,998 [ThreadPoolExecutor-6_0] INFO volatility3.framework.automagic: Running automagic: SymbolCacheMagic
2026-06-06 19:27:35,059 [ThreadPoolExecutor-6_0] INFO volatility3.framework.automagic: Running automagic: ConstructionMagic
2026-06-06 19:27:35,066 [ThreadPoolExecutor-6_0] INFO volatility3.framework.automagic: Running automagic: LayerStacker
2026-06-06 19:27:35,070 [ThreadPoolExecutor-6_0] INFO volatility3.framework.automagic.linux: No Linux banners found - if this is a linux plugin, please check your symbol files location
2026-06-06 19:27:35,071 [ThreadPoolExecutor-6_0] INFO volatility3.framework.automagic.linux: No Linux banners found - if this is a linux plugin, please check your symbol files location
2026-06-06 19:27:35,072 [ThreadPoolExecutor-6_0] INFO volatility3.framework.automagic.mac: No Mac banners found - if this is a mac plugin, please check your symbol files location
2026-06-06 19:27:36,000 [ThreadPoolExecutor-6_0] INFO volatility3.framework.automagic: Running automagic: WinSwapLayers
2026-06-06 19:27:36,001 [ThreadPoolExecutor-6_0] INFO volatility3.framework.automagic: Running automagic: KernelPDBScanner
2026-06-06 19:27:36,002 [ThreadPoolExecutor-6_0] INFO volatility3.framework.automagic.pdbscan: No suitable kernels found during pdbscan
2026-06-06 19:27:36,003 [ThreadPoolExecutor-6_0] INFO volatility3.framework.automagic: Running automagic: SymbolFinder
2026-06-06 19:27:36,003 [ThreadPoolExecutor-6_0] INFO volatility3.framework.automagic: Running automagic: LinuxSymbolFinder
2026-06-06 19:27:36,004 [ThreadPoolExecutor-6_0] INFO volatility3.framework.automagic: Running automagic: MacSymbolFinder
2026-06-06 19:27:36,004 [ThreadPoolExecutor-6_0] INFO volatility3.framework.automagic: Running automagic: KernelModule
2026-06-06 19:27:36,005 [ThreadPoolExecutor-6_0] WARNING volatility3.framework.plugins: Automagic exception occurred: sqlite3.ProgrammingError: SQLite objects created in a thread can only be used in that same thread. The object was created in thread id 281473084793088 and this is thread id 281472588443904.
2026-06-06 19:27:36,006 [mulder-job_0] INFO mulder.server.tools.extract.volatility: Volatility batch: dlllist -> error
2026-06-06 19:27:36,007 [ThreadPoolExecutor-7_0] INFO volatility3.framework.automagic: Running automagic: SymbolCacheMagic
2026-06-06 19:27:36,023 [ThreadPoolExecutor-7_0] INFO volatility3.framework.automagic: Running automagic: ConstructionMagic
2026-06-06 19:27:36,027 [ThreadPoolExecutor-7_0] INFO volatility3.framework.automagic: Running automagic: LayerStacker
2026-06-06 19:27:36,031 [ThreadPoolExecutor-7_0] INFO volatility3.framework.automagic.linux: No Linux banners found - if this is a linux plugin, please check your symbol files location
2026-06-06 19:27:36,031 [ThreadPoolExecutor-7_0] INFO volatility3.framework.automagic.linux: No Linux banners found - if this is a linux plugin, please check your symbol files location
2026-06-06 19:27:36,032 [ThreadPoolExecutor-7_0] INFO volatility3.framework.automagic.mac: No Mac banners found - if this is a mac plugin, please check your symbol files location
2026-06-06 19:27:37,057 [ThreadPoolExecutor-7_0] INFO volatility3.framework.automagic: Running automagic: WinSwapLayers
2026-06-06 19:27:37,058 [ThreadPoolExecutor-7_0] INFO volatility3.framework.automagic: Running automagic: KernelPDBScanner
2026-06-06 19:27:37,059 [ThreadPoolExecutor-7_0] INFO volatility3.framework.automagic.pdbscan: No suitable kernels found during pdbscan
2026-06-06 19:27:37,059 [ThreadPoolExecutor-7_0] INFO volatility3.framework.automagic: Running automagic: SymbolFinder
2026-06-06 19:27:37,059 [ThreadPoolExecutor-7_0] INFO volatility3.framework.automagic: Running automagic: LinuxSymbolFinder
2026-06-06 19:27:37,060 [ThreadPoolExecutor-7_0] INFO volatility3.framework.automagic: Running automagic: MacSymbolFinder
2026-06-06 19:27:37,061 [ThreadPoolExecutor-7_0] INFO volatility3.framework.automagic: Running automagic: KernelModule
2026-06-06 19:27:37,062 [ThreadPoolExecutor-7_0] WARNING volatility3.framework.plugins: Automagic exception occurred: sqlite3.ProgrammingError: SQLite objects created in a thread can only be used in that same thread. The object was created in thread id 281473084793088 and this is thread id 281472588443904.
2026-06-06 19:27:37,063 [mulder-job_0] INFO mulder.server.tools.extract.volatility: Volatility batch: svcscan -> error
2026-06-06 19:27:37,064 [ThreadPoolExecutor-8_0] INFO volatility3.framework.automagic: Running automagic: SymbolCacheMagic
2026-06-06 19:27:37,083 [ThreadPoolExecutor-8_0] INFO volatility3.framework.automagic: Running automagic: ConstructionMagic
2026-06-06 19:27:37,089 [ThreadPoolExecutor-8_0] INFO volatility3.framework.automagic: Running automagic: LayerStacker
2026-06-06 19:27:37,094 [ThreadPoolExecutor-8_0] INFO volatility3.framework.automagic.linux: No Linux banners found - if this is a linux plugin, please check your symbol files location
2026-06-06 19:27:37,094 [ThreadPoolExecutor-8_0] INFO volatility3.framework.automagic.linux: No Linux banners found - if this is a linux plugin, please check your symbol files location
2026-06-06 19:27:37,095 [ThreadPoolExecutor-8_0] INFO volatility3.framework.automagic.mac: No Mac banners found - if this is a mac plugin, please check your symbol files location
2026-06-06 19:27:38,023 [ThreadPoolExecutor-8_0] INFO volatility3.framework.automagic: Running automagic: WinSwapLayers
2026-06-06 19:27:38,025 [ThreadPoolExecutor-8_0] INFO volatility3.framework.automagic: Running automagic: KernelPDBScanner
2026-06-06 19:27:38,025 [ThreadPoolExecutor-8_0] INFO volatility3.framework.automagic.pdbscan: No suitable kernels found during pdbscan
2026-06-06 19:27:38,026 [ThreadPoolExecutor-8_0] INFO volatility3.framework.automagic: Running automagic: SymbolFinder
2026-06-06 19:27:38,027 [ThreadPoolExecutor-8_0] INFO volatility3.framework.automagic: Running automagic: LinuxSymbolFinder
2026-06-06 19:27:38,027 [ThreadPoolExecutor-8_0] INFO volatility3.framework.automagic: Running automagic: MacSymbolFinder
2026-06-06 19:27:38,028 [ThreadPoolExecutor-8_0] INFO volatility3.framework.automagic: Running automagic: KernelModule
2026-06-06 19:27:38,028 [ThreadPoolExecutor-8_0] WARNING volatility3.framework.plugins: Automagic exception occurred: sqlite3.ProgrammingError: SQLite objects created in a thread can only be used in that same thread. The object was created in thread id 281473084793088 and this is thread id 281472588443904.
2026-06-06 19:27:38,030 [mulder-job_0] INFO mulder.server.tools.extract.volatility: Volatility batch: handles -> error
2026-06-06 19:27:38,031 [ThreadPoolExecutor-9_0] INFO volatility3.framework.automagic: Running automagic: SymbolCacheMagic
2026-06-06 19:27:38,048 [ThreadPoolExecutor-9_0] INFO volatility3.framework.automagic: Running automagic: ConstructionMagic
2026-06-06 19:27:38,053 [ThreadPoolExecutor-9_0] INFO volatility3.framework.automagic: Running automagic: LayerStacker
2026-06-06 19:27:38,057 [ThreadPoolExecutor-9_0] INFO volatility3.framework.automagic.linux: No Linux banners found - if this is a linux plugin, please check your symbol files location
2026-06-06 19:27:38,058 [ThreadPoolExecutor-9_0] INFO volatility3.framework.automagic.linux: No Linux banners found - if this is a linux plugin, please check your symbol files location
2026-06-06 19:27:38,059 [ThreadPoolExecutor-9_0] INFO volatility3.framework.automagic.mac: No Mac banners found - if this is a mac plugin, please check your symbol files location
2026-06-06 19:27:38,083 [mulder-job_2] INFO mulder.server.tools.extract.tsk: Indexed secondary partition tsk.filelist.p2: offset=32, desc=ntfs / exfat (0x07)
2026-06-06 19:27:38,133 [mulder-job_2] INFO mulder.server.tools.extract.tsk: fls failed on secondary partition at offset 2048 (ntfs / exfat (0x07)), skipping
2026-06-06 19:27:38,178 [mulder-job_2] INFO mulder.server.jobs: Job job_26de2a4e (run_fls) completed
2026-06-06 19:27:38,195 [mulder-job_2] INFO mulder.server.jobs: [JOB_COMPLETE] run_fls|completed|
2026-06-06 19:27:39,038 [ThreadPoolExecutor-9_0] INFO volatility3.framework.automagic: Running automagic: WinSwapLayers
2026-06-06 19:27:39,039 [ThreadPoolExecutor-9_0] INFO volatility3.framework.automagic: Running automagic: KernelPDBScanner
2026-06-06 19:27:39,040 [ThreadPoolExecutor-9_0] INFO volatility3.framework.automagic.pdbscan: No suitable kernels found during pdbscan
2026-06-06 19:27:39,040 [ThreadPoolExecutor-9_0] INFO volatility3.framework.automagic: Running automagic: SymbolFinder
2026-06-06 19:27:39,041 [ThreadPoolExecutor-9_0] INFO volatility3.framework.automagic: Running automagic: LinuxSymbolFinder
2026-06-06 19:27:39,042 [ThreadPoolExecutor-9_0] INFO volatility3.framework.automagic: Running automagic: MacSymbolFinder
2026-06-06 19:27:39,042 [ThreadPoolExecutor-9_0] INFO volatility3.framework.automagic: Running automagic: KernelModule
2026-06-06 19:27:39,043 [ThreadPoolExecutor-9_0] WARNING volatility3.framework.plugins: Automagic exception occurred: sqlite3.ProgrammingError: SQLite objects created in a thread can only be used in that same thread. The object was created in thread id 281473084793088 and this is thread id 281472588443904.
2026-06-06 19:27:39,044 [mulder-job_0] INFO mulder.server.tools.extract.volatility: Volatility batch: envars -> error
2026-06-06 19:27:39,045 [ThreadPoolExecutor-10_0] INFO volatility3.framework.automagic: Running automagic: SymbolCacheMagic
2026-06-06 19:27:39,062 [ThreadPoolExecutor-10_0] INFO volatility3.framework.automagic: Running automagic: ConstructionMagic
2026-06-06 19:27:39,067 [ThreadPoolExecutor-10_0] INFO volatility3.framework.automagic: Running automagic: LayerStacker
2026-06-06 19:27:39,072 [ThreadPoolExecutor-10_0] INFO volatility3.framework.automagic.linux: No Linux banners found - if this is a linux plugin, please check your symbol files location
2026-06-06 19:27:39,073 [ThreadPoolExecutor-10_0] INFO volatility3.framework.automagic.linux: No Linux banners found - if this is a linux plugin, please check your symbol files location
2026-06-06 19:27:39,074 [ThreadPoolExecutor-10_0] INFO volatility3.framework.automagic.mac: No Mac banners found - if this is a mac plugin, please check your symbol files location
2026-06-06 19:27:39,990 [ThreadPoolExecutor-10_0] INFO volatility3.framework.automagic: Running automagic: WinSwapLayers
2026-06-06 19:27:39,991 [ThreadPoolExecutor-10_0] INFO volatility3.framework.automagic: Running automagic: KernelPDBScanner
2026-06-06 19:27:39,992 [ThreadPoolExecutor-10_0] INFO volatility3.framework.automagic.pdbscan: No suitable kernels found during pdbscan
2026-06-06 19:27:39,993 [ThreadPoolExecutor-10_0] INFO volatility3.framework.automagic: Running automagic: SymbolFinder
2026-06-06 19:27:39,993 [ThreadPoolExecutor-10_0] INFO volatility3.framework.automagic: Running automagic: LinuxSymbolFinder
2026-06-06 19:27:39,993 [ThreadPoolExecutor-10_0] INFO volatility3.framework.automagic: Running automagic: MacSymbolFinder
2026-06-06 19:27:39,994 [ThreadPoolExecutor-10_0] INFO volatility3.framework.automagic: Running automagic: KernelModule
2026-06-06 19:27:39,995 [ThreadPoolExecutor-10_0] WARNING volatility3.framework.plugins: Automagic exception occurred: sqlite3.ProgrammingError: SQLite objects created in a thread can only be used in that same thread. The object was created in thread id 281473084793088 and this is thread id 281472588443904.
2026-06-06 19:27:39,996 [mulder-job_0] INFO mulder.server.tools.extract.volatility: Volatility batch: getsids -> error
2026-06-06 19:27:39,997 [ThreadPoolExecutor-11_0] INFO volatility3.framework.automagic: Running automagic: SymbolCacheMagic
2026-06-06 19:27:40,014 [ThreadPoolExecutor-11_0] INFO volatility3.framework.automagic: Running automagic: ConstructionMagic
2026-06-06 19:27:40,018 [ThreadPoolExecutor-11_0] INFO volatility3.framework.automagic: Running automagic: LayerStacker
2026-06-06 19:27:40,023 [ThreadPoolExecutor-11_0] INFO volatility3.framework.automagic.linux: No Linux banners found - if this is a linux plugin, please check your symbol files location
2026-06-06 19:27:40,023 [ThreadPoolExecutor-11_0] INFO volatility3.framework.automagic.linux: No Linux banners found - if this is a linux plugin, please check your symbol files location
2026-06-06 19:27:40,024 [ThreadPoolExecutor-11_0] INFO volatility3.framework.automagic.mac: No Mac banners found - if this is a mac plugin, please check your symbol files location
2026-06-06 19:27:40,936 [ThreadPoolExecutor-11_0] INFO volatility3.framework.automagic: Running automagic: WinSwapLayers
2026-06-06 19:27:40,936 [ThreadPoolExecutor-11_0] INFO volatility3.framework.automagic: Running automagic: KernelPDBScanner
2026-06-06 19:27:40,937 [ThreadPoolExecutor-11_0] INFO volatility3.framework.automagic.pdbscan: No suitable kernels found during pdbscan
2026-06-06 19:27:40,938 [ThreadPoolExecutor-11_0] INFO volatility3.framework.automagic: Running automagic: SymbolFinder
2026-06-06 19:27:40,938 [ThreadPoolExecutor-11_0] INFO volatility3.framework.automagic: Running automagic: LinuxSymbolFinder
2026-06-06 19:27:40,939 [ThreadPoolExecutor-11_0] INFO volatility3.framework.automagic: Running automagic: MacSymbolFinder
2026-06-06 19:27:40,939 [ThreadPoolExecutor-11_0] INFO volatility3.framework.automagic: Running automagic: KernelModule
2026-06-06 19:27:40,940 [ThreadPoolExecutor-11_0] WARNING volatility3.framework.plugins: Automagic exception occurred: sqlite3.ProgrammingError: SQLite objects created in a thread can only be used in that same thread. The object was created in thread id 281473084793088 and this is thread id 281472588443904.
2026-06-06 19:27:40,941 [mulder-job_0] INFO mulder.server.tools.extract.volatility: Volatility batch: filescan -> error
2026-06-06 19:27:40,942 [ThreadPoolExecutor-12_0] INFO volatility3.framework.automagic: Running automagic: SymbolCacheMagic
2026-06-06 19:27:40,957 [ThreadPoolExecutor-12_0] INFO volatility3.framework.automagic: Running automagic: ConstructionMagic
2026-06-06 19:27:40,961 [ThreadPoolExecutor-12_0] INFO volatility3.framework.automagic: Running automagic: LayerStacker
2026-06-06 19:27:40,965 [ThreadPoolExecutor-12_0] INFO volatility3.framework.automagic.linux: No Linux banners found - if this is a linux plugin, please check your symbol files location
2026-06-06 19:27:40,966 [ThreadPoolExecutor-12_0] INFO volatility3.framework.automagic.linux: No Linux banners found - if this is a linux plugin, please check your symbol files location
2026-06-06 19:27:40,966 [ThreadPoolExecutor-12_0] INFO volatility3.framework.automagic.mac: No Mac banners found - if this is a mac plugin, please check your symbol files location
2026-06-06 19:27:41,956 [ThreadPoolExecutor-12_0] INFO volatility3.framework.automagic: Running automagic: WinSwapLayers
2026-06-06 19:27:41,957 [ThreadPoolExecutor-12_0] INFO volatility3.framework.automagic: Running automagic: KernelPDBScanner
2026-06-06 19:27:41,958 [ThreadPoolExecutor-12_0] INFO volatility3.framework.automagic.pdbscan: No suitable kernels found during pdbscan
2026-06-06 19:27:41,958 [ThreadPoolExecutor-12_0] INFO volatility3.framework.automagic: Running automagic: SymbolFinder
2026-06-06 19:27:41,959 [ThreadPoolExecutor-12_0] INFO volatility3.framework.automagic: Running automagic: LinuxSymbolFinder
2026-06-06 19:27:41,959 [ThreadPoolExecutor-12_0] INFO volatility3.framework.automagic: Running automagic: MacSymbolFinder
2026-06-06 19:27:41,960 [ThreadPoolExecutor-12_0] INFO volatility3.framework.automagic: Running automagic: KernelModule
2026-06-06 19:27:41,960 [ThreadPoolExecutor-12_0] WARNING volatility3.framework.plugins: Automagic exception occurred: sqlite3.ProgrammingError: SQLite objects created in a thread can only be used in that same thread. The object was created in thread id 281473084793088 and this is thread id 281472588443904.
2026-06-06 19:27:41,961 [mulder-job_0] INFO mulder.server.tools.extract.volatility: Volatility batch: modules -> error
2026-06-06 19:27:41,962 [ThreadPoolExecutor-13_0] INFO volatility3.framework.automagic: Running automagic: SymbolCacheMagic
2026-06-06 19:27:41,977 [ThreadPoolExecutor-13_0] INFO volatility3.framework.automagic: Running automagic: ConstructionMagic
2026-06-06 19:27:41,982 [ThreadPoolExecutor-13_0] INFO volatility3.framework.automagic: Running automagic: LayerStacker
2026-06-06 19:27:41,987 [ThreadPoolExecutor-13_0] INFO volatility3.framework.automagic.linux: No Linux banners found - if this is a linux plugin, please check your symbol files location
2026-06-06 19:27:41,988 [ThreadPoolExecutor-13_0] INFO volatility3.framework.automagic.linux: No Linux banners found - if this is a linux plugin, please check your symbol files location
2026-06-06 19:27:41,988 [ThreadPoolExecutor-13_0] INFO volatility3.framework.automagic.mac: No Mac banners found - if this is a mac plugin, please check your symbol files location
2026-06-06 19:27:42,906 [ThreadPoolExecutor-13_0] INFO volatility3.framework.automagic: Running automagic: WinSwapLayers
2026-06-06 19:27:42,907 [ThreadPoolExecutor-13_0] INFO volatility3.framework.automagic: Running automagic: KernelPDBScanner
2026-06-06 19:27:42,908 [ThreadPoolExecutor-13_0] INFO volatility3.framework.automagic.pdbscan: No suitable kernels found during pdbscan
2026-06-06 19:27:42,909 [ThreadPoolExecutor-13_0] INFO volatility3.framework.automagic: Running automagic: SymbolFinder
2026-06-06 19:27:42,910 [ThreadPoolExecutor-13_0] INFO volatility3.framework.automagic: Running automagic: LinuxSymbolFinder
2026-06-06 19:27:42,910 [ThreadPoolExecutor-13_0] INFO volatility3.framework.automagic: Running automagic: MacSymbolFinder
2026-06-06 19:27:42,911 [ThreadPoolExecutor-13_0] INFO volatility3.framework.automagic: Running automagic: KernelModule
2026-06-06 19:27:42,912 [ThreadPoolExecutor-13_0] WARNING volatility3.framework.plugins: Automagic exception occurred: sqlite3.ProgrammingError: SQLite objects created in a thread can only be used in that same thread. The object was created in thread id 281473084793088 and this is thread id 281472588443904.
2026-06-06 19:27:42,913 [mulder-job_0] INFO mulder.server.tools.extract.volatility: Volatility batch: modscan -> error
2026-06-06 19:27:42,914 [ThreadPoolExecutor-14_0] INFO volatility3.framework.automagic: Running automagic: SymbolCacheMagic
2026-06-06 19:27:42,948 [ThreadPoolExecutor-14_0] INFO volatility3.framework.automagic: Running automagic: ConstructionMagic
2026-06-06 19:27:42,954 [ThreadPoolExecutor-14_0] INFO volatility3.framework.automagic: Running automagic: LayerStacker
2026-06-06 19:27:42,958 [ThreadPoolExecutor-14_0] INFO volatility3.framework.automagic.linux: No Linux banners found - if this is a linux plugin, please check your symbol files location
2026-06-06 19:27:42,959 [ThreadPoolExecutor-14_0] INFO volatility3.framework.automagic.linux: No Linux banners found - if this is a linux plugin, please check your symbol files location
2026-06-06 19:27:42,960 [ThreadPoolExecutor-14_0] INFO volatility3.framework.automagic.mac: No Mac banners found - if this is a mac plugin, please check your symbol files location
2026-06-06 19:27:43,888 [ThreadPoolExecutor-14_0] INFO volatility3.framework.automagic: Running automagic: WinSwapLayers
2026-06-06 19:27:43,888 [ThreadPoolExecutor-14_0] INFO volatility3.framework.automagic: Running automagic: KernelPDBScanner
2026-06-06 19:27:43,890 [ThreadPoolExecutor-14_0] INFO volatility3.framework.automagic.pdbscan: No suitable kernels found during pdbscan
2026-06-06 19:27:43,890 [ThreadPoolExecutor-14_0] INFO volatility3.framework.automagic: Running automagic: SymbolFinder
2026-06-06 19:27:43,891 [ThreadPoolExecutor-14_0] INFO volatility3.framework.automagic: Running automagic: LinuxSymbolFinder
2026-06-06 19:27:43,891 [ThreadPoolExecutor-14_0] INFO volatility3.framework.automagic: Running automagic: MacSymbolFinder
2026-06-06 19:27:43,892 [ThreadPoolExecutor-14_0] INFO volatility3.framework.automagic: Running automagic: KernelModule
2026-06-06 19:27:43,893 [ThreadPoolExecutor-14_0] WARNING volatility3.framework.plugins: Automagic exception occurred: sqlite3.ProgrammingError: SQLite objects created in a thread can only be used in that same thread. The object was created in thread id 281473084793088 and this is thread id 281472588443904.
2026-06-06 19:27:43,894 [mulder-job_0] INFO mulder.server.tools.extract.volatility: Volatility batch: hivelist -> error
2026-06-06 19:27:43,894 [ThreadPoolExecutor-15_0] INFO volatility3.framework.automagic: Running automagic: SymbolCacheMagic
2026-06-06 19:27:43,910 [ThreadPoolExecutor-15_0] INFO volatility3.framework.automagic: Running automagic: ConstructionMagic
2026-06-06 19:27:43,916 [ThreadPoolExecutor-15_0] INFO volatility3.framework.automagic: Running automagic: LayerStacker
2026-06-06 19:27:43,921 [ThreadPoolExecutor-15_0] INFO volatility3.framework.automagic.linux: No Linux banners found - if this is a linux plugin, please check your symbol files location
2026-06-06 19:27:43,922 [ThreadPoolExecutor-15_0] INFO volatility3.framework.automagic.linux: No Linux banners found - if this is a linux plugin, please check your symbol files location
2026-06-06 19:27:43,922 [ThreadPoolExecutor-15_0] INFO volatility3.framework.automagic.mac: No Mac banners found - if this is a mac plugin, please check your symbol files location
2026-06-06 19:27:44,866 [ThreadPoolExecutor-15_0] INFO volatility3.framework.automagic: Running automagic: WinSwapLayers
2026-06-06 19:27:44,866 [ThreadPoolExecutor-15_0] INFO volatility3.framework.automagic: Running automagic: KernelPDBScanner
2026-06-06 19:27:44,869 [ThreadPoolExecutor-15_0] INFO volatility3.framework.automagic.pdbscan: No suitable kernels found during pdbscan
2026-06-06 19:27:44,869 [ThreadPoolExecutor-15_0] INFO volatility3.framework.automagic: Running automagic: SymbolFinder
2026-06-06 19:27:44,870 [ThreadPoolExecutor-15_0] INFO volatility3.framework.automagic: Running automagic: LinuxSymbolFinder
2026-06-06 19:27:44,870 [ThreadPoolExecutor-15_0] INFO volatility3.framework.automagic: Running automagic: MacSymbolFinder
2026-06-06 19:27:44,871 [ThreadPoolExecutor-15_0] INFO volatility3.framework.automagic: Running automagic: KernelModule
2026-06-06 19:27:44,872 [ThreadPoolExecutor-15_0] WARNING volatility3.framework.plugins: Automagic exception occurred: sqlite3.ProgrammingError: SQLite objects created in a thread can only be used in that same thread. The object was created in thread id 281473084793088 and this is thread id 281472588443904.
2026-06-06 19:27:44,872 [mulder-job_0] INFO mulder.server.tools.extract.volatility: Volatility batch: userassist -> error
2026-06-06 19:27:44,873 [ThreadPoolExecutor-16_0] INFO volatility3.framework.automagic: Running automagic: SymbolCacheMagic
2026-06-06 19:27:44,889 [ThreadPoolExecutor-16_0] INFO volatility3.framework.automagic: Running automagic: ConstructionMagic
2026-06-06 19:27:44,893 [ThreadPoolExecutor-16_0] INFO volatility3.framework.automagic: Running automagic: LayerStacker
2026-06-06 19:27:44,898 [ThreadPoolExecutor-16_0] INFO volatility3.framework.automagic.linux: No Linux banners found - if this is a linux plugin, please check your symbol files location
2026-06-06 19:27:44,898 [ThreadPoolExecutor-16_0] INFO volatility3.framework.automagic.linux: No Linux banners found - if this is a linux plugin, please check your symbol files location
2026-06-06 19:27:44,899 [ThreadPoolExecutor-16_0] INFO volatility3.framework.automagic.mac: No Mac banners found - if this is a mac plugin, please check your symbol files location
2026-06-06 19:27:45,821 [ThreadPoolExecutor-16_0] INFO volatility3.framework.automagic: Running automagic: WinSwapLayers
2026-06-06 19:27:45,821 [ThreadPoolExecutor-16_0] INFO volatility3.framework.automagic: Running automagic: KernelPDBScanner
2026-06-06 19:27:45,822 [ThreadPoolExecutor-16_0] INFO volatility3.framework.automagic.pdbscan: No suitable kernels found during pdbscan
2026-06-06 19:27:45,823 [ThreadPoolExecutor-16_0] INFO volatility3.framework.automagic: Running automagic: SymbolFinder
2026-06-06 19:27:45,823 [ThreadPoolExecutor-16_0] INFO volatility3.framework.automagic: Running automagic: LinuxSymbolFinder
2026-06-06 19:27:45,824 [ThreadPoolExecutor-16_0] INFO volatility3.framework.automagic: Running automagic: MacSymbolFinder
2026-06-06 19:27:45,824 [ThreadPoolExecutor-16_0] INFO volatility3.framework.automagic: Running automagic: KernelModule
2026-06-06 19:27:45,825 [ThreadPoolExecutor-16_0] WARNING volatility3.framework.plugins: Automagic exception occurred: sqlite3.ProgrammingError: SQLite objects created in a thread can only be used in that same thread. The object was created in thread id 281473084793088 and this is thread id 281472588443904.
2026-06-06 19:27:45,826 [mulder-job_0] INFO mulder.server.tools.extract.volatility: Volatility batch: vadinfo -> error
2026-06-06 19:27:45,829 [mulder-job_0] INFO mulder.server.jobs: Job job_8e641b60 (run_volatility_batch) completed
2026-06-06 19:27:45,830 [mulder-job_0] INFO mulder.server.jobs: [JOB_COMPLETE] run_volatility_batch|completed|
2026-06-06 19:27:46,351 [mulder-job_3] INFO mulder.server.jobs: Job job_25a5a442 (run_bulk_extractor) completed
2026-06-06 19:27:46,352 [mulder-job_3] INFO mulder.server.jobs: [JOB_COMPLETE] run_bulk_extractor|completed|
2026-06-06 19:27:50,642 [MainThread] INFO mcp.server.lowlevel.server: Processing request of type CallToolRequest
2026-06-06 19:28:03,385 [MainThread] INFO mcp.server.lowlevel.server: Processing request of type CallToolRequest
2026-06-06 19:28:05,062 [MainThread] INFO mcp.server.lowlevel.server: Processing request of type CallToolRequest
2026-06-06 19:28:05,087 [AnyIO worker thread] INFO mulder.server.jobs: Submitted batch bg_661a39db with 6 jobs: ['run_mft_parser', 'run_mactime', 'yara_scan_files', 'run_evtx_parser', 'run_registry_parser', 'run_prefetch_parser']
2026-06-06 19:28:05,095 [mulder-job_5] INFO mulder.server.tools.yara: Updated YARA rules: signature-base
2026-06-06 19:28:05,143 [mulder-job_4] WARNING mulder.server.tools.extract.misc: icat $MFT extraction failed (rc=1) for /evidence/cfreds_2015_data_leakage_rm2.E01; trying mount
2026-06-06 19:28:05,156 [mulder-job_4] WARNING mulder.extractors.disk: ewfmount failed on /evidence/cfreds_2015_data_leakage_rm2.E01: Command '['ewfmount', '/evidence/cfreds_2015_data_leakage_rm2.E01', '/tmp/mulder_mount_uknbjdkv/_ewf']' returned non-zero exit status 1. No sub system to mount EWF format.

2026-06-06 19:28:05,390 [mulder-job_4] WARNING mulder.extractors.disk: guestmount failed on E01 /evidence/cfreds_2015_data_leakage_rm2.E01: Command '['guestmount', '-a', '/evidence/cfreds_2015_data_leakage_rm2.E01', '-i', '--ro', '/tmp/mulder_mount_uknbjdkv']' returned non-zero exit status 1.
2026-06-06 19:28:05,391 [mulder-job_4] ERROR mulder.extractors.disk: Could not mount E01 /evidence/cfreds_2015_data_leakage_rm2.E01 (tried ewfmount+mount and guestmount)
2026-06-06 19:28:05,397 [mulder-job_4] WARNING mulder.server.jobs: Job job_e18f3381 (run_mft_parser) returned error: $MFT not found via TSK icat or mount
2026-06-06 19:28:05,399 [mulder-job_4] INFO mulder.server.jobs: [JOB_COMPLETE] run_mft_parser|failed|$MFT not found via TSK icat or mount
2026-06-06 19:28:07,353 [mulder-job_1] INFO mulder.server.jobs: Job job_ca27197b (run_mactime) completed
2026-06-06 19:28:07,354 [mulder-job_1] INFO mulder.server.jobs: [JOB_COMPLETE] run_mactime|completed|
2026-06-06 19:28:07,358 [mulder-job_2] WARNING mulder.server.jobs: Job job_404a4a33 (run_evtx_parser) returned error: No EVTX files found in disk image. Ensure run_fls has been called first, or run run_bulk_extractor which can carve EVTX fragments even when fls fails.
2026-06-06 19:28:07,359 [mulder-job_2] INFO mulder.server.jobs: [JOB_COMPLETE] run_evtx_parser|failed|No EVTX files found in disk image. Ensure run_fls has been called first, or run run_bulk_extractor which can carve EVTX fragments even when fls fails.
2026-06-06 19:28:08,314 [mulder-job_5] INFO mulder.server.tools.yara: YARA rule validation: 731/744 files valid (individual)
2026-06-06 19:28:08,788 [mulder-job_3] WARNING mulder.extractors.disk: ewfmount failed on /evidence/cfreds_2015_data_leakage_rm2.E01: Command '['ewfmount', '/evidence/cfreds_2015_data_leakage_rm2.E01', '/tmp/mulder_mount_o4l3gjs3/_ewf']' returned non-zero exit status 1. No sub system to mount EWF format.

2026-06-06 19:28:09,017 [mulder-job_3] WARNING mulder.extractors.disk: guestmount failed on E01 /evidence/cfreds_2015_data_leakage_rm2.E01: Command '['guestmount', '-a', '/evidence/cfreds_2015_data_leakage_rm2.E01', '-i', '--ro', '/tmp/mulder_mount_o4l3gjs3']' returned non-zero exit status 1.
2026-06-06 19:28:09,029 [mulder-job_3] ERROR mulder.extractors.disk: Could not mount E01 /evidence/cfreds_2015_data_leakage_rm2.E01 (tried ewfmount+mount and guestmount)
2026-06-06 19:28:09,090 [mulder-job_3] WARNING mulder.server.jobs: Job job_50928e1a (run_prefetch_parser) returned error: No Prefetch files found via TSK extraction or mount
2026-06-06 19:28:09,102 [mulder-job_3] INFO mulder.server.jobs: [JOB_COMPLETE] run_prefetch_parser|failed|No Prefetch files found via TSK extraction or mount
2026-06-06 19:28:09,106 [mulder-job_0] WARNING mulder.extractors.disk: ewfmount failed on /evidence/cfreds_2015_data_leakage_rm2.E01: Command '['ewfmount', '/evidence/cfreds_2015_data_leakage_rm2.E01', '/tmp/mulder_mount_0cwgjniv/_ewf']' returned non-zero exit status 1. No sub system to mount EWF format.

2026-06-06 19:28:09,264 [mulder-job_0] WARNING mulder.extractors.disk: guestmount failed on E01 /evidence/cfreds_2015_data_leakage_rm2.E01: Command '['guestmount', '-a', '/evidence/cfreds_2015_data_leakage_rm2.E01', '-i', '--ro', '/tmp/mulder_mount_0cwgjniv']' returned non-zero exit status 1.
2026-06-06 19:28:09,265 [mulder-job_0] ERROR mulder.extractors.disk: Could not mount E01 /evidence/cfreds_2015_data_leakage_rm2.E01 (tried ewfmount+mount and guestmount)
2026-06-06 19:28:09,266 [mulder-job_0] WARNING mulder.server.jobs: Job job_5348bf43 (run_registry_parser) returned error: No registry hives found via TSK extraction or mount
2026-06-06 19:28:09,267 [mulder-job_0] INFO mulder.server.jobs: [JOB_COMPLETE] run_registry_parser|failed|No registry hives found via TSK extraction or mount
2026-06-06 19:28:10,154 [MainThread] INFO mcp.server.lowlevel.server: Processing request of type CallToolRequest
2026-06-06 19:28:11,255 [mulder-job_5] INFO mulder.server.jobs: Job job_a5e2e383 (yara_scan_files) completed
2026-06-06 19:28:11,256 [mulder-job_5] INFO mulder.server.jobs: [JOB_COMPLETE] yara_scan_files|completed|
2026-06-06 19:28:16,937 [MainThread] INFO mcp.server.lowlevel.server: Processing request of type CallToolRequest
2026-06-06 19:28:22,896 [MainThread] INFO mcp.server.lowlevel.server: Processing request of type CallToolRequest
2026-06-06 19:28:22,909 [AnyIO worker thread] INFO mulder.server.jobs: Submitted batch bg_53d0c0e4 with 1 jobs: ['run_hayabusa']
2026-06-06 19:28:22,921 [mulder-job_4] INFO mulder.server.tools.hayabusa: Hayabusa: no prior EVTX extraction found; extracting inline from /evidence/cfreds_2015_data_leakage_rm2.E01
2026-06-06 19:28:24,506 [mulder-job_4] WARNING mulder.server.jobs: Job job_6499e951 (run_hayabusa) returned error: No EVTX directory found. Run run_evtx_parser on a disk image first, or provide an explicit evtx_dir path.
2026-06-06 19:28:24,507 [mulder-job_4] INFO mulder.server.jobs: [JOB_COMPLETE] run_hayabusa|failed|No EVTX directory found. Run run_evtx_parser on a disk image first, or provide an explicit evtx_dir path.
2026-06-06 19:28:28,367 [MainThread] INFO mcp.server.lowlevel.server: Processing request of type CallToolRequest
2026-06-06 19:28:48,290 [MainThread] INFO mulder.server.app: Mulder MCP server ready (db_dir=/home/mulder/.mulder/cases)
2026-06-06 19:28:48,307 [MainThread] INFO mcp.server.lowlevel.server: Processing request of type ListToolsRequest
2026-06-06 19:28:48,309 [MainThread] INFO mcp.server.lowlevel.server: Processing request of type ListPromptsRequest
2026-06-06 19:28:48,310 [MainThread] INFO mcp.server.lowlevel.server: Processing request of type ListResourcesRequest
2026-06-06 19:28:52,762 [MainThread] INFO mcp.server.lowlevel.server: Processing request of type CallToolRequest
2026-06-06 19:28:52,765 [AnyIO worker thread] INFO mulder.server.app: Opening case database for 'ndlc' ...
2026-06-06 19:28:52,797 [AnyIO worker thread] INFO mulder.server.app: Server context ready for case 'ndlc'
2026-06-06 19:28:56,762 [MainThread] INFO mcp.server.lowlevel.server: Processing request of type CallToolRequest
2026-06-06 19:29:03,127 [MainThread] INFO mulder.server.app: Mulder MCP server ready (db_dir=/home/mulder/.mulder/cases)
2026-06-06 19:29:03,144 [MainThread] INFO mcp.server.lowlevel.server: Processing request of type ListToolsRequest
2026-06-06 19:29:03,147 [MainThread] INFO mcp.server.lowlevel.server: Processing request of type ListPromptsRequest
2026-06-06 19:29:03,148 [MainThread] INFO mcp.server.lowlevel.server: Processing request of type ListResourcesRequest
2026-06-06 19:29:03,439 [MainThread] INFO mcp.server.lowlevel.server: Processing request of type CallToolRequest
2026-06-06 19:29:09,052 [MainThread] INFO mcp.server.lowlevel.server: Processing request of type CallToolRequest
2026-06-06 19:29:10,637 [MainThread] INFO mcp.server.lowlevel.server: Processing request of type CallToolRequest
2026-06-06 19:29:10,916 [MainThread] INFO mcp.server.lowlevel.server: Processing request of type CallToolRequest
2026-06-06 19:29:11,753 [MainThread] INFO mcp.server.lowlevel.server: Processing request of type CallToolRequest
2026-06-06 19:29:12,017 [MainThread] INFO mcp.server.lowlevel.server: Processing request of type CallToolRequest
2026-06-06 19:29:12,888 [MainThread] INFO mcp.server.lowlevel.server: Processing request of type CallToolRequest
2026-06-06 19:29:16,639 [MainThread] INFO mcp.server.lowlevel.server: Processing request of type CallToolRequest
2026-06-06 19:29:16,640 [AnyIO worker thread] INFO mulder.server.app: Opening case database for 'ndlc' ...
2026-06-06 19:29:16,647 [AnyIO worker thread] INFO mulder.server.app: Server context ready for case 'ndlc'
2026-06-06 19:29:19,749 [MainThread] INFO mcp.server.lowlevel.server: Processing request of type CallToolRequest
2026-06-06 19:29:20,724 [MainThread] INFO mcp.server.lowlevel.server: Processing request of type CallToolRequest
2026-06-06 19:29:21,256 [MainThread] INFO mcp.server.lowlevel.server: Processing request of type CallToolRequest
2026-06-06 19:29:21,387 [MainThread] INFO mcp.server.lowlevel.server: Processing request of type CallToolRequest
2026-06-06 19:29:21,403 [MainThread] INFO mcp.server.lowlevel.server: Processing request of type CallToolRequest
2026-06-06 19:29:21,617 [MainThread] INFO mcp.server.lowlevel.server: Processing request of type CallToolRequest
2026-06-06 19:29:22,115 [MainThread] INFO mcp.server.lowlevel.server: Processing request of type CallToolRequest
2026-06-06 19:29:31,683 [MainThread] INFO mcp.server.lowlevel.server: Processing request of type CallToolRequest
2026-06-06 19:29:32,167 [MainThread] INFO mcp.server.lowlevel.server: Processing request of type CallToolRequest
2026-06-06 19:29:32,778 [MainThread] INFO mcp.server.lowlevel.server: Processing request of type CallToolRequest
2026-06-06 19:29:32,838 [MainThread] INFO mcp.server.lowlevel.server: Processing request of type CallToolRequest
2026-06-06 19:29:36,763 [MainThread] INFO mcp.server.lowlevel.server: Processing request of type CallToolRequest
2026-06-06 19:29:37,706 [MainThread] INFO mcp.server.lowlevel.server: Processing request of type CallToolRequest
2026-06-06 19:29:38,519 [MainThread] INFO mcp.server.lowlevel.server: Processing request of type CallToolRequest
2026-06-06 19:29:39,702 [MainThread] INFO mcp.server.lowlevel.server: Processing request of type CallToolRequest
2026-06-06 19:30:01,634 [MainThread] INFO mcp.server.lowlevel.server: Processing request of type CallToolRequest
2026-06-06 19:30:13,980 [MainThread] INFO mcp.server.lowlevel.server: Processing request of type CallToolRequest
2026-06-06 19:30:14,915 [MainThread] INFO mcp.server.lowlevel.server: Processing request of type CallToolRequest
2026-06-06 19:30:15,358 [MainThread] INFO mcp.server.lowlevel.server: Processing request of type CallToolRequest
2026-06-06 19:30:17,329 [MainThread] INFO mcp.server.lowlevel.server: Processing request of type CallToolRequest
2026-06-06 19:30:18,772 [MainThread] INFO mcp.server.lowlevel.server: Processing request of type CallToolRequest
2026-06-06 19:30:24,521 [MainThread] INFO mcp.server.lowlevel.server: Processing request of type CallToolRequest
2026-06-06 19:30:25,848 [MainThread] INFO mcp.server.lowlevel.server: Processing request of type CallToolRequest
2026-06-06 19:30:27,251 [MainThread] INFO mcp.server.lowlevel.server: Processing request of type CallToolRequest
2026-06-06 19:30:28,117 [MainThread] INFO mcp.server.lowlevel.server: Processing request of type CallToolRequest
2026-06-06 19:30:28,396 [MainThread] INFO mcp.server.lowlevel.server: Processing request of type CallToolRequest
2026-06-06 19:30:35,388 [MainThread] INFO mcp.server.lowlevel.server: Processing request of type CallToolRequest
2026-06-06 19:30:36,355 [MainThread] INFO mcp.server.lowlevel.server: Processing request of type CallToolRequest
2026-06-06 19:30:37,124 [MainThread] INFO mcp.server.lowlevel.server: Processing request of type CallToolRequest
2026-06-06 19:30:37,892 [MainThread] INFO mcp.server.lowlevel.server: Processing request of type CallToolRequest
2026-06-06 19:30:38,333 [MainThread] INFO mcp.server.lowlevel.server: Processing request of type CallToolRequest
2026-06-06 19:30:38,587 [MainThread] INFO mcp.server.lowlevel.server: Processing request of type CallToolRequest
2026-06-06 19:30:44,646 [MainThread] INFO mcp.server.lowlevel.server: Processing request of type CallToolRequest
2026-06-06 19:30:45,371 [MainThread] INFO mcp.server.lowlevel.server: Processing request of type CallToolRequest
2026-06-06 19:30:51,438 [MainThread] INFO mcp.server.lowlevel.server: Processing request of type CallToolRequest
2026-06-06 19:30:52,019 [MainThread] INFO mcp.server.lowlevel.server: Processing request of type CallToolRequest
2026-06-06 19:31:04,209 [MainThread] INFO mcp.server.lowlevel.server: Processing request of type CallToolRequest
2026-06-06 19:31:05,178 [MainThread] INFO mcp.server.lowlevel.server: Processing request of type CallToolRequest
2026-06-06 19:31:05,562 [MainThread] INFO mcp.server.lowlevel.server: Processing request of type CallToolRequest
2026-06-06 19:31:11,606 [MainThread] INFO mcp.server.lowlevel.server: Processing request of type CallToolRequest
2026-06-06 19:31:12,449 [MainThread] INFO mcp.server.lowlevel.server: Processing request of type CallToolRequest
2026-06-06 19:31:12,523 [MainThread] INFO mcp.server.lowlevel.server: Processing request of type CallToolRequest
2026-06-06 19:31:19,778 [MainThread] INFO mcp.server.lowlevel.server: Processing request of type CallToolRequest
2026-06-06 19:31:19,828 [MainThread] INFO mcp.server.lowlevel.server: Processing request of type CallToolRequest
2026-06-06 19:31:22,518 [MainThread] INFO mcp.server.lowlevel.server: Processing request of type CallToolRequest
2026-06-06 19:31:23,031 [MainThread] INFO mcp.server.lowlevel.server: Processing request of type CallToolRequest
2026-06-06 19:31:23,621 [MainThread] INFO mcp.server.lowlevel.server: Processing request of type CallToolRequest
2026-06-06 19:31:35,340 [MainThread] INFO mcp.server.lowlevel.server: Processing request of type CallToolRequest
2026-06-06 19:31:35,689 [MainThread] INFO mcp.server.lowlevel.server: Processing request of type CallToolRequest
2026-06-06 19:31:40,257 [MainThread] INFO mcp.server.lowlevel.server: Processing request of type CallToolRequest
2026-06-06 19:31:41,033 [MainThread] INFO mcp.server.lowlevel.server: Processing request of type CallToolRequest
2026-06-06 19:32:04,491 [MainThread] INFO mcp.server.lowlevel.server: Processing request of type CallToolRequest
2026-06-06 19:32:16,350 [MainThread] INFO mcp.server.lowlevel.server: Processing request of type CallToolRequest
2026-06-06 19:32:31,228 [MainThread] INFO mcp.server.lowlevel.server: Processing request of type CallToolRequest
2026-06-06 19:32:35,554 [MainThread] INFO mcp.server.lowlevel.server: Processing request of type CallToolRequest
2026-06-06 19:32:35,621 [MainThread] INFO mcp.server.lowlevel.server: Processing request of type CallToolRequest
2026-06-06 19:32:47,528 [MainThread] INFO mcp.server.lowlevel.server: Processing request of type CallToolRequest
2026-06-06 19:32:48,171 [MainThread] INFO mcp.server.lowlevel.server: Processing request of type CallToolRequest
2026-06-06 19:33:08,939 [MainThread] INFO mcp.server.lowlevel.server: Processing request of type CallToolRequest
2026-06-06 19:33:13,427 [MainThread] INFO mcp.server.lowlevel.server: Processing request of type CallToolRequest
2026-06-06 19:33:31,956 [MainThread] INFO mulder.server.app: Mulder MCP server ready (db_dir=/home/mulder/.mulder/cases)
2026-06-06 19:33:31,975 [MainThread] INFO mcp.server.lowlevel.server: Processing request of type ListToolsRequest
2026-06-06 19:33:31,978 [MainThread] INFO mcp.server.lowlevel.server: Processing request of type ListPromptsRequest
2026-06-06 19:33:31,979 [MainThread] INFO mcp.server.lowlevel.server: Processing request of type ListResourcesRequest
2026-06-06 19:33:38,973 [MainThread] INFO mcp.server.lowlevel.server: Processing request of type CallToolRequest
2026-06-06 19:33:39,869 [MainThread] INFO mcp.server.lowlevel.server: Processing request of type CallToolRequest
2026-06-06 19:33:43,236 [MainThread] INFO mcp.server.lowlevel.server: Processing request of type CallToolRequest
2026-06-06 19:34:42,135 [MainThread] INFO mcp.server.lowlevel.server: Processing request of type CallToolRequest
2026-06-06 19:34:44,225 [MainThread] INFO mcp.server.lowlevel.server: Processing request of type CallToolRequest
2026-06-06 19:34:44,538 [MainThread] INFO mcp.server.lowlevel.server: Processing request of type CallToolRequest
2026-06-06 19:34:46,507 [MainThread] INFO mcp.server.lowlevel.server: Processing request of type CallToolRequest
2026-06-06 19:34:46,510 [AnyIO worker thread] WARNING mulder.server.tools.case: Overriding requested case_id 'RM3' with MULDER_CASE_ID='ndlc'
2026-06-06 19:34:46,550 [AnyIO worker thread] INFO mulder.server.app: Server context ready for case 'ndlc'
2026-06-06 19:34:50,678 [MainThread] INFO mcp.server.lowlevel.server: Processing request of type CallToolRequest
2026-06-06 19:34:50,748 [MainThread] INFO mcp.server.lowlevel.server: Processing request of type CallToolRequest
2026-06-06 19:34:50,750 [AnyIO worker thread] INFO mulder.server.app: Opening case database for 'ndlc' ...
2026-06-06 19:34:50,756 [AnyIO worker thread] INFO mulder.server.app: Server context ready for case 'ndlc'
2026-06-06 19:34:50,843 [MainThread] INFO mcp.server.lowlevel.server: Processing request of type CallToolRequest
2026-06-06 19:35:15,380 [MainThread] INFO mcp.server.lowlevel.server: Processing request of type CallToolRequest
2026-06-06 19:35:15,705 [MainThread] INFO mcp.server.lowlevel.server: Processing request of type CallToolRequest
2026-06-06 19:35:19,268 [MainThread] INFO mulder.server.app: Mulder MCP server ready (db_dir=/home/mulder/.mulder/cases)
2026-06-06 19:35:19,287 [MainThread] INFO mcp.server.lowlevel.server: Processing request of type ListToolsRequest
2026-06-06 19:35:19,289 [MainThread] INFO mcp.server.lowlevel.server: Processing request of type ListPromptsRequest
2026-06-06 19:35:19,290 [MainThread] INFO mcp.server.lowlevel.server: Processing request of type ListResourcesRequest
2026-06-06 19:35:22,241 [MainThread] INFO mcp.server.lowlevel.server: Processing request of type CallToolRequest
2026-06-06 19:35:22,740 [MainThread] INFO mcp.server.lowlevel.server: Processing request of type CallToolRequest
2026-06-06 19:35:27,996 [MainThread] INFO mcp.server.lowlevel.server: Processing request of type CallToolRequest
2026-06-06 19:35:32,271 [MainThread] INFO mcp.server.lowlevel.server: Processing request of type CallToolRequest
2026-06-06 19:35:32,273 [AnyIO worker thread] INFO mulder.server.app: Opening case database for 'ndlc' ...
2026-06-06 19:35:32,283 [AnyIO worker thread] INFO mulder.server.app: Server context ready for case 'ndlc'
2026-06-06 19:35:40,501 [MainThread] INFO mcp.server.lowlevel.server: Processing request of type CallToolRequest
2026-06-06 19:35:40,522 [AnyIO worker thread] INFO mulder.server.tools.extract.tsk: mmls failed on /home/mulder/.mulder/cases/extracted/cfreds_2015_data_leakage_rm3_type2/cfreds_2015_data_leakage_rm#3_type2.dd: no_partition_table
2026-06-06 19:35:40,523 [AnyIO worker thread] INFO mulder.server.tools.extract.tsk: mmls failed on /evidence/cfreds_2015_data_leakage_rm3_type3.E01: no_partition_table
2026-06-06 19:35:42,691 [MainThread] INFO mcp.server.lowlevel.server: Processing request of type CallToolRequest
2026-06-06 19:35:42,709 [AnyIO worker thread] INFO mulder.server.jobs: Submitted batch bg_221a8f18 with 4 jobs: ['run_fls', 'run_fls', 'run_bulk_extractor', 'run_foremost']
2026-06-06 19:35:42,817 [mulder-job_0] WARNING mulder.server.jobs: Job job_bd641c23 (run_fls) returned error: fls exited 1 (tried partition_offset=0). Run run_mmls first to find the correct NTFS partition offset, then retry run_fls with that offset. stderr: Possible encryption detected (High entropy (7.65))
2026-06-06 19:35:42,820 [mulder-job_0] INFO mulder.server.jobs: [JOB_COMPLETE] run_fls|failed|fls exited 1 (tried partition_offset=0). Run run_mmls first to find the correct NTFS partition offset, then retry run_fls with that offset. stderr: Possible encryption detected (High entropy (7.65))
2026-06-06 19:35:42,838 [mulder-job_1] WARNING mulder.server.jobs: Job job_f5df288d (run_fls) returned error: fls exited 1 (tried partition_offset=0). Run run_mmls first to find the correct NTFS partition offset, then retry run_fls with that offset. stderr: Possible encryption detected (High entropy (7.65))
2026-06-06 19:35:42,840 [mulder-job_1] INFO mulder.server.jobs: [JOB_COMPLETE] run_fls|failed|fls exited 1 (tried partition_offset=0). Run run_mmls first to find the correct NTFS partition offset, then retry run_fls with that offset. stderr: Possible encryption detected (High entropy (7.65))
2026-06-06 19:35:43,970 [mulder-job_3] ERROR mulder.server.jobs: Job job_4bacc17e (run_foremost) failed
Traceback (most recent call last):
  File "/app/src/mulder/server/jobs.py", line 171, in _run_job
    result = fn(**job.args)
             ^^^^^^^^^^^^^^
  File "/app/src/mulder/server/tools/extract/carving.py", line 426, in run_foremost
    subprocess.run(
  File "/usr/lib/python3.12/subprocess.py", line 550, in run
    stdout, stderr = process.communicate(input, timeout=timeout)
                     ^^^^^^^^^^^^^^^^^^^^^^^^^^^^^^^^^^^^^^^^^^^
  File "/usr/lib/python3.12/subprocess.py", line 1209, in communicate
    stdout, stderr = self._communicate(input, endtime, timeout)
                     ^^^^^^^^^^^^^^^^^^^^^^^^^^^^^^^^^^^^^^^^^^
  File "/usr/lib/python3.12/subprocess.py", line 2153, in _communicate
    stdout = self._translate_newlines(stdout,
             ^^^^^^^^^^^^^^^^^^^^^^^^^^^^^^^^
  File "/usr/lib/python3.12/subprocess.py", line 1086, in _translate_newlines
    data = data.decode(encoding, errors)
           ^^^^^^^^^^^^^^^^^^^^^^^^^^^^^
UnicodeDecodeError: 'utf-8' codec can't decode byte 0xa2 in position 20: invalid start byte
2026-06-06 19:35:44,156 [mulder-job_3] INFO mulder.server.jobs: [JOB_COMPLETE] run_foremost|failed|run_foremost failed: 'utf-8' codec can't decode byte 0xa2 in position 20: invalid start byte
2026-06-06 19:35:45,978 [mulder-job_2] INFO mulder.server.jobs: Job job_92c6210c (run_bulk_extractor) completed
2026-06-06 19:35:45,979 [mulder-job_2] INFO mulder.server.jobs: [JOB_COMPLETE] run_bulk_extractor|completed|
2026-06-06 19:35:49,185 [MainThread] INFO mcp.server.lowlevel.server: Processing request of type CallToolRequest
2026-06-06 19:35:57,512 [MainThread] INFO mcp.server.lowlevel.server: Processing request of type CallToolRequest
2026-06-06 19:35:59,619 [MainThread] INFO mcp.server.lowlevel.server: Processing request of type CallToolRequest
2026-06-06 19:36:04,426 [MainThread] INFO mcp.server.lowlevel.server: Processing request of type CallToolRequest
2026-06-06 19:36:04,439 [AnyIO worker thread] INFO mulder.server.jobs: Submitted batch bg_82f0e7ea with 3 jobs: ['run_fls', 'run_fls', 'run_foremost']
2026-06-06 19:36:04,490 [mulder-job_1] WARNING mulder.server.jobs: Job job_63352207 (run_fls) returned error: fls exited 1 (tried partition_offset=0). Run run_mmls first to find the correct NTFS partition offset, then retry run_fls with that offset. stderr: Possible encryption detected (High entropy (7.65))
2026-06-06 19:36:04,492 [mulder-job_1] INFO mulder.server.jobs: [JOB_COMPLETE] run_fls|failed|fls exited 1 (tried partition_offset=0). Run run_mmls first to find the correct NTFS partition offset, then retry run_fls with that offset. stderr: Possible encryption detected (High entropy (7.65))
2026-06-06 19:36:04,495 [mulder-job_0] WARNING mulder.server.jobs: Job job_3d0876e5 (run_fls) returned error: fls exited 1 (tried partition_offset=0). Run run_mmls first to find the correct NTFS partition offset, then retry run_fls with that offset. stderr: Possible encryption detected (High entropy (7.65))
2026-06-06 19:36:04,496 [mulder-job_0] INFO mulder.server.jobs: [JOB_COMPLETE] run_fls|failed|fls exited 1 (tried partition_offset=0). Run run_mmls first to find the correct NTFS partition offset, then retry run_fls with that offset. stderr: Possible encryption detected (High entropy (7.65))
2026-06-06 19:36:05,423 [mulder-job_3] ERROR mulder.server.jobs: Job job_dfe6fa3b (run_foremost) failed
Traceback (most recent call last):
  File "/app/src/mulder/server/jobs.py", line 171, in _run_job
    result = fn(**job.args)
             ^^^^^^^^^^^^^^
  File "/app/src/mulder/server/tools/extract/carving.py", line 426, in run_foremost
    subprocess.run(
  File "/usr/lib/python3.12/subprocess.py", line 550, in run
    stdout, stderr = process.communicate(input, timeout=timeout)
                     ^^^^^^^^^^^^^^^^^^^^^^^^^^^^^^^^^^^^^^^^^^^
  File "/usr/lib/python3.12/subprocess.py", line 1209, in communicate
    stdout, stderr = self._communicate(input, endtime, timeout)
                     ^^^^^^^^^^^^^^^^^^^^^^^^^^^^^^^^^^^^^^^^^^
  File "/usr/lib/python3.12/subprocess.py", line 2153, in _communicate
    stdout = self._translate_newlines(stdout,
             ^^^^^^^^^^^^^^^^^^^^^^^^^^^^^^^^
  File "/usr/lib/python3.12/subprocess.py", line 1086, in _translate_newlines
    data = data.decode(encoding, errors)
           ^^^^^^^^^^^^^^^^^^^^^^^^^^^^^
UnicodeDecodeError: 'utf-8' codec can't decode byte 0xa2 in position 20: invalid start byte
2026-06-06 19:36:05,584 [mulder-job_3] INFO mulder.server.jobs: [JOB_COMPLETE] run_foremost|failed|run_foremost failed: 'utf-8' codec can't decode byte 0xa2 in position 20: invalid start byte
2026-06-06 19:36:08,436 [MainThread] INFO mcp.server.lowlevel.server: Processing request of type CallToolRequest
2026-06-06 19:36:16,025 [MainThread] INFO mcp.server.lowlevel.server: Processing request of type CallToolRequest
2026-06-06 19:36:21,825 [MainThread] INFO mcp.server.lowlevel.server: Processing request of type CallToolRequest
2026-06-06 19:36:21,838 [AnyIO worker thread] INFO mulder.server.jobs: Submitted batch bg_348ee44e with 5 jobs: ['run_mft_parser', 'run_mactime', 'run_strings', 'yara_scan_files', 'run_photorec']
2026-06-06 19:36:21,842 [mulder-job_4] INFO mulder.server.app: Resource throttle: run_mft_parser waiting (cpu=100%>=90.0%, waited 0s)
2026-06-06 19:36:21,847 [mulder-job_0] INFO mulder.server.tools.yara: Updated YARA rules: signature-base
2026-06-06 19:36:21,869 [mulder-job_2] WARNING mulder.server.jobs: Job job_6492cf27 (run_mactime) returned error: fls produced no bodyfile output
2026-06-06 19:36:21,870 [mulder-job_2] INFO mulder.server.jobs: [JOB_COMPLETE] run_mactime|failed|fls produced no bodyfile output
2026-06-06 19:36:21,876 [mulder-job_3] INFO mulder.server.jobs: Job job_15ef9237 (run_photorec) completed
2026-06-06 19:36:21,876 [mulder-job_3] INFO mulder.server.jobs: [JOB_COMPLETE] run_photorec|completed|
2026-06-06 19:36:22,743 [mulder-job_1] INFO mulder.server.jobs: Job job_ce3b6b8f (run_strings) completed
2026-06-06 19:36:22,744 [mulder-job_1] INFO mulder.server.jobs: [JOB_COMPLETE] run_strings|completed|
2026-06-06 19:36:22,761 [MainThread] INFO mcp.server.lowlevel.server: Processing request of type CallToolRequest
2026-06-06 19:36:24,296 [mulder-job_0] INFO mulder.server.tools.yara: YARA rule validation: 731/744 files valid (individual)
2026-06-06 19:36:25,965 [mulder-job_0] INFO mulder.server.jobs: Job job_8e22db52 (yara_scan_files) completed
2026-06-06 19:36:25,967 [mulder-job_0] INFO mulder.server.jobs: [JOB_COMPLETE] yara_scan_files|completed|
2026-06-06 19:36:26,895 [mulder-job_4] WARNING mulder.server.tools.extract.misc: icat $MFT extraction failed (rc=1) for /evidence/cfreds_2015_data_leakage_rm3_type3.E01; trying mount
2026-06-06 19:36:26,899 [mulder-job_4] WARNING mulder.extractors.disk: ewfmount failed on /evidence/cfreds_2015_data_leakage_rm3_type3.E01: Command '['ewfmount', '/evidence/cfreds_2015_data_leakage_rm3_type3.E01', '/tmp/mulder_mount_d9_56hqb/_ewf']' returned non-zero exit status 1. No sub system to mount EWF format.

2026-06-06 19:36:27,074 [mulder-job_4] WARNING mulder.extractors.disk: guestmount failed on E01 /evidence/cfreds_2015_data_leakage_rm3_type3.E01: Command '['guestmount', '-a', '/evidence/cfreds_2015_data_leakage_rm3_type3.E01', '-i', '--ro', '/tmp/mulder_mount_d9_56hqb']' returned non-zero exit status 1.
2026-06-06 19:36:27,075 [mulder-job_4] ERROR mulder.extractors.disk: Could not mount E01 /evidence/cfreds_2015_data_leakage_rm3_type3.E01 (tried ewfmount+mount and guestmount)
2026-06-06 19:36:27,078 [mulder-job_4] WARNING mulder.server.jobs: Job job_25e4de93 (run_mft_parser) returned error: $MFT not found via TSK icat or mount
2026-06-06 19:36:27,078 [mulder-job_4] INFO mulder.server.jobs: [JOB_COMPLETE] run_mft_parser|failed|$MFT not found via TSK icat or mount
2026-06-06 19:36:27,714 [MainThread] INFO mcp.server.lowlevel.server: Processing request of type CallToolRequest
2026-06-06 19:36:31,447 [MainThread] INFO mcp.server.lowlevel.server: Processing request of type CallToolRequest
2026-06-06 19:36:37,739 [MainThread] INFO mcp.server.lowlevel.server: Processing request of type CallToolRequest
2026-06-06 19:36:39,012 [MainThread] INFO mcp.server.lowlevel.server: Processing request of type CallToolRequest
2026-06-06 19:36:39,021 [AnyIO worker thread] INFO mulder.server.jobs: Submitted batch bg_979e9e74 with 2 jobs: ['run_mft_parser', 'run_mactime']
2026-06-06 19:36:39,041 [mulder-job_3] WARNING mulder.server.jobs: Job job_184e0c42 (run_mactime) returned error: fls produced no bodyfile output
2026-06-06 19:36:39,042 [mulder-job_3] INFO mulder.server.jobs: [JOB_COMPLETE] run_mactime|failed|fls produced no bodyfile output
2026-06-06 19:36:39,043 [mulder-job_2] WARNING mulder.server.tools.extract.misc: icat $MFT extraction failed (rc=1) for /evidence/cfreds_2015_data_leakage_rm3_type3.E01; trying mount
2026-06-06 19:36:39,046 [mulder-job_2] WARNING mulder.extractors.disk: ewfmount failed on /evidence/cfreds_2015_data_leakage_rm3_type3.E01: Command '['ewfmount', '/evidence/cfreds_2015_data_leakage_rm3_type3.E01', '/tmp/mulder_mount__jtss_p3/_ewf']' returned non-zero exit status 1. No sub system to mount EWF format.

2026-06-06 19:36:39,218 [mulder-job_2] WARNING mulder.extractors.disk: guestmount failed on E01 /evidence/cfreds_2015_data_leakage_rm3_type3.E01: Command '['guestmount', '-a', '/evidence/cfreds_2015_data_leakage_rm3_type3.E01', '-i', '--ro', '/tmp/mulder_mount__jtss_p3']' returned non-zero exit status 1.
2026-06-06 19:36:39,219 [mulder-job_2] ERROR mulder.extractors.disk: Could not mount E01 /evidence/cfreds_2015_data_leakage_rm3_type3.E01 (tried ewfmount+mount and guestmount)
2026-06-06 19:36:39,221 [mulder-job_2] WARNING mulder.server.jobs: Job job_e36494e3 (run_mft_parser) returned error: $MFT not found via TSK icat or mount
2026-06-06 19:36:39,221 [mulder-job_2] INFO mulder.server.jobs: [JOB_COMPLETE] run_mft_parser|failed|$MFT not found via TSK icat or mount
2026-06-06 19:36:44,909 [MainThread] INFO mcp.server.lowlevel.server: Processing request of type CallToolRequest
2026-06-06 19:36:57,276 [MainThread] INFO mcp.server.lowlevel.server: Processing request of type CallToolRequest
2026-06-06 19:37:02,170 [MainThread] INFO mulder.server.app: Mulder MCP server ready (db_dir=/home/mulder/.mulder/cases)
2026-06-06 19:37:02,188 [MainThread] INFO mcp.server.lowlevel.server: Processing request of type ListToolsRequest
2026-06-06 19:37:02,190 [MainThread] INFO mcp.server.lowlevel.server: Processing request of type ListPromptsRequest
2026-06-06 19:37:02,191 [MainThread] INFO mcp.server.lowlevel.server: Processing request of type ListResourcesRequest
2026-06-06 19:37:08,952 [MainThread] INFO mcp.server.lowlevel.server: Processing request of type CallToolRequest
2026-06-06 19:37:12,796 [MainThread] INFO mcp.server.lowlevel.server: Processing request of type CallToolRequest
2026-06-06 19:37:16,727 [MainThread] INFO mcp.server.lowlevel.server: Processing request of type CallToolRequest
2026-06-06 19:37:16,731 [AnyIO worker thread] INFO mulder.server.app: Opening case database for 'ndlc' ...
2026-06-06 19:37:16,745 [AnyIO worker thread] INFO mulder.server.app: Server context ready for case 'ndlc'
2026-06-06 19:37:16,810 [MainThread] INFO mcp.server.lowlevel.server: Processing request of type CallToolRequest
2026-06-06 19:37:21,604 [MainThread] INFO mcp.server.lowlevel.server: Processing request of type CallToolRequest
2026-06-06 19:37:21,637 [MainThread] INFO mcp.server.lowlevel.server: Processing request of type CallToolRequest
2026-06-06 19:37:21,686 [MainThread] INFO mcp.server.lowlevel.server: Processing request of type CallToolRequest
2026-06-06 19:37:38,439 [MainThread] INFO mcp.server.lowlevel.server: Processing request of type CallToolRequest
2026-06-06 19:37:39,002 [MainThread] INFO mcp.server.lowlevel.server: Processing request of type CallToolRequest
2026-06-06 19:37:39,440 [MainThread] INFO mcp.server.lowlevel.server: Processing request of type CallToolRequest
2026-06-06 19:37:39,637 [MainThread] INFO mcp.server.lowlevel.server: Processing request of type CallToolRequest
2026-06-06 19:37:48,957 [MainThread] INFO mcp.server.lowlevel.server: Processing request of type CallToolRequest
2026-06-06 19:37:49,908 [MainThread] INFO mcp.server.lowlevel.server: Processing request of type CallToolRequest
2026-06-06 19:37:50,334 [MainThread] INFO mcp.server.lowlevel.server: Processing request of type CallToolRequest
2026-06-06 19:37:50,735 [MainThread] INFO mcp.server.lowlevel.server: Processing request of type CallToolRequest
2026-06-06 19:37:58,202 [MainThread] INFO mcp.server.lowlevel.server: Processing request of type CallToolRequest
2026-06-06 19:38:00,585 [MainThread] INFO mcp.server.lowlevel.server: Processing request of type CallToolRequest
2026-06-06 19:38:01,062 [MainThread] INFO mcp.server.lowlevel.server: Processing request of type CallToolRequest
2026-06-06 19:38:01,390 [MainThread] INFO mcp.server.lowlevel.server: Processing request of type CallToolRequest
2026-06-06 19:38:04,350 [MainThread] INFO mcp.server.lowlevel.server: Processing request of type CallToolRequest
2026-06-06 19:38:05,312 [MainThread] INFO mcp.server.lowlevel.server: Processing request of type CallToolRequest
2026-06-06 19:38:09,777 [MainThread] INFO mcp.server.lowlevel.server: Processing request of type CallToolRequest
2026-06-06 19:38:10,204 [MainThread] INFO mcp.server.lowlevel.server: Processing request of type CallToolRequest
2026-06-06 19:38:12,664 [MainThread] INFO mcp.server.lowlevel.server: Processing request of type CallToolRequest
2026-06-06 19:38:12,709 [MainThread] INFO mcp.server.lowlevel.server: Processing request of type CallToolRequest
2026-06-06 19:38:22,184 [MainThread] INFO mcp.server.lowlevel.server: Processing request of type CallToolRequest
2026-06-06 19:38:27,163 [MainThread] INFO mcp.server.lowlevel.server: Processing request of type CallToolRequest
2026-06-06 19:38:28,098 [MainThread] INFO mcp.server.lowlevel.server: Processing request of type CallToolRequest
2026-06-06 19:38:28,302 [MainThread] INFO mcp.server.lowlevel.server: Processing request of type CallToolRequest
2026-06-06 19:38:34,970 [MainThread] INFO mcp.server.lowlevel.server: Processing request of type CallToolRequest
2026-06-06 19:38:35,480 [MainThread] INFO mcp.server.lowlevel.server: Processing request of type CallToolRequest
2026-06-06 19:38:36,373 [MainThread] INFO mcp.server.lowlevel.server: Processing request of type CallToolRequest
2026-06-06 19:38:36,716 [MainThread] INFO mcp.server.lowlevel.server: Processing request of type CallToolRequest
2026-06-06 19:38:44,461 [MainThread] INFO mcp.server.lowlevel.server: Processing request of type CallToolRequest
2026-06-06 19:38:46,840 [MainThread] INFO mcp.server.lowlevel.server: Processing request of type CallToolRequest
2026-06-06 19:38:46,944 [MainThread] INFO mcp.server.lowlevel.server: Processing request of type CallToolRequest
2026-06-06 19:39:00,939 [MainThread] INFO mcp.server.lowlevel.server: Processing request of type CallToolRequest
2026-06-06 19:39:01,387 [MainThread] INFO mcp.server.lowlevel.server: Processing request of type CallToolRequest
2026-06-06 19:39:01,840 [MainThread] INFO mcp.server.lowlevel.server: Processing request of type CallToolRequest
2026-06-06 19:39:20,388 [MainThread] INFO mcp.server.lowlevel.server: Processing request of type CallToolRequest
2026-06-06 19:39:21,028 [MainThread] INFO mcp.server.lowlevel.server: Processing request of type CallToolRequest
2026-06-06 19:39:44,449 [MainThread] INFO mcp.server.lowlevel.server: Processing request of type CallToolRequest
2026-06-06 19:39:45,405 [MainThread] INFO mcp.server.lowlevel.server: Processing request of type CallToolRequest
2026-06-06 19:39:45,617 [MainThread] INFO mcp.server.lowlevel.server: Processing request of type CallToolRequest
2026-06-06 19:39:58,373 [MainThread] INFO mcp.server.lowlevel.server: Processing request of type CallToolRequest
2026-06-06 19:39:59,267 [MainThread] INFO mcp.server.lowlevel.server: Processing request of type CallToolRequest
2026-06-06 19:39:59,473 [MainThread] INFO mcp.server.lowlevel.server: Processing request of type CallToolRequest
2026-06-06 19:40:27,191 [MainThread] INFO mcp.server.lowlevel.server: Processing request of type CallToolRequest
2026-06-06 19:40:27,642 [MainThread] INFO mcp.server.lowlevel.server: Processing request of type CallToolRequest
2026-06-06 19:40:28,017 [MainThread] INFO mcp.server.lowlevel.server: Processing request of type CallToolRequest
2026-06-06 19:41:10,831 [MainThread] INFO mcp.server.lowlevel.server: Processing request of type CallToolRequest
2026-06-06 19:41:11,296 [MainThread] INFO mcp.server.lowlevel.server: Processing request of type CallToolRequest
2026-06-06 19:41:11,439 [MainThread] INFO mcp.server.lowlevel.server: Processing request of type CallToolRequest
2026-06-06 19:41:11,445 [AnyIO worker thread] WARNING mulder.db: FTS5 COUNT failed for query 'mmun@loc', returning 0
Traceback (most recent call last):
  File "/usr/local/lib/python3.12/dist-packages/sqlalchemy/engine/base.py", line 1969, in _exec_single_context
    self.dialect.do_execute(
  File "/usr/local/lib/python3.12/dist-packages/sqlalchemy/engine/default.py", line 952, in do_execute
    cursor.execute(statement, parameters)
sqlite3.OperationalError: fts5: syntax error near "@"

The above exception was the direct cause of the following exception:

Traceback (most recent call last):
  File "/app/src/mulder/db.py", line 699, in count_search_windows
    result = conn.execute(stmt, {"q": safe_query}).scalar()
             ^^^^^^^^^^^^^^^^^^^^^^^^^^^^^^^^^^^^^
  File "/usr/local/lib/python3.12/dist-packages/sqlalchemy/engine/base.py", line 1421, in execute
    return meth(
           ^^^^^
  File "/usr/local/lib/python3.12/dist-packages/sqlalchemy/sql/elements.py", line 526, in _execute_on_connection
    return connection._execute_clauseelement(
           ^^^^^^^^^^^^^^^^^^^^^^^^^^^^^^^^^^
  File "/usr/local/lib/python3.12/dist-packages/sqlalchemy/engine/base.py", line 1643, in _execute_clauseelement
    ret = self._execute_context(
          ^^^^^^^^^^^^^^^^^^^^^^
  File "/usr/local/lib/python3.12/dist-packages/sqlalchemy/engine/base.py", line 1848, in _execute_context
    return self._exec_single_context(
           ^^^^^^^^^^^^^^^^^^^^^^^^^^
  File "/usr/local/lib/python3.12/dist-packages/sqlalchemy/engine/base.py", line 1988, in _exec_single_context
    self._handle_dbapi_exception(
  File "/usr/local/lib/python3.12/dist-packages/sqlalchemy/engine/base.py", line 2365, in _handle_dbapi_exception
    raise sqlalchemy_exception.with_traceback(exc_info[2]) from e
  File "/usr/local/lib/python3.12/dist-packages/sqlalchemy/engine/base.py", line 1969, in _exec_single_context
    self.dialect.do_execute(
  File "/usr/local/lib/python3.12/dist-packages/sqlalchemy/engine/default.py", line 952, in do_execute
    cursor.execute(statement, parameters)
sqlalchemy.exc.OperationalError: (sqlite3.OperationalError) fts5: syntax error near "@"
[SQL: SELECT count(*) AS count_1 
FROM windows JOIN sources ON windows.source_id = sources.source_id 
WHERE windows.window_id IN (SELECT rowid 
FROM windows_fts 
WHERE windows_fts MATCH ?)]
[parameters: ('mmun@loc',)]
(Background on this error at: https://sqlalche.me/e/20/e3q8)
2026-06-06 19:41:11,860 [AnyIO worker thread] WARNING mulder.db: FTS5 MATCH failed for query 'mmun@loc', returning empty
Traceback (most recent call last):
  File "/usr/local/lib/python3.12/dist-packages/sqlalchemy/engine/base.py", line 1969, in _exec_single_context
    self.dialect.do_execute(
  File "/usr/local/lib/python3.12/dist-packages/sqlalchemy/engine/default.py", line 952, in do_execute
    cursor.execute(statement, parameters)
sqlite3.OperationalError: fts5: syntax error near "@"

The above exception was the direct cause of the following exception:

Traceback (most recent call last):
  File "/app/src/mulder/db.py", line 615, in search_windows
    rows = conn.execute(stmt, {"q": safe_query}).fetchall()
           ^^^^^^^^^^^^^^^^^^^^^^^^^^^^^^^^^^^^^
  File "/usr/local/lib/python3.12/dist-packages/sqlalchemy/engine/base.py", line 1421, in execute
    return meth(
           ^^^^^
  File "/usr/local/lib/python3.12/dist-packages/sqlalchemy/sql/elements.py", line 526, in _execute_on_connection
    return connection._execute_clauseelement(
           ^^^^^^^^^^^^^^^^^^^^^^^^^^^^^^^^^^
  File "/usr/local/lib/python3.12/dist-packages/sqlalchemy/engine/base.py", line 1643, in _execute_clauseelement
    ret = self._execute_context(
          ^^^^^^^^^^^^^^^^^^^^^^
  File "/usr/local/lib/python3.12/dist-packages/sqlalchemy/engine/base.py", line 1848, in _execute_context
    return self._exec_single_context(
           ^^^^^^^^^^^^^^^^^^^^^^^^^^
  File "/usr/local/lib/python3.12/dist-packages/sqlalchemy/engine/base.py", line 1988, in _exec_single_context
    self._handle_dbapi_exception(
  File "/usr/local/lib/python3.12/dist-packages/sqlalchemy/engine/base.py", line 2365, in _handle_dbapi_exception
    raise sqlalchemy_exception.with_traceback(exc_info[2]) from e
  File "/usr/local/lib/python3.12/dist-packages/sqlalchemy/engine/base.py", line 1969, in _exec_single_context
    self.dialect.do_execute(
  File "/usr/local/lib/python3.12/dist-packages/sqlalchemy/engine/default.py", line 952, in do_execute
    cursor.execute(statement, parameters)
sqlalchemy.exc.OperationalError: (sqlite3.OperationalError) fts5: syntax error near "@"
[SQL: SELECT windows.window_id, windows.source_id, windows.line_start, windows.line_end, windows.event_time, windows.raw_text, sources.source_name 
FROM windows JOIN sources ON windows.source_id = sources.source_id 
WHERE windows.window_id IN (SELECT rowid 
FROM windows_fts 
WHERE windows_fts MATCH ?) ORDER BY windows.event_time ASC NULLS LAST
 LIMIT ? OFFSET ?]
[parameters: ('mmun@loc', 10, 0)]
(Background on this error at: https://sqlalche.me/e/20/e3q8)
2026-06-06 19:41:44,526 [MainThread] INFO mcp.server.lowlevel.server: Processing request of type CallToolRequest
2026-06-06 19:41:45,060 [MainThread] INFO mcp.server.lowlevel.server: Processing request of type CallToolRequest
2026-06-06 19:44:12,051 [MainThread] INFO mcp.server.lowlevel.server: Processing request of type CallToolRequest
2026-06-06 19:44:12,872 [MainThread] INFO mcp.server.lowlevel.server: Processing request of type CallToolRequest
2026-06-06 19:44:41,140 [MainThread] INFO mcp.server.lowlevel.server: Processing request of type CallToolRequest
2026-06-06 19:45:27,362 [MainThread] INFO mcp.server.lowlevel.server: Processing request of type CallToolRequest
2026-06-06 19:45:28,247 [MainThread] INFO mcp.server.lowlevel.server: Processing request of type CallToolRequest
2026-06-06 19:45:28,570 [MainThread] INFO mcp.server.lowlevel.server: Processing request of type CallToolRequest
2026-06-06 19:45:35,784 [MainThread] INFO mcp.server.lowlevel.server: Processing request of type CallToolRequest
2026-06-06 19:45:35,986 [MainThread] INFO mcp.server.lowlevel.server: Processing request of type CallToolRequest
2026-06-06 19:45:42,428 [MainThread] INFO mcp.server.lowlevel.server: Processing request of type CallToolRequest
2026-06-06 19:45:43,026 [MainThread] INFO mcp.server.lowlevel.server: Processing request of type CallToolRequest
2026-06-06 19:46:04,665 [MainThread] INFO mcp.server.lowlevel.server: Processing request of type CallToolRequest
2026-06-06 19:46:28,650 [MainThread] INFO mcp.server.lowlevel.server: Processing request of type CallToolRequest
2026-06-06 19:46:48,815 [MainThread] INFO mcp.server.lowlevel.server: Processing request of type CallToolRequest
2026-06-06 19:47:06,588 [MainThread] INFO mcp.server.lowlevel.server: Processing request of type CallToolRequest
2026-06-06 19:47:25,833 [MainThread] INFO mcp.server.lowlevel.server: Processing request of type CallToolRequest
2026-06-06 19:47:47,063 [MainThread] INFO mcp.server.lowlevel.server: Processing request of type CallToolRequest
2026-06-06 19:48:03,908 [MainThread] INFO mcp.server.lowlevel.server: Processing request of type CallToolRequest
2026-06-06 19:48:35,383 [MainThread] INFO mulder.server.app: Mulder MCP server ready (db_dir=/home/mulder/.mulder/cases)
2026-06-06 19:48:35,400 [MainThread] INFO mcp.server.lowlevel.server: Processing request of type ListToolsRequest
2026-06-06 19:48:35,403 [MainThread] INFO mcp.server.lowlevel.server: Processing request of type ListPromptsRequest
2026-06-06 19:48:35,403 [MainThread] INFO mcp.server.lowlevel.server: Processing request of type ListResourcesRequest
2026-06-06 19:48:42,126 [MainThread] INFO mcp.server.lowlevel.server: Processing request of type CallToolRequest
2026-06-06 19:48:46,065 [MainThread] INFO mcp.server.lowlevel.server: Processing request of type CallToolRequest
2026-06-06 19:48:46,070 [AnyIO worker thread] INFO mulder.server.app: Opening case database for 'ndlc' ...
2026-06-06 19:48:46,081 [AnyIO worker thread] INFO mulder.server.app: Server context ready for case 'ndlc'
2026-06-06 19:48:54,390 [MainThread] INFO mcp.server.lowlevel.server: Processing request of type CallToolRequest
2026-06-06 19:48:56,789 [MainThread] INFO mcp.server.lowlevel.server: Processing request of type CallToolRequest
2026-06-06 19:48:56,813 [MainThread] INFO mcp.server.lowlevel.server: Processing request of type CallToolRequest
2026-06-06 19:48:56,824 [MainThread] INFO mcp.server.lowlevel.server: Processing request of type CallToolRequest
2026-06-06 19:48:57,845 [MainThread] INFO mcp.server.lowlevel.server: Processing request of type CallToolRequest
2026-06-06 19:49:11,042 [MainThread] INFO mcp.server.lowlevel.server: Processing request of type CallToolRequest
2026-06-06 19:50:43,749 [MainThread] INFO mulder.server.app: Mulder MCP server ready (db_dir=/home/mulder/.mulder/cases)
2026-06-06 19:50:43,766 [MainThread] INFO mcp.server.lowlevel.server: Processing request of type ListToolsRequest
2026-06-06 19:50:43,768 [MainThread] INFO mcp.server.lowlevel.server: Processing request of type ListPromptsRequest
2026-06-06 19:50:43,769 [MainThread] INFO mcp.server.lowlevel.server: Processing request of type ListResourcesRequest
2026-06-06 19:50:49,957 [MainThread] INFO mcp.server.lowlevel.server: Processing request of type CallToolRequest
2026-06-06 19:50:55,913 [MainThread] INFO mcp.server.lowlevel.server: Processing request of type CallToolRequest
2026-06-06 19:50:55,916 [AnyIO worker thread] INFO mulder.server.app: Opening case database for 'ndlc' ...
2026-06-06 19:50:55,928 [AnyIO worker thread] INFO mulder.server.app: Server context ready for case 'ndlc'
2026-06-06 19:51:07,358 [MainThread] INFO mcp.server.lowlevel.server: Processing request of type CallToolRequest
2026-06-06 19:53:45,709 [MainThread] INFO mulder.server.app: Mulder MCP server ready (db_dir=/home/mulder/.mulder/cases)
2026-06-06 19:53:45,727 [MainThread] INFO mcp.server.lowlevel.server: Processing request of type ListToolsRequest
2026-06-06 19:53:45,729 [MainThread] INFO mcp.server.lowlevel.server: Processing request of type ListPromptsRequest
2026-06-06 19:53:45,730 [MainThread] INFO mcp.server.lowlevel.server: Processing request of type ListResourcesRequest
2026-06-06 19:53:54,153 [MainThread] INFO mcp.server.lowlevel.server: Processing request of type CallToolRequest
2026-06-06 19:53:58,626 [MainThread] INFO mcp.server.lowlevel.server: Processing request of type CallToolRequest
2026-06-06 19:54:02,521 [MainThread] INFO mcp.server.lowlevel.server: Processing request of type CallToolRequest
2026-06-06 19:54:02,525 [AnyIO worker thread] INFO mulder.server.app: Opening case database for 'ndlc' ...
2026-06-06 19:54:02,539 [AnyIO worker thread] INFO mulder.server.app: Server context ready for case 'ndlc'
2026-06-06 19:54:06,563 [MainThread] INFO mcp.server.lowlevel.server: Processing request of type CallToolRequest
2026-06-06 19:54:06,999 [MainThread] INFO mcp.server.lowlevel.server: Processing request of type CallToolRequest
2026-06-06 19:54:09,413 [MainThread] INFO mcp.server.lowlevel.server: Processing request of type CallToolRequest
2026-06-06 19:54:30,988 [MainThread] INFO mcp.server.lowlevel.server: Processing request of type CallToolRequest
2026-06-06 19:54:33,674 [MainThread] INFO mcp.server.lowlevel.server: Processing request of type CallToolRequest
2026-06-06 19:54:36,285 [MainThread] INFO mcp.server.lowlevel.server: Processing request of type CallToolRequest
2026-06-06 19:54:36,576 [MainThread] INFO mcp.server.lowlevel.server: Processing request of type CallToolRequest
2026-06-06 19:54:44,653 [MainThread] INFO mcp.server.lowlevel.server: Processing request of type CallToolRequest
2026-06-06 19:54:47,415 [MainThread] INFO mcp.server.lowlevel.server: Processing request of type CallToolRequest
2026-06-06 19:54:47,708 [MainThread] INFO mcp.server.lowlevel.server: Processing request of type CallToolRequest
2026-06-06 19:54:47,988 [MainThread] INFO mcp.server.lowlevel.server: Processing request of type CallToolRequest
2026-06-06 19:54:48,259 [MainThread] INFO mcp.server.lowlevel.server: Processing request of type CallToolRequest
2026-06-06 19:54:58,342 [MainThread] INFO mcp.server.lowlevel.server: Processing request of type CallToolRequest
2026-06-06 19:54:58,755 [MainThread] INFO mcp.server.lowlevel.server: Processing request of type CallToolRequest
2026-06-06 19:54:59,744 [MainThread] INFO mcp.server.lowlevel.server: Processing request of type CallToolRequest
2026-06-06 19:55:00,137 [MainThread] INFO mcp.server.lowlevel.server: Processing request of type CallToolRequest
2026-06-06 19:55:07,561 [MainThread] INFO mcp.server.lowlevel.server: Processing request of type CallToolRequest
2026-06-06 19:55:08,510 [MainThread] INFO mcp.server.lowlevel.server: Processing request of type CallToolRequest
2026-06-06 19:55:08,835 [MainThread] INFO mcp.server.lowlevel.server: Processing request of type CallToolRequest
2026-06-06 19:55:16,365 [MainThread] INFO mcp.server.lowlevel.server: Processing request of type CallToolRequest
2026-06-06 19:55:16,821 [MainThread] INFO mcp.server.lowlevel.server: Processing request of type CallToolRequest
2026-06-06 19:55:17,707 [MainThread] INFO mcp.server.lowlevel.server: Processing request of type CallToolRequest
2026-06-06 19:55:18,201 [MainThread] INFO mcp.server.lowlevel.server: Processing request of type CallToolRequest
2026-06-06 19:55:18,407 [AnyIO worker thread] INFO mulder.server.tools.attack: Loaded 97 ICS ATT&CK techniques from /opt/attack/ics-attack.json
2026-06-06 19:55:18,408 [AnyIO worker thread] INFO mulder.server.tools.attack: Loaded 794 total ATT&CK techniques
2026-06-06 19:55:24,805 [MainThread] INFO mcp.server.lowlevel.server: Processing request of type CallToolRequest
2026-06-06 19:55:25,804 [MainThread] INFO mcp.server.lowlevel.server: Processing request of type CallToolRequest
2026-06-06 19:55:27,823 [MainThread] INFO mcp.server.lowlevel.server: Processing request of type CallToolRequest
2026-06-06 19:55:27,940 [MainThread] INFO mcp.server.lowlevel.server: Processing request of type CallToolRequest
2026-06-06 19:55:38,124 [MainThread] INFO mcp.server.lowlevel.server: Processing request of type CallToolRequest
2026-06-06 19:55:38,337 [MainThread] INFO mcp.server.lowlevel.server: Processing request of type CallToolRequest
2026-06-06 19:55:38,437 [MainThread] INFO mcp.server.lowlevel.server: Processing request of type CallToolRequest
2026-06-06 19:56:28,568 [MainThread] INFO mcp.server.lowlevel.server: Processing request of type CallToolRequest
2026-06-06 19:56:51,628 [MainThread] INFO mcp.server.lowlevel.server: Processing request of type CallToolRequest
2026-06-06 19:57:13,891 [MainThread] INFO mcp.server.lowlevel.server: Processing request of type CallToolRequest
2026-06-06 19:57:37,804 [MainThread] INFO mcp.server.lowlevel.server: Processing request of type CallToolRequest
2026-06-06 19:58:14,774 [MainThread] INFO mcp.server.lowlevel.server: Processing request of type CallToolRequest
2026-06-06 19:58:37,451 [MainThread] INFO mcp.server.lowlevel.server: Processing request of type CallToolRequest
2026-06-06 19:58:45,809 [MainThread] INFO mcp.server.lowlevel.server: Processing request of type CallToolRequest
2026-06-06 19:58:58,586 [MainThread] INFO mcp.server.lowlevel.server: Processing request of type CallToolRequest
2026-06-06 19:59:04,920 [MainThread] INFO mcp.server.lowlevel.server: Processing request of type CallToolRequest
2026-06-06 19:59:09,415 [MainThread] INFO mcp.server.lowlevel.server: Processing request of type CallToolRequest
2026-06-06 19:59:14,862 [MainThread] INFO mcp.server.lowlevel.server: Processing request of type CallToolRequest
2026-06-06 19:59:54,024 [MainThread] INFO mcp.server.lowlevel.server: Processing request of type CallToolRequest
2026-06-06 19:59:54,532 [MainThread] INFO mcp.server.lowlevel.server: Processing request of type CallToolRequest
2026-06-06 19:59:54,868 [MainThread] INFO mcp.server.lowlevel.server: Processing request of type CallToolRequest
2026-06-06 20:00:18,581 [MainThread] INFO mcp.server.lowlevel.server: Processing request of type CallToolRequest
2026-06-06 20:00:25,409 [MainThread] INFO mcp.server.lowlevel.server: Processing request of type CallToolRequest
2026-06-06 20:01:07,132 [MainThread] INFO mulder.server.app: Mulder MCP server ready (db_dir=/home/mulder/.mulder/cases)
2026-06-06 20:01:07,150 [MainThread] INFO mcp.server.lowlevel.server: Processing request of type ListToolsRequest
2026-06-06 20:01:07,153 [MainThread] INFO mcp.server.lowlevel.server: Processing request of type ListPromptsRequest
2026-06-06 20:01:07,154 [MainThread] INFO mcp.server.lowlevel.server: Processing request of type ListResourcesRequest
2026-06-06 20:01:14,256 [MainThread] INFO mcp.server.lowlevel.server: Processing request of type CallToolRequest
2026-06-06 20:01:18,222 [MainThread] INFO mcp.server.lowlevel.server: Processing request of type CallToolRequest
2026-06-06 20:01:18,227 [AnyIO worker thread] INFO mulder.server.app: Opening case database for 'ndlc' ...
2026-06-06 20:01:18,239 [AnyIO worker thread] INFO mulder.server.app: Server context ready for case 'ndlc'
2026-06-06 20:01:22,676 [MainThread] INFO mcp.server.lowlevel.server: Processing request of type CallToolRequest
2026-06-06 20:01:23,137 [MainThread] INFO mcp.server.lowlevel.server: Processing request of type CallToolRequest
2026-06-06 20:01:23,277 [MainThread] INFO mcp.server.lowlevel.server: Processing request of type CallToolRequest
2026-06-06 20:01:23,654 [MainThread] INFO mcp.server.lowlevel.server: Processing request of type CallToolRequest
2026-06-06 20:01:29,706 [MainThread] INFO mcp.server.lowlevel.server: Processing request of type CallToolRequest
2026-06-06 20:01:29,828 [MainThread] INFO mcp.server.lowlevel.server: Processing request of type CallToolRequest
2026-06-06 20:02:32,782 [MainThread] INFO mcp.server.lowlevel.server: Processing request of type CallToolRequest
2026-06-06 20:02:33,684 [MainThread] INFO mcp.server.lowlevel.server: Processing request of type CallToolRequest
2026-06-06 20:02:33,689 [AnyIO worker thread] WARNING mulder.db: FTS5 COUNT failed for query 'diary_#', returning 0
Traceback (most recent call last):
  File "/usr/local/lib/python3.12/dist-packages/sqlalchemy/engine/base.py", line 1969, in _exec_single_context
    self.dialect.do_execute(
  File "/usr/local/lib/python3.12/dist-packages/sqlalchemy/engine/default.py", line 952, in do_execute
    cursor.execute(statement, parameters)
sqlite3.OperationalError: fts5: syntax error near "#"

The above exception was the direct cause of the following exception:

Traceback (most recent call last):
  File "/app/src/mulder/db.py", line 699, in count_search_windows
    result = conn.execute(stmt, {"q": safe_query}).scalar()
             ^^^^^^^^^^^^^^^^^^^^^^^^^^^^^^^^^^^^^
  File "/usr/local/lib/python3.12/dist-packages/sqlalchemy/engine/base.py", line 1421, in execute
    return meth(
           ^^^^^
  File "/usr/local/lib/python3.12/dist-packages/sqlalchemy/sql/elements.py", line 526, in _execute_on_connection
    return connection._execute_clauseelement(
           ^^^^^^^^^^^^^^^^^^^^^^^^^^^^^^^^^^
  File "/usr/local/lib/python3.12/dist-packages/sqlalchemy/engine/base.py", line 1643, in _execute_clauseelement
    ret = self._execute_context(
          ^^^^^^^^^^^^^^^^^^^^^^
  File "/usr/local/lib/python3.12/dist-packages/sqlalchemy/engine/base.py", line 1848, in _execute_context
    return self._exec_single_context(
           ^^^^^^^^^^^^^^^^^^^^^^^^^^
  File "/usr/local/lib/python3.12/dist-packages/sqlalchemy/engine/base.py", line 1988, in _exec_single_context
    self._handle_dbapi_exception(
  File "/usr/local/lib/python3.12/dist-packages/sqlalchemy/engine/base.py", line 2365, in _handle_dbapi_exception
    raise sqlalchemy_exception.with_traceback(exc_info[2]) from e
  File "/usr/local/lib/python3.12/dist-packages/sqlalchemy/engine/base.py", line 1969, in _exec_single_context
    self.dialect.do_execute(
  File "/usr/local/lib/python3.12/dist-packages/sqlalchemy/engine/default.py", line 952, in do_execute
    cursor.execute(statement, parameters)
sqlalchemy.exc.OperationalError: (sqlite3.OperationalError) fts5: syntax error near "#"
[SQL: SELECT count(*) AS count_1 
FROM windows JOIN sources ON windows.source_id = sources.source_id 
WHERE windows.window_id IN (SELECT rowid 
FROM windows_fts 
WHERE windows_fts MATCH ?) AND (sources.source_name = ? OR sources.source_name LIKE ?)]
[parameters: ('diary_#', 'tsk.filelist', 'tsk.filelist.%')]
(Background on this error at: https://sqlalche.me/e/20/e3q8)
2026-06-06 20:02:34,079 [AnyIO worker thread] WARNING mulder.db: FTS5 MATCH failed for query 'diary_#', returning empty
Traceback (most recent call last):
  File "/usr/local/lib/python3.12/dist-packages/sqlalchemy/engine/base.py", line 1969, in _exec_single_context
    self.dialect.do_execute(
  File "/usr/local/lib/python3.12/dist-packages/sqlalchemy/engine/default.py", line 952, in do_execute
    cursor.execute(statement, parameters)
sqlite3.OperationalError: fts5: syntax error near "#"

The above exception was the direct cause of the following exception:

Traceback (most recent call last):
  File "/app/src/mulder/db.py", line 615, in search_windows
    rows = conn.execute(stmt, {"q": safe_query}).fetchall()
           ^^^^^^^^^^^^^^^^^^^^^^^^^^^^^^^^^^^^^
  File "/usr/local/lib/python3.12/dist-packages/sqlalchemy/engine/base.py", line 1421, in execute
    return meth(
           ^^^^^
  File "/usr/local/lib/python3.12/dist-packages/sqlalchemy/sql/elements.py", line 526, in _execute_on_connection
    return connection._execute_clauseelement(
           ^^^^^^^^^^^^^^^^^^^^^^^^^^^^^^^^^^
  File "/usr/local/lib/python3.12/dist-packages/sqlalchemy/engine/base.py", line 1643, in _execute_clauseelement
    ret = self._execute_context(
          ^^^^^^^^^^^^^^^^^^^^^^
  File "/usr/local/lib/python3.12/dist-packages/sqlalchemy/engine/base.py", line 1848, in _execute_context
    return self._exec_single_context(
           ^^^^^^^^^^^^^^^^^^^^^^^^^^
  File "/usr/local/lib/python3.12/dist-packages/sqlalchemy/engine/base.py", line 1988, in _exec_single_context
    self._handle_dbapi_exception(
  File "/usr/local/lib/python3.12/dist-packages/sqlalchemy/engine/base.py", line 2365, in _handle_dbapi_exception
    raise sqlalchemy_exception.with_traceback(exc_info[2]) from e
  File "/usr/local/lib/python3.12/dist-packages/sqlalchemy/engine/base.py", line 1969, in _exec_single_context
    self.dialect.do_execute(
  File "/usr/local/lib/python3.12/dist-packages/sqlalchemy/engine/default.py", line 952, in do_execute
    cursor.execute(statement, parameters)
sqlalchemy.exc.OperationalError: (sqlite3.OperationalError) fts5: syntax error near "#"
[SQL: SELECT windows.window_id, windows.source_id, windows.line_start, windows.line_end, windows.event_time, windows.raw_text, sources.source_name 
FROM windows JOIN sources ON windows.source_id = sources.source_id 
WHERE windows.window_id IN (SELECT rowid 
FROM windows_fts 
WHERE windows_fts MATCH ?) AND (sources.source_name = ? OR sources.source_name LIKE ?) ORDER BY windows.event_time ASC NULLS LAST
 LIMIT ? OFFSET ?]
[parameters: ('diary_#', 'tsk.filelist', 'tsk.filelist.%', 20, 0)]
(Background on this error at: https://sqlalche.me/e/20/e3q8)
2026-06-06 20:02:34,438 [MainThread] INFO mcp.server.lowlevel.server: Processing request of type CallToolRequest
2026-06-06 20:02:40,743 [MainThread] INFO mcp.server.lowlevel.server: Processing request of type CallToolRequest
2026-06-06 20:02:41,625 [MainThread] INFO mcp.server.lowlevel.server: Processing request of type CallToolRequest
2026-06-06 20:02:41,770 [MainThread] INFO mcp.server.lowlevel.server: Processing request of type CallToolRequest
2026-06-06 20:02:48,161 [MainThread] INFO mcp.server.lowlevel.server: Processing request of type CallToolRequest
2026-06-06 20:02:49,053 [MainThread] INFO mcp.server.lowlevel.server: Processing request of type CallToolRequest
2026-06-06 20:02:49,486 [MainThread] INFO mcp.server.lowlevel.server: Processing request of type CallToolRequest
2026-06-06 20:03:26,773 [MainThread] INFO mcp.server.lowlevel.server: Processing request of type CallToolRequest
2026-06-06 20:03:27,237 [MainThread] INFO mcp.server.lowlevel.server: Processing request of type CallToolRequest
2026-06-06 20:03:27,301 [MainThread] INFO mcp.server.lowlevel.server: Processing request of type CallToolRequest
2026-06-06 20:05:49,185 [MainThread] INFO mulder.server.app: Mulder MCP server ready (db_dir=/home/mulder/.mulder/cases)
2026-06-06 20:05:49,207 [MainThread] INFO mcp.server.lowlevel.server: Processing request of type ListToolsRequest
2026-06-06 20:05:49,210 [MainThread] INFO mcp.server.lowlevel.server: Processing request of type ListPromptsRequest
2026-06-06 20:05:49,210 [MainThread] INFO mcp.server.lowlevel.server: Processing request of type ListResourcesRequest
2026-06-06 20:05:58,126 [MainThread] INFO mcp.server.lowlevel.server: Processing request of type CallToolRequest
2026-06-06 20:05:58,128 [AnyIO worker thread] INFO mulder.server.app: Opening case database for 'ndlc' ...
2026-06-06 20:05:58,165 [AnyIO worker thread] INFO mulder.server.app: Server context ready for case 'ndlc'
2026-06-06 20:06:08,676 [MainThread] INFO mcp.server.lowlevel.server: Processing request of type CallToolRequest
2026-06-06 20:06:08,679 [MainThread] INFO mulder.server.app: Resource throttle: extract_file_by_inode waiting (cpu=100%>=90.0%, waited 0s)
2026-06-06 20:06:13,721 [MainThread] INFO mcp.server.lowlevel.server: Processing request of type CallToolRequest
2026-06-06 20:06:13,782 [MainThread] INFO mcp.server.lowlevel.server: Processing request of type CallToolRequest
2026-06-06 20:06:13,855 [MainThread] INFO mcp.server.lowlevel.server: Processing request of type CallToolRequest
2026-06-06 20:06:13,917 [MainThread] INFO mcp.server.lowlevel.server: Processing request of type CallToolRequest
2026-06-06 20:06:14,009 [MainThread] INFO mcp.server.lowlevel.server: Processing request of type CallToolRequest
2026-06-06 20:06:14,020 [MainThread] INFO mcp.server.lowlevel.server: Processing request of type CallToolRequest
2026-06-06 20:07:00,261 [MainThread] INFO mulder.server.app: Mulder MCP server ready (db_dir=/home/mulder/.mulder/cases)
2026-06-06 20:07:00,278 [MainThread] INFO mcp.server.lowlevel.server: Processing request of type ListToolsRequest
2026-06-06 20:07:00,280 [MainThread] INFO mcp.server.lowlevel.server: Processing request of type ListPromptsRequest
2026-06-06 20:07:00,281 [MainThread] INFO mcp.server.lowlevel.server: Processing request of type ListResourcesRequest
2026-06-06 20:07:05,622 [MainThread] INFO mcp.server.lowlevel.server: Processing request of type CallToolRequest
2026-06-06 20:07:09,564 [MainThread] INFO mcp.server.lowlevel.server: Processing request of type CallToolRequest
2026-06-06 20:07:14,030 [MainThread] INFO mcp.server.lowlevel.server: Processing request of type CallToolRequest
2026-06-06 20:07:14,033 [AnyIO worker thread] INFO mulder.server.app: Opening case database for 'ndlc' ...
2026-06-06 20:07:14,050 [AnyIO worker thread] INFO mulder.server.app: Server context ready for case 'ndlc'
2026-06-06 20:07:18,097 [MainThread] INFO mcp.server.lowlevel.server: Processing request of type CallToolRequest
2026-06-06 20:07:18,519 [MainThread] INFO mcp.server.lowlevel.server: Processing request of type CallToolRequest
2026-06-06 20:07:18,541 [MainThread] INFO mcp.server.lowlevel.server: Processing request of type CallToolRequest
2026-06-06 20:07:28,956 [MainThread] INFO mcp.server.lowlevel.server: Processing request of type CallToolRequest
2026-06-06 20:07:29,871 [MainThread] INFO mcp.server.lowlevel.server: Processing request of type CallToolRequest
2026-06-06 20:07:30,229 [MainThread] INFO mcp.server.lowlevel.server: Processing request of type CallToolRequest
2026-06-06 20:07:30,489 [MainThread] INFO mcp.server.lowlevel.server: Processing request of type CallToolRequest
2026-06-06 20:07:30,756 [MainThread] INFO mcp.server.lowlevel.server: Processing request of type CallToolRequest
2026-06-06 20:07:40,163 [MainThread] INFO mcp.server.lowlevel.server: Processing request of type CallToolRequest
2026-06-06 20:07:41,065 [MainThread] INFO mcp.server.lowlevel.server: Processing request of type CallToolRequest
2026-06-06 20:07:41,521 [MainThread] INFO mcp.server.lowlevel.server: Processing request of type CallToolRequest
2026-06-06 20:07:41,948 [MainThread] INFO mcp.server.lowlevel.server: Processing request of type CallToolRequest
2026-06-06 20:07:42,452 [MainThread] INFO mcp.server.lowlevel.server: Processing request of type CallToolRequest
2026-06-06 20:08:02,861 [MainThread] INFO mcp.server.lowlevel.server: Processing request of type CallToolRequest
2026-06-06 20:08:03,821 [MainThread] INFO mcp.server.lowlevel.server: Processing request of type CallToolRequest
2026-06-06 20:08:04,258 [MainThread] INFO mcp.server.lowlevel.server: Processing request of type CallToolRequest
2026-06-06 20:08:07,042 [MainThread] INFO mcp.server.lowlevel.server: Processing request of type CallToolRequest
2026-06-06 20:08:09,969 [MainThread] INFO mcp.server.lowlevel.server: Processing request of type CallToolRequest
2026-06-06 20:08:35,288 [MainThread] INFO mcp.server.lowlevel.server: Processing request of type CallToolRequest
2026-06-06 20:08:36,184 [MainThread] INFO mcp.server.lowlevel.server: Processing request of type CallToolRequest
2026-06-06 20:08:36,215 [MainThread] INFO mcp.server.lowlevel.server: Processing request of type CallToolRequest
2026-06-06 20:09:16,075 [MainThread] INFO mcp.server.lowlevel.server: Processing request of type CallToolRequest
2026-06-06 20:11:21,912 [MainThread] INFO mcp.server.lowlevel.server: Processing request of type CallToolRequest
2026-06-06 20:11:35,992 [MainThread] INFO mcp.server.lowlevel.server: Processing request of type CallToolRequest
2026-06-06 20:11:50,929 [MainThread] INFO mcp.server.lowlevel.server: Processing request of type CallToolRequest
2026-06-06 20:11:56,398 [MainThread] INFO mcp.server.lowlevel.server: Processing request of type CallToolRequest
2026-06-06 20:12:47,703 [MainThread] INFO mcp.server.lowlevel.server: Processing request of type CallToolRequest
2026-06-06 20:13:06,043 [MainThread] INFO mcp.server.lowlevel.server: Processing request of type CallToolRequest
2026-06-06 20:13:09,934 [MainThread] INFO mcp.server.lowlevel.server: Processing request of type CallToolRequest
2026-06-06 20:13:14,518 [MainThread] INFO mcp.server.lowlevel.server: Processing request of type CallToolRequest
2026-06-06 20:13:14,720 [MainThread] INFO mcp.server.lowlevel.server: Processing request of type CallToolRequest
2026-06-06 20:13:19,160 [MainThread] INFO mcp.server.lowlevel.server: Processing request of type CallToolRequest
2026-06-06 20:13:44,732 [MainThread] INFO mcp.server.lowlevel.server: Processing request of type CallToolRequest
2026-06-06 20:13:49,334 [MainThread] INFO mcp.server.lowlevel.server: Processing request of type CallToolRequest
2026-06-06 20:13:54,534 [MainThread] INFO mcp.server.lowlevel.server: Processing request of type CallToolRequest
2026-06-06 20:13:59,424 [MainThread] INFO mcp.server.lowlevel.server: Processing request of type CallToolRequest
2026-06-06 20:15:33,168 [MainThread] INFO mcp.server.lowlevel.server: Processing request of type CallToolRequest
2026-06-06 20:15:37,712 [MainThread] INFO mcp.server.lowlevel.server: Processing request of type CallToolRequest
2026-06-06 20:15:41,901 [MainThread] INFO mcp.server.lowlevel.server: Processing request of type CallToolRequest
2026-06-06 20:16:01,249 [MainThread] INFO mcp.server.lowlevel.server: Processing request of type CallToolRequest
2026-06-06 20:16:20,434 [MainThread] INFO mulder.server.app: Mulder MCP server ready (db_dir=/home/mulder/.mulder/cases)
2026-06-06 20:16:20,451 [MainThread] INFO mcp.server.lowlevel.server: Processing request of type ListToolsRequest
2026-06-06 20:16:20,453 [MainThread] INFO mcp.server.lowlevel.server: Processing request of type ListPromptsRequest
2026-06-06 20:16:20,454 [MainThread] INFO mcp.server.lowlevel.server: Processing request of type ListResourcesRequest
2026-06-06 20:16:26,849 [MainThread] INFO mcp.server.lowlevel.server: Processing request of type CallToolRequest
2026-06-06 20:16:30,566 [MainThread] INFO mcp.server.lowlevel.server: Processing request of type CallToolRequest
2026-06-06 20:16:30,570 [AnyIO worker thread] INFO mulder.server.app: Opening case database for 'ndlc' ...
2026-06-06 20:16:30,581 [AnyIO worker thread] INFO mulder.server.app: Server context ready for case 'ndlc'
2026-06-06 20:16:34,745 [MainThread] INFO mcp.server.lowlevel.server: Processing request of type CallToolRequest
2026-06-06 20:16:37,158 [MainThread] INFO mcp.server.lowlevel.server: Processing request of type CallToolRequest
2026-06-06 20:16:37,189 [MainThread] INFO mcp.server.lowlevel.server: Processing request of type CallToolRequest
2026-06-06 20:16:37,475 [MainThread] INFO mcp.server.lowlevel.server: Processing request of type CallToolRequest
2026-06-06 20:16:48,540 [MainThread] INFO mcp.server.lowlevel.server: Processing request of type CallToolRequest
2026-06-06 20:16:48,552 [MainThread] INFO mcp.server.lowlevel.server: Processing request of type CallToolRequest
2026-06-06 20:17:06,438 [MainThread] INFO mcp.server.lowlevel.server: Processing request of type CallToolRequest
2026-06-06 20:17:07,401 [MainThread] INFO mcp.server.lowlevel.server: Processing request of type CallToolRequest
2026-06-06 20:17:08,190 [MainThread] INFO mcp.server.lowlevel.server: Processing request of type CallToolRequest
2026-06-06 20:17:08,231 [MainThread] INFO mcp.server.lowlevel.server: Processing request of type CallToolRequest
2026-06-06 20:17:14,631 [MainThread] INFO mcp.server.lowlevel.server: Processing request of type CallToolRequest
2026-06-06 20:17:15,556 [MainThread] INFO mcp.server.lowlevel.server: Processing request of type CallToolRequest
2026-06-06 20:17:16,490 [MainThread] INFO mcp.server.lowlevel.server: Processing request of type CallToolRequest
2026-06-06 20:17:22,091 [MainThread] INFO mcp.server.lowlevel.server: Processing request of type CallToolRequest
2026-06-06 20:17:23,022 [MainThread] INFO mcp.server.lowlevel.server: Processing request of type CallToolRequest
2026-06-06 20:17:24,490 [MainThread] INFO mcp.server.lowlevel.server: Processing request of type CallToolRequest
2026-06-06 20:18:05,247 [MainThread] INFO mcp.server.lowlevel.server: Processing request of type CallToolRequest
2026-06-06 20:18:05,276 [MainThread] INFO mcp.server.lowlevel.server: Processing request of type CallToolRequest
2026-06-06 20:19:44,041 [MainThread] INFO mulder.server.app: Mulder MCP server ready (db_dir=/home/mulder/.mulder/cases)
2026-06-06 20:19:44,059 [MainThread] INFO mcp.server.lowlevel.server: Processing request of type ListToolsRequest
2026-06-06 20:19:44,061 [MainThread] INFO mcp.server.lowlevel.server: Processing request of type ListPromptsRequest
2026-06-06 20:19:44,062 [MainThread] INFO mcp.server.lowlevel.server: Processing request of type ListResourcesRequest
2026-06-06 20:19:53,306 [MainThread] INFO mcp.server.lowlevel.server: Processing request of type CallToolRequest
2026-06-06 20:19:53,309 [AnyIO worker thread] INFO mulder.server.app: Opening case database for 'ndlc' ...
2026-06-06 20:19:53,344 [AnyIO worker thread] INFO mulder.server.app: Server context ready for case 'ndlc'
2026-06-06 20:20:21,881 [MainThread] INFO mcp.server.lowlevel.server: Processing request of type CallToolRequest
2026-06-06 20:20:26,361 [MainThread] INFO mcp.server.lowlevel.server: Processing request of type CallToolRequest
2026-06-06 20:21:02,770 [MainThread] INFO mcp.server.lowlevel.server: Processing request of type CallToolRequest
2026-06-06 20:21:02,774 [MainThread] INFO mulder.server.app: Resource throttle: extract_file_by_inode waiting (cpu=100%>=90.0%, waited 0s)
2026-06-06 20:21:49,392 [MainThread] INFO mulder.server.app: Mulder MCP server ready (db_dir=/home/mulder/.mulder/cases)
2026-06-06 20:21:49,409 [MainThread] INFO mcp.server.lowlevel.server: Processing request of type ListToolsRequest
2026-06-06 20:21:49,411 [MainThread] INFO mcp.server.lowlevel.server: Processing request of type ListPromptsRequest
2026-06-06 20:21:49,412 [MainThread] INFO mcp.server.lowlevel.server: Processing request of type ListResourcesRequest
2026-06-06 20:21:54,803 [MainThread] INFO mcp.server.lowlevel.server: Processing request of type CallToolRequest
2026-06-06 20:21:58,655 [MainThread] INFO mcp.server.lowlevel.server: Processing request of type CallToolRequest
2026-06-06 20:22:02,636 [MainThread] INFO mcp.server.lowlevel.server: Processing request of type CallToolRequest
2026-06-06 20:22:02,637 [AnyIO worker thread] INFO mulder.server.app: Opening case database for 'ndlc' ...
2026-06-06 20:22:02,646 [AnyIO worker thread] INFO mulder.server.app: Server context ready for case 'ndlc'
2026-06-06 20:22:06,801 [MainThread] INFO mcp.server.lowlevel.server: Processing request of type CallToolRequest
2026-06-06 20:22:07,275 [MainThread] INFO mcp.server.lowlevel.server: Processing request of type CallToolRequest
2026-06-06 20:22:07,293 [MainThread] INFO mcp.server.lowlevel.server: Processing request of type CallToolRequest
2026-06-06 20:22:13,534 [MainThread] INFO mcp.server.lowlevel.server: Processing request of type CallToolRequest
2026-06-06 20:22:14,347 [MainThread] INFO mcp.server.lowlevel.server: Processing request of type CallToolRequest
2026-06-06 20:22:17,071 [MainThread] INFO mcp.server.lowlevel.server: Processing request of type CallToolRequest
2026-06-06 20:22:27,418 [MainThread] INFO mcp.server.lowlevel.server: Processing request of type CallToolRequest
2026-06-06 20:22:27,882 [MainThread] INFO mcp.server.lowlevel.server: Processing request of type CallToolRequest
2026-06-06 20:22:28,291 [MainThread] INFO mcp.server.lowlevel.server: Processing request of type CallToolRequest
2026-06-06 20:22:28,559 [MainThread] INFO mcp.server.lowlevel.server: Processing request of type CallToolRequest
2026-06-06 20:22:38,778 [MainThread] INFO mcp.server.lowlevel.server: Processing request of type CallToolRequest
2026-06-06 20:22:39,741 [MainThread] INFO mcp.server.lowlevel.server: Processing request of type CallToolRequest
2026-06-06 20:22:41,374 [MainThread] INFO mcp.server.lowlevel.server: Processing request of type CallToolRequest
2026-06-06 20:22:41,427 [MainThread] INFO mcp.server.lowlevel.server: Processing request of type CallToolRequest
2026-06-06 20:22:41,702 [MainThread] INFO mcp.server.lowlevel.server: Processing request of type CallToolRequest
2026-06-06 20:22:53,392 [MainThread] INFO mcp.server.lowlevel.server: Processing request of type CallToolRequest
2026-06-06 20:22:54,294 [MainThread] INFO mcp.server.lowlevel.server: Processing request of type CallToolRequest
2026-06-06 20:22:56,730 [MainThread] INFO mcp.server.lowlevel.server: Processing request of type CallToolRequest
2026-06-06 20:22:56,837 [MainThread] INFO mcp.server.lowlevel.server: Processing request of type CallToolRequest
2026-06-06 20:23:11,825 [MainThread] INFO mcp.server.lowlevel.server: Processing request of type CallToolRequest
2026-06-06 20:23:12,211 [MainThread] INFO mcp.server.lowlevel.server: Processing request of type CallToolRequest
2026-06-06 20:23:12,730 [MainThread] INFO mcp.server.lowlevel.server: Processing request of type CallToolRequest
2026-06-06 20:23:13,241 [MainThread] INFO mcp.server.lowlevel.server: Processing request of type CallToolRequest
2026-06-06 20:23:21,434 [MainThread] INFO mcp.server.lowlevel.server: Processing request of type CallToolRequest
2026-06-06 20:23:21,793 [MainThread] INFO mcp.server.lowlevel.server: Processing request of type CallToolRequest
2026-06-06 20:23:22,739 [MainThread] INFO mcp.server.lowlevel.server: Processing request of type CallToolRequest
2026-06-06 20:23:23,342 [MainThread] INFO mcp.server.lowlevel.server: Processing request of type CallToolRequest
2026-06-06 20:23:35,805 [MainThread] INFO mcp.server.lowlevel.server: Processing request of type CallToolRequest
2026-06-06 20:23:36,184 [MainThread] INFO mcp.server.lowlevel.server: Processing request of type CallToolRequest
2026-06-06 20:23:37,089 [MainThread] INFO mcp.server.lowlevel.server: Processing request of type CallToolRequest
2026-06-06 20:24:16,708 [MainThread] INFO mcp.server.lowlevel.server: Processing request of type CallToolRequest
2026-06-06 20:24:16,785 [MainThread] INFO mcp.server.lowlevel.server: Processing request of type CallToolRequest
2026-06-06 20:24:56,700 [MainThread] INFO mcp.server.lowlevel.server: Processing request of type CallToolRequest
2026-06-06 20:24:56,889 [AnyIO worker thread] INFO mulder.server.tools.attack: Loaded 97 ICS ATT&CK techniques from /opt/attack/ics-attack.json
2026-06-06 20:24:56,890 [AnyIO worker thread] INFO mulder.server.tools.attack: Loaded 794 total ATT&CK techniques
2026-06-06 20:24:56,918 [MainThread] INFO mcp.server.lowlevel.server: Processing request of type CallToolRequest
2026-06-06 20:25:02,348 [MainThread] INFO mcp.server.lowlevel.server: Processing request of type CallToolRequest
2026-06-06 20:25:02,758 [MainThread] INFO mcp.server.lowlevel.server: Processing request of type CallToolRequest
2026-06-06 20:25:31,639 [MainThread] INFO mcp.server.lowlevel.server: Processing request of type CallToolRequest
2026-06-06 20:26:04,565 [MainThread] INFO mcp.server.lowlevel.server: Processing request of type CallToolRequest
2026-06-06 20:26:32,036 [MainThread] INFO mcp.server.lowlevel.server: Processing request of type CallToolRequest
2026-06-06 20:26:56,441 [MainThread] INFO mcp.server.lowlevel.server: Processing request of type CallToolRequest
2026-06-06 20:27:50,117 [MainThread] INFO mcp.server.lowlevel.server: Processing request of type CallToolRequest
2026-06-06 20:27:50,235 [MainThread] INFO mcp.server.lowlevel.server: Processing request of type CallToolRequest
2026-06-06 20:28:24,903 [MainThread] INFO mcp.server.lowlevel.server: Processing request of type CallToolRequest
2026-06-06 20:29:47,748 [MainThread] INFO mcp.server.lowlevel.server: Processing request of type CallToolRequest
2026-06-06 20:29:52,707 [MainThread] INFO mcp.server.lowlevel.server: Processing request of type CallToolRequest
2026-06-06 20:30:13,530 [MainThread] INFO mulder.server.app: Mulder MCP server ready (db_dir=/home/mulder/.mulder/cases)
2026-06-06 20:30:13,551 [MainThread] INFO mcp.server.lowlevel.server: Processing request of type ListToolsRequest
2026-06-06 20:30:13,554 [MainThread] INFO mcp.server.lowlevel.server: Processing request of type ListPromptsRequest
2026-06-06 20:30:13,555 [MainThread] INFO mcp.server.lowlevel.server: Processing request of type ListResourcesRequest
2026-06-06 20:30:20,315 [MainThread] INFO mcp.server.lowlevel.server: Processing request of type CallToolRequest
2026-06-06 20:30:24,299 [MainThread] INFO mcp.server.lowlevel.server: Processing request of type CallToolRequest
2026-06-06 20:30:24,303 [AnyIO worker thread] INFO mulder.server.app: Opening case database for 'ndlc' ...
2026-06-06 20:30:24,311 [AnyIO worker thread] INFO mulder.server.app: Server context ready for case 'ndlc'
2026-06-06 20:30:28,403 [MainThread] INFO mcp.server.lowlevel.server: Processing request of type CallToolRequest
2026-06-06 20:30:31,071 [MainThread] INFO mcp.server.lowlevel.server: Processing request of type CallToolRequest
2026-06-06 20:30:31,107 [MainThread] INFO mcp.server.lowlevel.server: Processing request of type CallToolRequest
2026-06-06 20:30:44,015 [MainThread] INFO mcp.server.lowlevel.server: Processing request of type CallToolRequest
2026-06-06 20:30:46,669 [MainThread] INFO mcp.server.lowlevel.server: Processing request of type CallToolRequest
2026-06-06 20:33:27,905 [MainThread] INFO mulder.server.app: Mulder MCP server ready (db_dir=/home/mulder/.mulder/cases)
2026-06-06 20:33:27,924 [MainThread] INFO mcp.server.lowlevel.server: Processing request of type ListToolsRequest
2026-06-06 20:33:27,926 [MainThread] INFO mcp.server.lowlevel.server: Processing request of type ListPromptsRequest
2026-06-06 20:33:27,927 [MainThread] INFO mcp.server.lowlevel.server: Processing request of type ListResourcesRequest
2026-06-06 20:33:34,711 [MainThread] INFO mcp.server.lowlevel.server: Processing request of type CallToolRequest
2026-06-06 20:33:34,714 [AnyIO worker thread] INFO mulder.server.app: Opening case database for 'ndlc' ...
2026-06-06 20:33:34,759 [AnyIO worker thread] INFO mulder.server.app: Server context ready for case 'ndlc'
2026-06-06 20:33:46,885 [MainThread] INFO mcp.server.lowlevel.server: Processing request of type CallToolRequest
2026-06-06 20:34:02,011 [MainThread] INFO mcp.server.lowlevel.server: Processing request of type CallToolRequest
2026-06-06 20:34:09,071 [MainThread] INFO mcp.server.lowlevel.server: Processing request of type CallToolRequest
2026-06-06 20:34:09,774 [MainThread] INFO mcp.server.lowlevel.server: Processing request of type CallToolRequest
2026-06-06 20:34:10,310 [MainThread] INFO mcp.server.lowlevel.server: Processing request of type CallToolRequest
2026-06-06 20:34:10,424 [MainThread] INFO mcp.server.lowlevel.server: Processing request of type CallToolRequest
2026-06-06 20:34:11,232 [MainThread] INFO mcp.server.lowlevel.server: Processing request of type CallToolRequest
2026-06-06 20:34:11,328 [MainThread] INFO mcp.server.lowlevel.server: Processing request of type CallToolRequest
2026-06-06 20:35:23,936 [MainThread] INFO mulder.server.app: Mulder MCP server ready (db_dir=/home/mulder/.mulder/cases)
2026-06-06 20:35:23,954 [MainThread] INFO mcp.server.lowlevel.server: Processing request of type ListToolsRequest
2026-06-06 20:35:23,956 [MainThread] INFO mcp.server.lowlevel.server: Processing request of type ListPromptsRequest
2026-06-06 20:35:23,957 [MainThread] INFO mcp.server.lowlevel.server: Processing request of type ListResourcesRequest
2026-06-06 20:35:29,733 [MainThread] INFO mcp.server.lowlevel.server: Processing request of type CallToolRequest
2026-06-06 20:35:29,737 [AnyIO worker thread] INFO mulder.server.app: Opening case database for 'ndlc' ...
2026-06-06 20:35:29,779 [AnyIO worker thread] INFO mulder.server.app: Server context ready for case 'ndlc'
2026-06-06 20:35:33,747 [MainThread] INFO mcp.server.lowlevel.server: Processing request of type CallToolRequest
2026-06-06 20:36:19,785 [MainThread] INFO mcp.server.lowlevel.server: Processing request of type CallToolRequest
2026-06-06 20:36:19,835 [MainThread] INFO mcp.server.lowlevel.server: Processing request of type CallToolRequest
2026-06-06 20:36:19,878 [MainThread] INFO mcp.server.lowlevel.server: Processing request of type CallToolRequest
2026-06-06 20:36:28,780 [MainThread] INFO mcp.server.lowlevel.server: Processing request of type CallToolRequest
2026-06-06 20:36:29,677 [MainThread] INFO mcp.server.lowlevel.server: Processing request of type CallToolRequest
2026-06-06 20:36:29,955 [MainThread] INFO mcp.server.lowlevel.server: Processing request of type CallToolRequest
2026-06-06 20:36:36,231 [MainThread] INFO mcp.server.lowlevel.server: Processing request of type CallToolRequest
2026-06-06 20:36:37,092 [MainThread] INFO mcp.server.lowlevel.server: Processing request of type CallToolRequest
2026-06-06 20:36:37,307 [MainThread] INFO mcp.server.lowlevel.server: Processing request of type CallToolRequest
2026-06-06 20:36:45,932 [MainThread] INFO mcp.server.lowlevel.server: Processing request of type CallToolRequest
2026-06-06 20:36:47,757 [MainThread] INFO mcp.server.lowlevel.server: Processing request of type CallToolRequest
2026-06-06 20:36:47,835 [MainThread] INFO mcp.server.lowlevel.server: Processing request of type CallToolRequest
2026-06-06 20:36:56,272 [MainThread] INFO mcp.server.lowlevel.server: Processing request of type CallToolRequest
2026-06-06 20:37:03,460 [MainThread] INFO mcp.server.lowlevel.server: Processing request of type CallToolRequest
2026-06-06 20:37:03,553 [MainThread] INFO mcp.server.lowlevel.server: Processing request of type CallToolRequest
2026-06-06 20:37:03,562 [MainThread] INFO mcp.server.lowlevel.server: Processing request of type CallToolRequest
2026-06-06 20:38:00,964 [MainThread] INFO mcp.server.lowlevel.server: Processing request of type CallToolRequest
2026-06-06 20:38:32,536 [MainThread] INFO mcp.server.lowlevel.server: Processing request of type CallToolRequest
2026-06-06 20:38:49,226 [MainThread] INFO mcp.server.lowlevel.server: Processing request of type CallToolRequest
2026-06-06 20:39:13,021 [MainThread] INFO mcp.server.lowlevel.server: Processing request of type CallToolRequest
2026-06-06 20:39:35,673 [MainThread] INFO mcp.server.lowlevel.server: Processing request of type CallToolRequest
2026-06-06 20:40:08,746 [MainThread] INFO mcp.server.lowlevel.server: Processing request of type CallToolRequest
2026-06-06 20:40:46,959 [MainThread] INFO mulder.server.app: Mulder MCP server ready (db_dir=/home/mulder/.mulder/cases)
2026-06-06 20:40:46,977 [MainThread] INFO mcp.server.lowlevel.server: Processing request of type ListToolsRequest
2026-06-06 20:40:46,980 [MainThread] INFO mcp.server.lowlevel.server: Processing request of type ListPromptsRequest
2026-06-06 20:40:46,981 [MainThread] INFO mcp.server.lowlevel.server: Processing request of type ListResourcesRequest
2026-06-06 20:40:54,712 [MainThread] INFO mcp.server.lowlevel.server: Processing request of type CallToolRequest
2026-06-06 20:40:58,831 [MainThread] INFO mcp.server.lowlevel.server: Processing request of type CallToolRequest
2026-06-06 20:40:58,836 [AnyIO worker thread] INFO mulder.server.app: Opening case database for 'ndlc' ...
2026-06-06 20:40:58,853 [AnyIO worker thread] INFO mulder.server.app: Server context ready for case 'ndlc'
2026-06-06 20:41:03,906 [MainThread] INFO mcp.server.lowlevel.server: Processing request of type CallToolRequest
2026-06-06 20:41:06,576 [MainThread] INFO mcp.server.lowlevel.server: Processing request of type CallToolRequest
2026-06-06 20:41:06,613 [MainThread] INFO mcp.server.lowlevel.server: Processing request of type CallToolRequest
2026-06-06 20:41:09,740 [MainThread] INFO mcp.server.lowlevel.server: Processing request of type CallToolRequest
2026-06-06 20:41:09,774 [MainThread] INFO mcp.server.lowlevel.server: Processing request of type CallToolRequest
2026-06-06 20:44:44,607 [MainThread] INFO mcp.server.lowlevel.server: Processing request of type CallToolRequest
2026-06-06 20:44:51,085 [MainThread] INFO mcp.server.lowlevel.server: Processing request of type CallToolRequest
2026-06-06 20:44:55,238 [MainThread] INFO mcp.server.lowlevel.server: Processing request of type CallToolRequest
